{
  "features": [
    {
      "geometry": {
        "coordinates": [
          [
            [
              [
                -0.6260725558112941,
                44.826124238067436
              ],
              [
                -0.6281387107770356,
                44.82575008129179
              ],
              [
                -0.6281253712791205,
                44.82511451099786
              ],
              [
                -0.6291674346558896,
                44.821540581940866
              ],
              [
                -0.6292778312206037,
                44.82054034957518
              ],
              [
                -0.6289245244474747,
                44.81916571713704
              ],
              [
                -0.6298537625717192,
                44.81782610882584
              ],
              [
                -0.6334583636570147,
                44.81767306934664
              ],
              [
                -0.6337127848070356,
                44.81726625767963
              ],
              [
                -0.6342225488965357,
                44.81702121671666
              ],
              [
                -0.6350857470646014,
                44.82087000588665
              ],
              [
                -0.6381580927055454,
                44.8272846084092
              ],
              [
                -0.6396464405772111,
                44.829594420319246
              ],
              [
                -0.6371980979759011,
                44.829435066631774
              ],
              [
                -0.6345751495601379,
                44.83008163320235
              ],
              [
                -0.6334871101116019,
                44.830551756846106
              ],
              [
                -0.6301919795104449,
                44.82969528607373
              ],
              [
                -0.628361290411613,
                44.829061204277
              ],
              [
                -0.627608491585117,
                44.82895512616493
              ],
              [
                -0.626269520099858,
                44.82906924228922
              ],
              [
                -0.6260725558112941,
                44.826124238067436
              ]
            ]
          ]
        ],
        "type": "MultiPolygon"
      },
      "properties": {
        "max_sensors_observed": 2,
        "n_clean_observations": 17303,
        "n_hourly_rows": 17389,
        "n_mapped_directional_sensors": 2,
        "n_missing_observations": 86,
        "period_end": "2026-05-14T22:00:00+00:00",
        "period_start": "2024-05-15T23:00:00+00:00",
        "zone_commune": "MERIGNAC",
        "zone_id": "170005000"
      },
      "type": "Feature"
    },
    {
      "geometry": {
        "coordinates": [
          [
            [
              [
                -0.5810562111414294,
                44.83648478257401
              ],
              [
                -0.5847957062741855,
                44.8355229720362
              ],
              [
                -0.5886281036992798,
                44.83442571260003
              ],
              [
                -0.5889609378607901,
                44.83531387418677
              ],
              [
                -0.5869983297144145,
                44.83627503579578
              ],
              [
                -0.581157101636697,
                44.83679995609921
              ],
              [
                -0.5810562111414294,
                44.83648478257401
              ]
            ]
          ]
        ],
        "type": "MultiPolygon"
      },
      "properties": {
        "max_sensors_observed": 2,
        "n_clean_observations": 9543,
        "n_hourly_rows": 17390,
        "n_mapped_directional_sensors": 2,
        "n_missing_observations": 7847,
        "period_end": "2026-05-14T22:00:00+00:00",
        "period_start": "2024-05-15T23:00:00+00:00",
        "zone_commune": "BORDEAUX",
        "zone_id": "162017000"
      },
      "type": "Feature"
    },
    {
      "geometry": {
        "coordinates": [
          [
            [
              [
                -0.5659351637522455,
                44.81676913322919
              ],
              [
                -0.5646637278208044,
                44.813453748742894
              ],
              [
                -0.5645716185980055,
                44.813328468706054
              ],
              [
                -0.5645548760701555,
                44.81309526642758
              ],
              [
                -0.5649200067092155,
                44.81293968467025
              ],
              [
                -0.5650707346525113,
                44.81268173361106
              ],
              [
                -0.5655957054572929,
                44.8126261231299
              ],
              [
                -0.5679373563152988,
                44.81244995245812
              ],
              [
                -0.5704388194856193,
                44.81144831762088
              ],
              [
                -0.5738514109395707,
                44.810917502084976
              ],
              [
                -0.5738601986754772,
                44.81141594380532
              ],
              [
                -0.5736357162488279,
                44.81236368341893
              ],
              [
                -0.5726097408029212,
                44.81476612035305
              ],
              [
                -0.572249450689531,
                44.81658562903348
              ],
              [
                -0.5676151725135277,
                44.81632659164531
              ],
              [
                -0.56762459005158,
                44.81655438061532
              ],
              [
                -0.5659351637522455,
                44.81676913322919
              ]
            ]
          ]
        ],
        "type": "MultiPolygon"
      },
      "properties": {
        "max_sensors_observed": 1,
        "n_clean_observations": 17219,
        "n_hourly_rows": 17396,
        "n_mapped_directional_sensors": 1,
        "n_missing_observations": 177,
        "period_end": "2026-05-14T22:00:00+00:00",
        "period_start": "2024-05-15T23:00:00+00:00",
        "zone_commune": "BORDEAUX",
        "zone_id": "162005000"
      },
      "type": "Feature"
    },
    {
      "geometry": {
        "coordinates": [
          [
            [
              [
                -0.5776826811016036,
                44.845541392737076
              ],
              [
                -0.5768007482759061,
                44.845172294285256
              ],
              [
                -0.5751847341946396,
                44.845335748897526
              ],
              [
                -0.5747397507803697,
                44.84480133592515
              ],
              [
                -0.5739569244055639,
                44.8446080663341
              ],
              [
                -0.5736616439237009,
                44.842912073011334
              ],
              [
                -0.5739461838336054,
                44.84290313847358
              ],
              [
                -0.5738061896044824,
                44.84227173665106
              ],
              [
                -0.5800714901699274,
                44.84170632648707
              ],
              [
                -0.578176442726821,
                44.84490659160784
              ],
              [
                -0.577612461118229,
                44.845002240217845
              ],
              [
                -0.577795985561167,
                44.84535778583129
              ],
              [
                -0.5776826811016036,
                44.845541392737076
              ]
            ]
          ]
        ],
        "type": "MultiPolygon"
      },
      "properties": {
        "max_sensors_observed": 2,
        "n_clean_observations": 16734,
        "n_hourly_rows": 17380,
        "n_mapped_directional_sensors": 2,
        "n_missing_observations": 646,
        "period_end": "2026-05-14T22:00:00+00:00",
        "period_start": "2024-05-15T23:00:00+00:00",
        "zone_commune": "BORDEAUX",
        "zone_id": "161008000"
      },
      "type": "Feature"
    },
    {
      "geometry": {
        "coordinates": [
          [
            [
              [
                -0.6912994278104121,
                44.83369861077092
              ],
              [
                -0.6914192362437389,
                44.8340371436725
              ],
              [
                -0.6917934841969255,
                44.83416166403658
              ],
              [
                -0.6922432774271595,
                44.83406824464025
              ],
              [
                -0.692371323292868,
                44.83385761111602
              ],
              [
                -0.6939552683014002,
                44.83390484885594
              ],
              [
                -0.6949791144677274,
                44.83365990388401
              ],
              [
                -0.6918296373766262,
                44.84746385080369
              ],
              [
                -0.6876727237749576,
                44.84779409462368
              ],
              [
                -0.6830791274369572,
                44.84849658870383
              ],
              [
                -0.6806525923672045,
                44.84831932702335
              ],
              [
                -0.6779530228527153,
                44.84749312048665
              ],
              [
                -0.6766097012888374,
                44.84561246825721
              ],
              [
                -0.6726654359596678,
                44.8433799286402
              ],
              [
                -0.6753481119480462,
                44.83957945253968
              ],
              [
                -0.6761160027993499,
                44.83784067759387
              ],
              [
                -0.6765893321429852,
                44.836073756793084
              ],
              [
                -0.676698641000395,
                44.83325531066037
              ],
              [
                -0.6754348147445106,
                44.82755226192389
              ],
              [
                -0.6783622175460396,
                44.8269594849134
              ],
              [
                -0.6849334018453868,
                44.82453577426616
              ],
              [
                -0.6880082584173607,
                44.830493114119335
              ],
              [
                -0.6859121117837967,
                44.83101434941456
              ],
              [
                -0.6858393467469566,
                44.83223980964435
              ],
              [
                -0.6843736055627944,
                44.83229394437961
              ],
              [
                -0.6844343607951552,
                44.832757002808954
              ],
              [
                -0.6882332610653839,
                44.83270285068123
              ],
              [
                -0.6881836683509307,
                44.83331650585696
              ],
              [
                -0.6912994278104121,
                44.83369861077092
              ]
            ]
          ]
        ],
        "type": "MultiPolygon"
      },
      "properties": {
        "max_sensors_observed": 2,
        "n_clean_observations": 9167,
        "n_hourly_rows": 9167,
        "n_mapped_directional_sensors": 2,
        "n_missing_observations": 0,
        "period_end": "2026-05-13T09:00:00+00:00",
        "period_start": "2025-03-17T23:00:00+00:00",
        "zone_commune": "MERIGNAC",
        "zone_id": "179002000"
      },
      "type": "Feature"
    },
    {
      "geometry": {
        "coordinates": [
          [
            [
              [
                -0.5759255236012434,
                44.81845894836726
              ],
              [
                -0.5753042000717031,
                44.818664583559965
              ],
              [
                -0.57227247847744,
                44.8189786257638
              ],
              [
                -0.5722071948895235,
                44.81675738897162
              ],
              [
                -0.5726097408029212,
                44.81476612035305
              ],
              [
                -0.573515699863612,
                44.812726246398256
              ],
              [
                -0.5738822370186828,
                44.812735179815355
              ],
              [
                -0.5740203868682129,
                44.812956942865206
              ],
              [
                -0.5744478598304327,
                44.81460145336233
              ],
              [
                -0.5756665330191569,
                44.816638623082355
              ],
              [
                -0.58280524911522,
                44.82118302302741
              ],
              [
                -0.5825222794317081,
                44.82176800403031
              ],
              [
                -0.5801511559527353,
                44.82309107770533
              ],
              [
                -0.5780756663411505,
                44.82138167896516
              ],
              [
                -0.5777679782070763,
                44.82058864212461
              ],
              [
                -0.5763931607134002,
                44.81844650064609
              ],
              [
                -0.5759255236012434,
                44.81845894836726
              ]
            ]
          ]
        ],
        "type": "MultiPolygon"
      },
      "properties": {
        "max_sensors_observed": 1,
        "n_clean_observations": 12547,
        "n_hourly_rows": 12547,
        "n_mapped_directional_sensors": 1,
        "n_missing_observations": 0,
        "period_end": "2026-05-14T21:00:00+00:00",
        "period_start": "2024-05-15T22:00:00+00:00",
        "zone_commune": "BORDEAUX",
        "zone_id": "162006000"
      },
      "type": "Feature"
    },
    {
      "geometry": {
        "coordinates": [
          [
            [
              [
                -0.5778484060604158,
                44.8509906942601
              ],
              [
                -0.5787743605751877,
                44.85078691995928
              ],
              [
                -0.5751340911679484,
                44.84964972831853
              ],
              [
                -0.57675436697719,
                44.84702350780958
              ],
              [
                -0.5777859043775865,
                44.84716692626621
              ],
              [
                -0.5800221679688001,
                44.847864462578045
              ],
              [
                -0.5800596579425372,
                44.84823540782317
              ],
              [
                -0.5804899264916721,
                44.848227008793245
              ],
              [
                -0.5813920347242048,
                44.84761202108222
              ],
              [
                -0.5835551581660238,
                44.84904820421486
              ],
              [
                -0.586232624569511,
                44.85016664426978
              ],
              [
                -0.585820243913689,
                44.850275482092954
              ],
              [
                -0.5847565955320957,
                44.85097864697357
              ],
              [
                -0.5834844911247147,
                44.85058081664119
              ],
              [
                -0.5800734454413249,
                44.8531188911363
              ],
              [
                -0.5781834773362199,
                44.85157568637845
              ],
              [
                -0.5778484060604158,
                44.8509906942601
              ]
            ]
          ]
        ],
        "type": "MultiPolygon"
      },
      "properties": {
        "max_sensors_observed": 2,
        "n_clean_observations": 16821,
        "n_hourly_rows": 17381,
        "n_mapped_directional_sensors": 2,
        "n_missing_observations": 560,
        "period_end": "2026-05-14T22:00:00+00:00",
        "period_start": "2024-05-15T23:00:00+00:00",
        "zone_commune": "BORDEAUX",
        "zone_id": "163012000"
      },
      "type": "Feature"
    },
    {
      "geometry": {
        "coordinates": [
          [
            [
              [
                -0.7132056773335338,
                44.799782428922704
              ],
              [
                -0.7215978023744443,
                44.80204265835725
              ],
              [
                -0.7232801662372438,
                44.80205912320998
              ],
              [
                -0.7235560889794814,
                44.80177225620692
              ],
              [
                -0.7241854629811114,
                44.801736693393146
              ],
              [
                -0.7295893536716964,
                44.80161356890517
              ],
              [
                -0.7284886867340498,
                44.80389395355996
              ],
              [
                -0.7267078839627356,
                44.8092455752622
              ],
              [
                -0.7260257616929158,
                44.81362100734843
              ],
              [
                -0.7209015804172031,
                44.81289902618712
              ],
              [
                -0.7116531077116887,
                44.814433040511126
              ],
              [
                -0.7084452978278512,
                44.81567330876459
              ],
              [
                -0.7047165793336577,
                44.81664072581992
              ],
              [
                -0.7011396624296233,
                44.81783730492582
              ],
              [
                -0.6995931304687578,
                44.81858110171811
              ],
              [
                -0.6999181588569848,
                44.81905610152818
              ],
              [
                -0.6990268680271071,
                44.81938597683092
              ],
              [
                -0.6989604544890138,
                44.81964686671074
              ],
              [
                -0.6983945288425226,
                44.819879403192985
              ],
              [
                -0.6963793829499673,
                44.82047019373946
              ],
              [
                -0.6962132672105784,
                44.820043173013964
              ],
              [
                -0.6888342409869593,
                44.82320734039323
              ],
              [
                -0.6788224286535226,
                44.82681172887045
              ],
              [
                -0.6754348147445106,
                44.82755226192389
              ],
              [
                -0.6722738854047703,
                44.81301267171827
              ],
              [
                -0.676496255264158,
                44.812987177769934
              ],
              [
                -0.6793161862364916,
                44.81275663813233
              ],
              [
                -0.6803637556547365,
                44.81249383997792
              ],
              [
                -0.6830729371003137,
                44.81136646487111
              ],
              [
                -0.6864828946253887,
                44.81034639701138
              ],
              [
                -0.7013771950114019,
                44.80243949037698
              ],
              [
                -0.7044830553818561,
                44.80023833255568
              ],
              [
                -0.7063845645689929,
                44.80127526774274
              ],
              [
                -0.7132056773335338,
                44.799782428922704
              ]
            ]
          ]
        ],
        "type": "MultiPolygon"
      },
      "properties": {
        "max_sensors_observed": 2,
        "n_clean_observations": 15357,
        "n_hourly_rows": 15645,
        "n_mapped_directional_sensors": 2,
        "n_missing_observations": 288,
        "period_end": "2026-05-14T21:00:00+00:00",
        "period_start": "2024-06-06T22:00:00+00:00",
        "zone_commune": "MERIGNAC",
        "zone_id": "179003000"
      },
      "type": "Feature"
    },
    {
      "geometry": {
        "coordinates": [
          [
            [
              [
                -0.6472692654925422,
                44.797626840609055
              ],
              [
                -0.6473931362705045,
                44.79830688195381
              ],
              [
                -0.64402403692886,
                44.799741653589535
              ],
              [
                -0.643956765679903,
                44.7996402117249
              ],
              [
                -0.6412049477034355,
                44.80065991409699
              ],
              [
                -0.6404984568653809,
                44.800696674549805
              ],
              [
                -0.6389822769308291,
                44.800017315921956
              ],
              [
                -0.6379558987689968,
                44.8001978909557
              ],
              [
                -0.6378115129018136,
                44.79935544648702
              ],
              [
                -0.6380263078985153,
                44.798899595129356
              ],
              [
                -0.6420504179987988,
                44.79306141322466
              ],
              [
                -0.6419961290503251,
                44.792828841904544
              ],
              [
                -0.641279845606905,
                44.792791153761094
              ],
              [
                -0.639076239042537,
                44.793201493958684
              ],
              [
                -0.6394205153768793,
                44.79136419297012
              ],
              [
                -0.6387697999136311,
                44.7914991549385
              ],
              [
                -0.6375525174811691,
                44.79140657846495
              ],
              [
                -0.6364983298447788,
                44.790840965304206
              ],
              [
                -0.6392318935703366,
                44.789957164366065
              ],
              [
                -0.638215937235669,
                44.787733780389566
              ],
              [
                -0.6415480355088,
                44.7881217675694
              ],
              [
                -0.6440291976892472,
                44.78889195678016
              ],
              [
                -0.6463526312051061,
                44.790057489818395
              ],
              [
                -0.6477682998108396,
                44.791238409730624
              ],
              [
                -0.6484678909086322,
                44.79201213578398
              ],
              [
                -0.6472722679094345,
                44.79281846508353
              ],
              [
                -0.6461809923390022,
                44.79322479143202
              ],
              [
                -0.6448003157727132,
                44.794360790799814
              ],
              [
                -0.6433708625452972,
                44.79599307920051
              ],
              [
                -0.643028419615518,
                44.79621800095464
              ],
              [
                -0.6426459991964796,
                44.79615665204763
              ],
              [
                -0.6424921614132391,
                44.79634102817357
              ],
              [
                -0.6428045105258476,
                44.79651281387573
              ],
              [
                -0.6428607190973122,
                44.79708602346486
              ],
              [
                -0.6434096320841799,
                44.798134140021986
              ],
              [
                -0.6467239808491324,
                44.7974952371143
              ],
              [
                -0.6472420651306469,
                44.79748087469056
              ],
              [
                -0.6472692654925422,
                44.797626840609055
              ]
            ]
          ]
        ],
        "type": "MultiPolygon"
      },
      "properties": {
        "max_sensors_observed": 2,
        "n_clean_observations": 11289,
        "n_hourly_rows": 11289,
        "n_mapped_directional_sensors": 2,
        "n_missing_observations": 0,
        "period_end": "2026-05-14T20:00:00+00:00",
        "period_start": "2024-06-06T22:00:00+00:00",
        "zone_commune": "PESSAC",
        "zone_id": "169008000"
      },
      "type": "Feature"
    },
    {
      "geometry": {
        "coordinates": [
          [
            [
              [
                -0.590682626218586,
                44.838229643772635
              ],
              [
                -0.5891948098667448,
                44.83592013364411
              ],
              [
                -0.5877433016964827,
                44.83211600132585
              ],
              [
                -0.5949129324567085,
                44.82896458812448
              ],
              [
                -0.5985401995911249,
                44.83131637941071
              ],
              [
                -0.5989596322186446,
                44.83661480186104
              ],
              [
                -0.5952822379245033,
                44.83694678483525
              ],
              [
                -0.5920841479494423,
                44.83794093407477
              ],
              [
                -0.590682626218586,
                44.838229643772635
              ]
            ]
          ]
        ],
        "type": "MultiPolygon"
      },
      "properties": {
        "max_sensors_observed": 6,
        "n_clean_observations": 15638,
        "n_hourly_rows": 17432,
        "n_mapped_directional_sensors": 6,
        "n_missing_observations": 1794,
        "period_end": "2026-05-14T22:00:00+00:00",
        "period_start": "2024-05-15T22:00:00+00:00",
        "zone_commune": "BORDEAUX",
        "zone_id": "162015000"
      },
      "type": "Feature"
    },
    {
      "geometry": {
        "coordinates": [
          [
            [
              [
                -0.6672041544837566,
                44.78101711268116
              ],
              [
                -0.6633124103095209,
                44.78219406136455
              ],
              [
                -0.6634874865220924,
                44.78452983976275
              ],
              [
                -0.6639033470186383,
                44.785201902046516
              ],
              [
                -0.6631623430505307,
                44.78623951348492
              ],
              [
                -0.6618383197009077,
                44.78677988646026
              ],
              [
                -0.6609748774250276,
                44.78764927111297
              ],
              [
                -0.6590476171281124,
                44.79012298772008
              ],
              [
                -0.6584172988054301,
                44.79157950182269
              ],
              [
                -0.6573408859323722,
                44.79091029110082
              ],
              [
                -0.6543926021233925,
                44.78652279845681
              ],
              [
                -0.6505851686133146,
                44.79046967012751
              ],
              [
                -0.6484678909086322,
                44.79201213578398
              ],
              [
                -0.6468272815768513,
                44.79040954390929
              ],
              [
                -0.6455132535358488,
                44.78954704773056
              ],
              [
                -0.6423432543326377,
                44.78834258816716
              ],
              [
                -0.640018288815796,
                44.78787374096441
              ],
              [
                -0.6369148525251649,
                44.787733244794666
              ],
              [
                -0.6204806698231632,
                44.789219539065385
              ],
              [
                -0.6229384436059872,
                44.787785495999046
              ],
              [
                -0.6286793294104378,
                44.784966841371855
              ],
              [
                -0.645020122266309,
                44.77831621276973
              ],
              [
                -0.6454350478088796,
                44.778295341272326
              ],
              [
                -0.6459065442937899,
                44.77857912303028
              ],
              [
                -0.6511102565131408,
                44.77759297406588
              ],
              [
                -0.6543839887706753,
                44.776874977867294
              ],
              [
                -0.662871576522931,
                44.77818974502835
              ],
              [
                -0.6645995420528371,
                44.777460277376306
              ],
              [
                -0.6662019874074367,
                44.77675991149766
              ],
              [
                -0.6678383684094442,
                44.7777643500094
              ],
              [
                -0.6691060861559164,
                44.77762482976096
              ],
              [
                -0.6697449411329379,
                44.777970882253044
              ],
              [
                -0.6703712216745403,
                44.77787035749234
              ],
              [
                -0.6772862185853943,
                44.77626027548664
              ],
              [
                -0.6822451565040327,
                44.778885058719474
              ],
              [
                -0.6816567035888987,
                44.779310228356785
              ],
              [
                -0.6786825856381222,
                44.77754603691631
              ],
              [
                -0.6744908044665161,
                44.77898569424619
              ],
              [
                -0.6721285868833793,
                44.779513803451216
              ],
              [
                -0.6672041544837566,
                44.78101711268116
              ]
            ]
          ]
        ],
        "type": "MultiPolygon"
      },
      "properties": {
        "max_sensors_observed": 2,
        "n_clean_observations": 14281,
        "n_hourly_rows": 15293,
        "n_mapped_directional_sensors": 2,
        "n_missing_observations": 1012,
        "period_end": "2026-03-30T01:00:00+00:00",
        "period_start": "2024-05-15T22:00:00+00:00",
        "zone_commune": "PESSAC",
        "zone_id": "178002000"
      },
      "type": "Feature"
    },
    {
      "geometry": {
        "coordinates": [
          [
            [
              [
                -0.5987877046866779,
                44.84539512155216
              ],
              [
                -0.5996380503452043,
                44.843284726329905
              ],
              [
                -0.5989596322186446,
                44.83661480186104
              ],
              [
                -0.6008037742123167,
                44.83659285953663
              ],
              [
                -0.6025949262719709,
                44.836257997798135
              ],
              [
                -0.6043976395416146,
                44.836381440015934
              ],
              [
                -0.6057527298572982,
                44.83663299172288
              ],
              [
                -0.607595919874171,
                44.83726703985172
              ],
              [
                -0.609073533619946,
                44.83796616249436
              ],
              [
                -0.6111928099333686,
                44.838323403330456
              ],
              [
                -0.6119256301834095,
                44.83925853657953
              ],
              [
                -0.6069106692974773,
                44.83965243204066
              ],
              [
                -0.6080943952370513,
                44.84001685779628
              ],
              [
                -0.608361396191045,
                44.84028935979821
              ],
              [
                -0.6071259936080938,
                44.8430045084429
              ],
              [
                -0.6060889329410228,
                44.84447220185358
              ],
              [
                -0.6049562257408861,
                44.844331432665776
              ],
              [
                -0.6035035075445906,
                44.84461300043819
              ],
              [
                -0.6016680955667885,
                44.844616685707955
              ],
              [
                -0.6005434136719502,
                44.84511466058672
              ],
              [
                -0.5987877046866779,
                44.84539512155216
              ]
            ]
          ]
        ],
        "type": "MultiPolygon"
      },
      "properties": {
        "max_sensors_observed": 2,
        "n_clean_observations": 2897,
        "n_hourly_rows": 17393,
        "n_mapped_directional_sensors": 2,
        "n_missing_observations": 14496,
        "period_end": "2026-05-14T22:00:00+00:00",
        "period_start": "2024-05-15T23:00:00+00:00",
        "zone_commune": "BORDEAUX",
        "zone_id": "172007000"
      },
      "type": "Feature"
    },
    {
      "geometry": {
        "coordinates": [
          [
            [
              [
                -0.6590859921641226,
                44.79319961352313
              ],
              [
                -0.6596030718557498,
                44.794355976833714
              ],
              [
                -0.6631179096010943,
                44.79246974138169
              ],
              [
                -0.6652123804718693,
                44.797587406726805
              ],
              [
                -0.6631015794089328,
                44.799247951011445
              ],
              [
                -0.6631951484117424,
                44.79959546022289
              ],
              [
                -0.6653438707359393,
                44.79956406387709
              ],
              [
                -0.6672683855836526,
                44.79988074177273
              ],
              [
                -0.6686749539692965,
                44.799689076708816
              ],
              [
                -0.6684377002751628,
                44.80115431933626
              ],
              [
                -0.6674035364673875,
                44.80379331412594
              ],
              [
                -0.6647979793841459,
                44.802819515811876
              ],
              [
                -0.6633746949910148,
                44.8024448499278
              ],
              [
                -0.6624804907507015,
                44.80426337872485
              ],
              [
                -0.655885233917584,
                44.800245164581185
              ],
              [
                -0.654383114259372,
                44.79910584905251
              ],
              [
                -0.6530220301549811,
                44.79775731179598
              ],
              [
                -0.6484678909086322,
                44.79201213578398
              ],
              [
                -0.6505851686133146,
                44.79046967012751
              ],
              [
                -0.6543926021233925,
                44.78652279845681
              ],
              [
                -0.6573408859323722,
                44.79091029110082
              ],
              [
                -0.6589239834490015,
                44.7920521829922
              ],
              [
                -0.6590859921641226,
                44.79319961352313
              ]
            ]
          ]
        ],
        "type": "MultiPolygon"
      },
      "properties": {
        "max_sensors_observed": 2,
        "n_clean_observations": 6297,
        "n_hourly_rows": 6297,
        "n_mapped_directional_sensors": 2,
        "n_missing_observations": 0,
        "period_end": "2026-05-02T01:00:00+00:00",
        "period_start": "2024-06-06T22:00:00+00:00",
        "zone_commune": "PESSAC",
        "zone_id": "178001000"
      },
      "type": "Feature"
    },
    {
      "geometry": {
        "coordinates": [
          [
            [
              [
                -0.6022174673841505,
                44.83219111461698
              ],
              [
                -0.6021545168524313,
                44.83243560867226
              ],
              [
                -0.6063887400248633,
                44.833086562921025
              ],
              [
                -0.6092763966137821,
                44.83316292427712
              ],
              [
                -0.6105477875708708,
                44.83355237607858
              ],
              [
                -0.6088889489319442,
                44.83661213078464
              ],
              [
                -0.6067576238767528,
                44.83697525988317
              ],
              [
                -0.605023469075709,
                44.8364809756315
              ],
              [
                -0.6032781034766237,
                44.836266455919166
              ],
              [
                -0.60221784819271,
                44.83628551851707
              ],
              [
                -0.6008037742123167,
                44.83659285953663
              ],
              [
                -0.5989596322186446,
                44.83661480186104
              ],
              [
                -0.5985401995911249,
                44.83131637941071
              ],
              [
                -0.6027688966353256,
                44.83040309057533
              ],
              [
                -0.6022174673841505,
                44.83219111461698
              ]
            ]
          ]
        ],
        "type": "MultiPolygon"
      },
      "properties": {
        "max_sensors_observed": 2,
        "n_clean_observations": 12502,
        "n_hourly_rows": 17386,
        "n_mapped_directional_sensors": 2,
        "n_missing_observations": 4884,
        "period_end": "2026-05-14T22:00:00+00:00",
        "period_start": "2024-05-15T23:00:00+00:00",
        "zone_commune": "BORDEAUX",
        "zone_id": "172001000"
      },
      "type": "Feature"
    },
    {
      "geometry": {
        "coordinates": [
          [
            [
              [
                -0.5678129417245465,
                44.84591094475861
              ],
              [
                -0.5673500527633545,
                44.84853499044644
              ],
              [
                -0.5662523032585188,
                44.85019975117876
              ],
              [
                -0.5650602353702184,
                44.85153857021071
              ],
              [
                -0.5629995088803722,
                44.85302689534783
              ],
              [
                -0.5606713786451827,
                44.85439499972489
              ],
              [
                -0.5526572859491296,
                44.85775762954812
              ],
              [
                -0.5488141039417777,
                44.85968043104616
              ],
              [
                -0.5472695735503059,
                44.86064458038587
              ],
              [
                -0.5447434075900431,
                44.86282066036594
              ],
              [
                -0.5441048117812136,
                44.86356387468472
              ],
              [
                -0.5428811626319066,
                44.86551991773739
              ],
              [
                -0.5411762281535105,
                44.868845878693456
              ],
              [
                -0.5367025911162663,
                44.868225192526815
              ],
              [
                -0.5366709746880852,
                44.86736187045248
              ],
              [
                -0.5373814936811994,
                44.86397671310413
              ],
              [
                -0.537356042847618,
                44.86323039128794
              ],
              [
                -0.5377161023192727,
                44.86259072520616
              ],
              [
                -0.5390030884733977,
                44.85759918760791
              ],
              [
                -0.5397903150826708,
                44.856197857735026
              ],
              [
                -0.5407979488613041,
                44.85491748786046
              ],
              [
                -0.5421465464869373,
                44.85390024883252
              ],
              [
                -0.5435216024060725,
                44.853204741883616
              ],
              [
                -0.5430696367599981,
                44.853009195730245
              ],
              [
                -0.5512598465337267,
                44.847906719083255
              ],
              [
                -0.5495365507506986,
                44.846658642561955
              ],
              [
                -0.5630701063622442,
                44.838310905658794
              ],
              [
                -0.5663103008556296,
                44.84072391870533
              ],
              [
                -0.5674725359549587,
                44.84308660511634
              ],
              [
                -0.5677564916626081,
                44.844126510423365
              ],
              [
                -0.5678129417245465,
                44.84591094475861
              ]
            ]
          ]
        ],
        "type": "MultiPolygon"
      },
      "properties": {
        "max_sensors_observed": 6,
        "n_clean_observations": 15619,
        "n_hourly_rows": 15619,
        "n_mapped_directional_sensors": 6,
        "n_missing_observations": 0,
        "period_end": "2026-05-14T21:00:00+00:00",
        "period_start": "2024-06-06T22:00:00+00:00",
        "zone_commune": "BORDEAUX",
        "zone_id": "166002000"
      },
      "type": "Feature"
    },
    {
      "geometry": {
        "coordinates": [
          [
            [
              [
                -0.5767716413811287,
                44.7728134408117
              ],
              [
                -0.5760795500806416,
                44.774325524034815
              ],
              [
                -0.5746297935250093,
                44.775840439234855
              ],
              [
                -0.5740149138283474,
                44.77713460397771
              ],
              [
                -0.5737712618271492,
                44.77805812109606
              ],
              [
                -0.5748646609824467,
                44.779413430819105
              ],
              [
                -0.5746612652264889,
                44.77969673649952
              ],
              [
                -0.5715463135479497,
                44.779085154488676
              ],
              [
                -0.56845423241527,
                44.78102512944616
              ],
              [
                -0.565971712041073,
                44.782126160173554
              ],
              [
                -0.5658661425432513,
                44.781300456153645
              ],
              [
                -0.5661053367768918,
                44.78032305192561
              ],
              [
                -0.5660993796037393,
                44.77777628862737
              ],
              [
                -0.5653143472661465,
                44.77529440725756
              ],
              [
                -0.5645414394384964,
                44.77380159120349
              ],
              [
                -0.5634590413919317,
                44.76704477339331
              ],
              [
                -0.5602343833393653,
                44.76359132190562
              ],
              [
                -0.5657383494880068,
                44.76398746470755
              ],
              [
                -0.5658860805016274,
                44.76342567815077
              ],
              [
                -0.5707468921405633,
                44.761901943125444
              ],
              [
                -0.5705932153608493,
                44.76744947699872
              ],
              [
                -0.5790668290663843,
                44.76909829609666
              ],
              [
                -0.5767716413811287,
                44.7728134408117
              ]
            ]
          ]
        ],
        "type": "MultiPolygon"
      },
      "properties": {
        "max_sensors_observed": 2,
        "n_clean_observations": 15025,
        "n_hourly_rows": 15025,
        "n_mapped_directional_sensors": 2,
        "n_missing_observations": 0,
        "period_end": "2026-05-14T21:00:00+00:00",
        "period_start": "2024-06-07T07:00:00+00:00",
        "zone_commune": "VILLENAVE-D'ORNON",
        "zone_id": "176007000"
      },
      "type": "Feature"
    },
    {
      "geometry": {
        "coordinates": [
          [
            [
              [
                -0.5469754998804016,
                44.84141514794063
              ],
              [
                -0.5434208896370608,
                44.84241558324058
              ],
              [
                -0.5429413878090251,
                44.84244618430009
              ],
              [
                -0.5418081870614272,
                44.84197232638095
              ],
              [
                -0.5477747790932115,
                44.83582260367934
              ],
              [
                -0.5342423211733113,
                44.82825538255872
              ],
              [
                -0.5333253194176666,
                44.82787274074313
              ],
              [
                -0.5365365612449877,
                44.82611570530135
              ],
              [
                -0.5345611999250126,
                44.82434920203373
              ],
              [
                -0.5374943139295688,
                44.822885781907594
              ],
              [
                -0.5441725671033828,
                44.8278564364206
              ],
              [
                -0.5573212840313403,
                44.83428301906238
              ],
              [
                -0.5630701063622442,
                44.838310905658794
              ],
              [
                -0.5548819978298012,
                44.84336821668529
              ],
              [
                -0.5515403615615541,
                44.84064719035083
              ],
              [
                -0.5482963058462963,
                44.84102861299382
              ],
              [
                -0.5469754998804016,
                44.84141514794063
              ]
            ]
          ],
          [
            [
              [
                -0.5417797775473049,
                44.841963301746546
              ],
              [
                -0.5416465049918157,
                44.842100045429824
              ],
              [
                -0.541645296556001,
                44.84210098382467
              ],
              [
                -0.5417797775473049,
                44.841963301746546
              ]
            ]
          ]
        ],
        "type": "MultiPolygon"
      },
      "properties": {
        "max_sensors_observed": 2,
        "n_clean_observations": 16735,
        "n_hourly_rows": 17381,
        "n_mapped_directional_sensors": 2,
        "n_missing_observations": 646,
        "period_end": "2026-05-14T22:00:00+00:00",
        "period_start": "2024-05-15T23:00:00+00:00",
        "zone_commune": "BORDEAUX",
        "zone_id": "166001000"
      },
      "type": "Feature"
    },
    {
      "geometry": {
        "coordinates": [
          [
            [
              [
                -0.5134782279339799,
                44.82135852606791
              ],
              [
                -0.5107989539154625,
                44.823892881850156
              ],
              [
                -0.5099370118357995,
                44.82483223294097
              ],
              [
                -0.5089968390411969,
                44.82626248068569
              ],
              [
                -0.5082493628661563,
                44.82686463898012
              ],
              [
                -0.503339100582799,
                44.82862227641798
              ],
              [
                -0.5016098719992825,
                44.829832275535864
              ],
              [
                -0.49518574931216525,
                44.83073185827977
              ],
              [
                -0.49149239112037174,
                44.829849448865346
              ],
              [
                -0.4861511113560818,
                44.828051793805756
              ],
              [
                -0.485697067405365,
                44.82707367571825
              ],
              [
                -0.4791214775195258,
                44.826554977025324
              ],
              [
                -0.4759983835019236,
                44.826360038793176
              ],
              [
                -0.47474894152690933,
                44.82538136816963
              ],
              [
                -0.49822616744987847,
                44.805380192575434
              ],
              [
                -0.5025891732217352,
                44.80460985897796
              ],
              [
                -0.5066928820743553,
                44.80407296940938
              ],
              [
                -0.5085141650415854,
                44.80334363899557
              ],
              [
                -0.5130131247645002,
                44.80368834913154
              ],
              [
                -0.5172005555661328,
                44.80349193555447
              ],
              [
                -0.5203102925897602,
                44.80249623264745
              ],
              [
                -0.5240053123056344,
                44.80613214050839
              ],
              [
                -0.5273126654341086,
                44.80509560734082
              ],
              [
                -0.5282238296728444,
                44.808538086142924
              ],
              [
                -0.5327693164254561,
                44.81603480647155
              ],
              [
                -0.5299727717621622,
                44.81674658164709
              ],
              [
                -0.5292938680924969,
                44.817105260397526
              ],
              [
                -0.5256425310592172,
                44.81811818006159
              ],
              [
                -0.5239230391319222,
                44.81935076171616
              ],
              [
                -0.5228959104942597,
                44.819305914428156
              ],
              [
                -0.521668900440529,
                44.81877983088717
              ],
              [
                -0.5198153942658945,
                44.81894501357359
              ],
              [
                -0.5173629629454619,
                44.820567503068006
              ],
              [
                -0.5156008983581861,
                44.82108127274648
              ],
              [
                -0.5134782279339799,
                44.82135852606791
              ]
            ]
          ]
        ],
        "type": "MultiPolygon"
      },
      "properties": {
        "max_sensors_observed": 2,
        "n_clean_observations": 396,
        "n_hourly_rows": 396,
        "n_mapped_directional_sensors": 2,
        "n_missing_observations": 0,
        "period_end": "2025-07-17T00:00:00+00:00",
        "period_start": "2024-05-15T22:00:00+00:00",
        "zone_commune": "BOULIAC",
        "zone_id": "175013000"
      },
      "type": "Feature"
    },
    {
      "geometry": {
        "coordinates": [
          [
            [
              [
                -0.6699220614206048,
                44.880520936831644
              ],
              [
                -0.6698782668998107,
                44.8815750815744
              ],
              [
                -0.6692758513114019,
                44.88261803732035
              ],
              [
                -0.6691222581256571,
                44.88373895798592
              ],
              [
                -0.6694619890236356,
                44.88536719863242
              ],
              [
                -0.6680449704307672,
                44.887971072391075
              ],
              [
                -0.6679462398548653,
                44.88873051395544
              ],
              [
                -0.6681921315220363,
                44.88956245624811
              ],
              [
                -0.6638248831881102,
                44.88978688424171
              ],
              [
                -0.662012769501541,
                44.88927798534932
              ],
              [
                -0.6599005857224566,
                44.88768651723134
              ],
              [
                -0.6577548296621328,
                44.88664767792725
              ],
              [
                -0.6554122822838273,
                44.88404711024226
              ],
              [
                -0.6550643486831927,
                44.883221213834524
              ],
              [
                -0.6538326140330329,
                44.88173227780017
              ],
              [
                -0.6512828593456792,
                44.880675118001925
              ],
              [
                -0.6487562261305385,
                44.88032107934996
              ],
              [
                -0.6443151073094876,
                44.87799291199145
              ],
              [
                -0.6367930195990387,
                44.87439654164135
              ],
              [
                -0.6543006682494353,
                44.86422072110645
              ],
              [
                -0.6581251740378073,
                44.86143491225725
              ],
              [
                -0.6606620328411985,
                44.85921791074184
              ],
              [
                -0.6621129583174845,
                44.85768106257422
              ],
              [
                -0.6664215269266289,
                44.85826612412968
              ],
              [
                -0.6658923674646732,
                44.86324072634358
              ],
              [
                -0.6646748674832967,
                44.86485739951066
              ],
              [
                -0.6636777631889109,
                44.867036302016935
              ],
              [
                -0.6632583337164569,
                44.86864907353012
              ],
              [
                -0.6618044531750197,
                44.87033655276216
              ],
              [
                -0.6613509082964978,
                44.87133035812798
              ],
              [
                -0.6631193064476119,
                44.87172264570827
              ],
              [
                -0.6633822587903123,
                44.87190507604989
              ],
              [
                -0.6659943032609407,
                44.87222972731382
              ],
              [
                -0.6671096268618574,
                44.87294728530779
              ],
              [
                -0.6682724186143545,
                44.875047730658686
              ],
              [
                -0.6685330823659575,
                44.87796745661288
              ],
              [
                -0.6689106663581594,
                44.8779657424986
              ],
              [
                -0.6698357488209722,
                44.87869589286905
              ],
              [
                -0.6699220614206048,
                44.880520936831644
              ]
            ]
          ]
        ],
        "type": "MultiPolygon"
      },
      "properties": {
        "max_sensors_observed": 2,
        "n_clean_observations": 9034,
        "n_hourly_rows": 17366,
        "n_mapped_directional_sensors": 2,
        "n_missing_observations": 8332,
        "period_end": "2026-05-14T22:00:00+00:00",
        "period_start": "2024-05-15T23:00:00+00:00",
        "zone_commune": "EYSINES",
        "zone_id": "180005000"
      },
      "type": "Feature"
    },
    {
      "geometry": {
        "coordinates": [
          [
            [
              [
                -0.5972075970389926,
                44.868560391370146
              ],
              [
                -0.5967524955852829,
                44.86760990462254
              ],
              [
                -0.5949858408424921,
                44.86553292767456
              ],
              [
                -0.5946349115236157,
                44.86371382216279
              ],
              [
                -0.5934951116612706,
                44.86293510547582
              ],
              [
                -0.5931160229618673,
                44.862279566401966
              ],
              [
                -0.5942878870744004,
                44.862391211743365
              ],
              [
                -0.5956847611159357,
                44.86221972936099
              ],
              [
                -0.5997489663814439,
                44.86056297462411
              ],
              [
                -0.6017814979679825,
                44.861922885148125
              ],
              [
                -0.6007561695655362,
                44.86265191989172
              ],
              [
                -0.6011633817046913,
                44.86388334058273
              ],
              [
                -0.6010971477885652,
                44.86526089426693
              ],
              [
                -0.6000103782677358,
                44.865289856181434
              ],
              [
                -0.6006850288167529,
                44.86584928005388
              ],
              [
                -0.6013283549175235,
                44.8660392748039
              ],
              [
                -0.6022381935462694,
                44.86700472662848
              ],
              [
                -0.6004404625236073,
                44.86794456779249
              ],
              [
                -0.60134263181081,
                44.86851372965129
              ],
              [
                -0.6020361629233582,
                44.86918785440543
              ],
              [
                -0.60234323096068,
                44.86925272798827
              ],
              [
                -0.6030117021355509,
                44.87038642685581
              ],
              [
                -0.5992175088437811,
                44.87021761648499
              ],
              [
                -0.5982754588980986,
                44.87056717888807
              ],
              [
                -0.5976026290717179,
                44.869818421241504
              ],
              [
                -0.5972075970389926,
                44.868560391370146
              ]
            ]
          ]
        ],
        "type": "MultiPolygon"
      },
      "properties": {
        "max_sensors_observed": 1,
        "n_clean_observations": 9107,
        "n_hourly_rows": 9107,
        "n_mapped_directional_sensors": 1,
        "n_missing_observations": 0,
        "period_end": "2026-05-14T21:00:00+00:00",
        "period_start": "2025-03-24T23:00:00+00:00",
        "zone_commune": "BOUSCAT (LE )",
        "zone_id": "173007000"
      },
      "type": "Feature"
    },
    {
      "geometry": {
        "coordinates": [
          [
            [
              [
                -0.5972075970389926,
                44.868560391370146
              ],
              [
                -0.5954511969991767,
                44.86864261958578
              ],
              [
                -0.5942180285727314,
                44.86852300837679
              ],
              [
                -0.5937082715018321,
                44.86990491156573
              ],
              [
                -0.59310498029696,
                44.87087439793696
              ],
              [
                -0.5924140274042452,
                44.87061379356216
              ],
              [
                -0.5924805689558191,
                44.870405227951956
              ],
              [
                -0.5903382671071882,
                44.87008346451459
              ],
              [
                -0.589688279674749,
                44.87024592493245
              ],
              [
                -0.5890852416202101,
                44.87009062689912
              ],
              [
                -0.5867665316226128,
                44.87006198610453
              ],
              [
                -0.5859214032572293,
                44.86958901460386
              ],
              [
                -0.5843203118014686,
                44.86922622356939
              ],
              [
                -0.5833673933435412,
                44.869188474712
              ],
              [
                -0.5828857946819888,
                44.869408653385904
              ],
              [
                -0.5817932133404242,
                44.86934745078324
              ],
              [
                -0.5816792148895802,
                44.868594087874456
              ],
              [
                -0.580878103460203,
                44.8682738244426
              ],
              [
                -0.5840921212487756,
                44.86803487997315
              ],
              [
                -0.5840148083909144,
                44.867281174371634
              ],
              [
                -0.5882765986189902,
                44.86697948789375
              ],
              [
                -0.5881428778761342,
                44.86585804816453
              ],
              [
                -0.5877030341022258,
                44.86472679715912
              ],
              [
                -0.5867709417721343,
                44.8631310108683
              ],
              [
                -0.5872241161217211,
                44.86209161046131
              ],
              [
                -0.5881956059239531,
                44.86228286708427
              ],
              [
                -0.5881842309585437,
                44.862561756567274
              ],
              [
                -0.591698148838488,
                44.86245969672344
              ],
              [
                -0.5931160229618673,
                44.862279566401966
              ],
              [
                -0.5934951116612706,
                44.86293510547582
              ],
              [
                -0.5946349115236157,
                44.86371382216279
              ],
              [
                -0.5949858408424921,
                44.86553292767456
              ],
              [
                -0.5967524955852829,
                44.86760990462254
              ],
              [
                -0.5972075970389926,
                44.868560391370146
              ]
            ]
          ]
        ],
        "type": "MultiPolygon"
      },
      "properties": {
        "max_sensors_observed": 1,
        "n_clean_observations": 9106,
        "n_hourly_rows": 9106,
        "n_mapped_directional_sensors": 1,
        "n_missing_observations": 0,
        "period_end": "2026-05-14T21:00:00+00:00",
        "period_start": "2025-03-24T23:00:00+00:00",
        "zone_commune": "BOUSCAT (LE )",
        "zone_id": "173009000"
      },
      "type": "Feature"
    },
    {
      "geometry": {
        "coordinates": [
          [
            [
              [
                -0.6388702875546101,
                44.89507008627412
              ],
              [
                -0.6378305607654018,
                44.895539476731656
              ],
              [
                -0.6365438256327784,
                44.896815509739106
              ],
              [
                -0.6348365577301583,
                44.8975726437901
              ],
              [
                -0.6335197395913886,
                44.897797789750925
              ],
              [
                -0.6297586599170846,
                44.89805244973584
              ],
              [
                -0.6266355193887337,
                44.89146588844901
              ],
              [
                -0.6264062519736916,
                44.88929327581479
              ],
              [
                -0.6249233136581384,
                44.889045187312114
              ],
              [
                -0.6266424343110133,
                44.8864167102937
              ],
              [
                -0.6260131039494401,
                44.88617235390859
              ],
              [
                -0.6267439200181942,
                44.88539680447009
              ],
              [
                -0.6270720519185664,
                44.88541401103397
              ],
              [
                -0.627737616704104,
                44.88455044945175
              ],
              [
                -0.6281573093185615,
                44.883630036349885
              ],
              [
                -0.6280671901265986,
                44.88266856971081
              ],
              [
                -0.6291679813785794,
                44.881478004288745
              ],
              [
                -0.6313372664644359,
                44.88296990766305
              ],
              [
                -0.6382048055802675,
                44.885691328887845
              ],
              [
                -0.6393742689019762,
                44.8853086773472
              ],
              [
                -0.6409814145151231,
                44.88528307653384
              ],
              [
                -0.640144128642518,
                44.883360072289314
              ],
              [
                -0.6402131230847509,
                44.88178410824864
              ],
              [
                -0.6412574495847296,
                44.87859716793598
              ],
              [
                -0.6424171186157502,
                44.877071000212915
              ],
              [
                -0.6475357427180772,
                44.87974201936149
              ],
              [
                -0.647421263140471,
                44.88045689824505
              ],
              [
                -0.6482385754738602,
                44.882225461624024
              ],
              [
                -0.6478611391115329,
                44.88322568151127
              ],
              [
                -0.649272665379656,
                44.883583048274204
              ],
              [
                -0.6513944028024641,
                44.884453361080084
              ],
              [
                -0.6501314593710912,
                44.88684548503227
              ],
              [
                -0.6483014711611179,
                44.888866051687366
              ],
              [
                -0.6485701803563224,
                44.88939074107053
              ],
              [
                -0.6468305632709421,
                44.88907746754366
              ],
              [
                -0.6420459867273617,
                44.887190430746394
              ],
              [
                -0.6422564160682939,
                44.88781446695931
              ],
              [
                -0.6412588307128195,
                44.88904771579282
              ],
              [
                -0.6410645954196663,
                44.88994367922658
              ],
              [
                -0.6376580393746903,
                44.88990838674955
              ],
              [
                -0.6388702875546101,
                44.89507008627412
              ]
            ]
          ]
        ],
        "type": "MultiPolygon"
      },
      "properties": {
        "max_sensors_observed": 4,
        "n_clean_observations": 9024,
        "n_hourly_rows": 9024,
        "n_mapped_directional_sensors": 4,
        "n_missing_observations": 0,
        "period_end": "2026-05-02T09:00:00+00:00",
        "period_start": "2025-03-17T23:00:00+00:00",
        "zone_commune": "EYSINES",
        "zone_id": "180007000"
      },
      "type": "Feature"
    },
    {
      "geometry": {
        "coordinates": [
          [
            [
              [
                -0.6172006480683079,
                44.87347321632162
              ],
              [
                -0.6154245360694698,
                44.87675222676634
              ],
              [
                -0.6149575924109626,
                44.87727763660428
              ],
              [
                -0.6149416938218342,
                44.87941147035895
              ],
              [
                -0.6140650822098009,
                44.88002942079244
              ],
              [
                -0.6136511936048565,
                44.88057106654085
              ],
              [
                -0.6127558253940937,
                44.87944299775322
              ],
              [
                -0.6120091815514495,
                44.8804082191008
              ],
              [
                -0.6118805539291643,
                44.88087027599449
              ],
              [
                -0.611010575877275,
                44.88066968513388
              ],
              [
                -0.609079077659565,
                44.880557681779706
              ],
              [
                -0.6055308443965213,
                44.8792939779505
              ],
              [
                -0.6038963235392174,
                44.877824863126456
              ],
              [
                -0.6022115135424212,
                44.87539470485019
              ],
              [
                -0.6010408492402806,
                44.874535056341585
              ],
              [
                -0.6025062415625768,
                44.873905248718515
              ],
              [
                -0.6038076064425609,
                44.87301126766654
              ],
              [
                -0.6050935493824597,
                44.872409804096264
              ],
              [
                -0.6119887928957329,
                44.87140776360064
              ],
              [
                -0.6136033047756108,
                44.87104971927948
              ],
              [
                -0.6172006480683079,
                44.87347321632162
              ]
            ]
          ]
        ],
        "type": "MultiPolygon"
      },
      "properties": {
        "max_sensors_observed": 4,
        "n_clean_observations": 15838,
        "n_hourly_rows": 15838,
        "n_mapped_directional_sensors": 4,
        "n_missing_observations": 0,
        "period_end": "2026-05-14T21:00:00+00:00",
        "period_start": "2024-06-06T22:00:00+00:00",
        "zone_commune": "BRUGES",
        "zone_id": "173011000"
      },
      "type": "Feature"
    },
    {
      "geometry": {
        "coordinates": [
          [
            [
              [
                -0.6068885881167487,
                44.78327381013166
              ],
              [
                -0.6056971464544048,
                44.78515839066615
              ],
              [
                -0.6048690276020973,
                44.78714377088879
              ],
              [
                -0.6052796864443576,
                44.79042625079048
              ],
              [
                -0.6046284847663559,
                44.79051589926477
              ],
              [
                -0.6025386191562436,
                44.79039196444137
              ],
              [
                -0.6021768126251387,
                44.79077051337613
              ],
              [
                -0.6006802740316023,
                44.78947811306099
              ],
              [
                -0.5988187219504155,
                44.78819571694668
              ],
              [
                -0.5964701775193266,
                44.787015627078475
              ],
              [
                -0.5952829520750417,
                44.78679544742428
              ],
              [
                -0.5933097038991936,
                44.787027989483605
              ],
              [
                -0.5918036301390351,
                44.78696873750093
              ],
              [
                -0.5919588961614864,
                44.78511966986922
              ],
              [
                -0.5932506366210545,
                44.783473588202504
              ],
              [
                -0.5933136789753596,
                44.78271724665646
              ],
              [
                -0.5897619403669639,
                44.78298105111563
              ],
              [
                -0.5894332187263887,
                44.782251765279554
              ],
              [
                -0.5895973343683206,
                44.78178950719309
              ],
              [
                -0.590424434439312,
                44.781605026059026
              ],
              [
                -0.5903727390792025,
                44.781111927314505
              ],
              [
                -0.5898833608788341,
                44.77972993625677
              ],
              [
                -0.5891916547955086,
                44.77858791446087
              ],
              [
                -0.5928681055435358,
                44.77711244421775
              ],
              [
                -0.5951031888311453,
                44.7778536977661
              ],
              [
                -0.5969217630686621,
                44.778273251050095
              ],
              [
                -0.6007845617814804,
                44.77870200604709
              ],
              [
                -0.6013423725583464,
                44.77897413340834
              ],
              [
                -0.6021056839626809,
                44.78002535906239
              ],
              [
                -0.6044662864765337,
                44.78094361546161
              ],
              [
                -0.6060466274077023,
                44.781927743607575
              ],
              [
                -0.605925392158828,
                44.7829563721718
              ],
              [
                -0.6068885881167487,
                44.78327381013166
              ]
            ]
          ]
        ],
        "type": "MultiPolygon"
      },
      "properties": {
        "max_sensors_observed": 2,
        "n_clean_observations": 12233,
        "n_hourly_rows": 17392,
        "n_mapped_directional_sensors": 2,
        "n_missing_observations": 5159,
        "period_end": "2026-05-14T22:00:00+00:00",
        "period_start": "2024-05-15T23:00:00+00:00",
        "zone_commune": "GRADIGNAN",
        "zone_id": "177002000"
      },
      "type": "Feature"
    },
    {
      "geometry": {
        "coordinates": [
          [
            [
              [
                -0.5770416697822505,
                44.87725787941672
              ],
              [
                -0.5786903457488014,
                44.87705249595967
              ],
              [
                -0.579582091596384,
                44.87718229124735
              ],
              [
                -0.5820107720554583,
                44.878652342190854
              ],
              [
                -0.5896715955160354,
                44.87836428962856
              ],
              [
                -0.5911759925222081,
                44.880044256560254
              ],
              [
                -0.5914905153683382,
                44.88002686176411
              ],
              [
                -0.5917131694169079,
                44.88061446566485
              ],
              [
                -0.5940637809059124,
                44.883665768873875
              ],
              [
                -0.5952866286540548,
                44.883085425750394
              ],
              [
                -0.5963370152305211,
                44.8828784066389
              ],
              [
                -0.596901595593562,
                44.88302407563918
              ],
              [
                -0.5988478705187621,
                44.88411554602352
              ],
              [
                -0.6001630208351033,
                44.88384670732401
              ],
              [
                -0.6020169813565085,
                44.88442730892488
              ],
              [
                -0.6034138797235716,
                44.88452527201246
              ],
              [
                -0.6049627683850702,
                44.88483460373509
              ],
              [
                -0.6063914865088624,
                44.884815228067794
              ],
              [
                -0.6084644395652307,
                44.88538870339946
              ],
              [
                -0.6157166547932882,
                44.90042322359846
              ],
              [
                -0.6116254636066107,
                44.90028238506066
              ],
              [
                -0.6082416782836357,
                44.90118286284496
              ],
              [
                -0.6068790779549192,
                44.90172370994294
              ],
              [
                -0.610003134911269,
                44.90407913169319
              ],
              [
                -0.6065867689482723,
                44.9067632077579
              ],
              [
                -0.6038783409328936,
                44.90823111394996
              ],
              [
                -0.6027050396744555,
                44.90858557394001
              ],
              [
                -0.6015685419638208,
                44.90864321145785
              ],
              [
                -0.5993091771278087,
                44.90930679599177
              ],
              [
                -0.5951298957994021,
                44.90906543728759
              ],
              [
                -0.5935460633958314,
                44.90928790259914
              ],
              [
                -0.5920355263519433,
                44.90922869454271
              ],
              [
                -0.5880706817987849,
                44.908235621980445
              ],
              [
                -0.5864310636068104,
                44.90865720145259
              ],
              [
                -0.5849321378701707,
                44.908777785510324
              ],
              [
                -0.5820620916355035,
                44.90937600811408
              ],
              [
                -0.580835262208019,
                44.90940835258785
              ],
              [
                -0.5804966773213543,
                44.90892020921858
              ],
              [
                -0.5802627741551775,
                44.90684198344165
              ],
              [
                -0.5770416697822505,
                44.87725787941672
              ]
            ]
          ]
        ],
        "type": "MultiPolygon"
      },
      "properties": {
        "max_sensors_observed": 2,
        "n_clean_observations": 5319,
        "n_hourly_rows": 5319,
        "n_mapped_directional_sensors": 2,
        "n_missing_observations": 0,
        "period_end": "2025-11-18T16:00:00+00:00",
        "period_start": "2025-03-17T23:00:00+00:00",
        "zone_commune": "BRUGES",
        "zone_id": "173013000"
      },
      "type": "Feature"
    },
    {
      "geometry": {
        "coordinates": [
          [
            [
              [
                -0.5171420442603643,
                44.887929648488374
              ],
              [
                -0.5163625001716184,
                44.889860507000414
              ],
              [
                -0.5162862600494741,
                44.89077396592711
              ],
              [
                -0.5161099124235266,
                44.89291243915972
              ],
              [
                -0.5168499511006059,
                44.89485858814235
              ],
              [
                -0.5161151823887518,
                44.8970926649452
              ],
              [
                -0.5141667631593007,
                44.896656007242456
              ],
              [
                -0.5139603459935063,
                44.89603165418211
              ],
              [
                -0.5135379823096806,
                44.8957268890552
              ],
              [
                -0.5121320255732634,
                44.89546677224422
              ],
              [
                -0.5087031745617834,
                44.8955003671828
              ],
              [
                -0.5086938725289596,
                44.895087921358005
              ],
              [
                -0.5091683731129532,
                44.89493053429146
              ],
              [
                -0.509137607266505,
                44.894581803373924
              ],
              [
                -0.5087097909150026,
                44.89441149403376
              ],
              [
                -0.5084599216475866,
                44.892969221744195
              ],
              [
                -0.5066168937475973,
                44.89307974444665
              ],
              [
                -0.5028698783705089,
                44.89161012411325
              ],
              [
                -0.5040177830666351,
                44.889771394434774
              ],
              [
                -0.5051438191506648,
                44.8885173814423
              ],
              [
                -0.5063903425388772,
                44.88789216654476
              ],
              [
                -0.508247026951152,
                44.886565542877456
              ],
              [
                -0.5088540264447949,
                44.88629850352715
              ],
              [
                -0.5104249060349763,
                44.886077603799215
              ],
              [
                -0.5120345572185871,
                44.88558687645369
              ],
              [
                -0.5123677235111537,
                44.886190028931644
              ],
              [
                -0.5128085233097008,
                44.88638703602358
              ],
              [
                -0.5127436223197774,
                44.886828884502386
              ],
              [
                -0.5152772956089934,
                44.88712355007741
              ],
              [
                -0.517352718130205,
                44.88710560072039
              ],
              [
                -0.5171420442603643,
                44.887929648488374
              ]
            ]
          ]
        ],
        "type": "MultiPolygon"
      },
      "properties": {
        "max_sensors_observed": 2,
        "n_clean_observations": 16059,
        "n_hourly_rows": 17392,
        "n_mapped_directional_sensors": 2,
        "n_missing_observations": 1333,
        "period_end": "2026-05-14T22:00:00+00:00",
        "period_start": "2024-05-15T23:00:00+00:00",
        "zone_commune": "CARBON-BLANC",
        "zone_id": "174005000"
      },
      "type": "Feature"
    },
    {
      "geometry": {
        "coordinates": [
          [
            [
              [
                -0.5168888923099892,
                44.85301401980675
              ],
              [
                -0.5159936173056922,
                44.85627780783394
              ],
              [
                -0.5093099024363782,
                44.85621632185649
              ],
              [
                -0.5090392149937879,
                44.85612395905814
              ],
              [
                -0.5089155572991916,
                44.85578628711633
              ],
              [
                -0.5051535426305435,
                44.855723194795694
              ],
              [
                -0.5052308727139585,
                44.853918278477835
              ],
              [
                -0.5042997300121208,
                44.851016913814085
              ],
              [
                -0.5158647747089571,
                44.8525012240642
              ],
              [
                -0.5168888923099892,
                44.85301401980675
              ]
            ]
          ]
        ],
        "type": "MultiPolygon"
      },
      "properties": {
        "max_sensors_observed": 2,
        "n_clean_observations": 16058,
        "n_hourly_rows": 17391,
        "n_mapped_directional_sensors": 2,
        "n_missing_observations": 1333,
        "period_end": "2026-05-14T22:00:00+00:00",
        "period_start": "2024-05-15T23:00:00+00:00",
        "zone_commune": "CENON",
        "zone_id": "175004000"
      },
      "type": "Feature"
    },
    {
      "geometry": {
        "coordinates": [
          [
            [
              [
                -0.5575001568248699,
                44.800123885822885
              ],
              [
                -0.5581404075282581,
                44.80297832206951
              ],
              [
                -0.5594395552937539,
                44.8065802537997
              ],
              [
                -0.5576473718349754,
                44.80564643065493
              ],
              [
                -0.5572663586293616,
                44.80564609648478
              ],
              [
                -0.5529852934932947,
                44.793483333981165
              ],
              [
                -0.5512650795608803,
                44.78801398216478
              ],
              [
                -0.5518087690203017,
                44.78782530769531
              ],
              [
                -0.5517600804840567,
                44.78711492460583
              ],
              [
                -0.5526891333166593,
                44.78675710753778
              ],
              [
                -0.5527981642655464,
                44.7864408520429
              ],
              [
                -0.553848154015463,
                44.78693527940655
              ],
              [
                -0.5543204612077359,
                44.78579811533255
              ],
              [
                -0.5561407623250718,
                44.78532610795976
              ],
              [
                -0.556314689429127,
                44.78575485588494
              ],
              [
                -0.5584564386406705,
                44.785384185995085
              ],
              [
                -0.5578763550730759,
                44.78369684409525
              ],
              [
                -0.560251335119404,
                44.78319425747003
              ],
              [
                -0.5661155438905381,
                44.783435569819524
              ],
              [
                -0.5667718765164402,
                44.79072613238939
              ],
              [
                -0.5674324697716608,
                44.79368371030534
              ],
              [
                -0.5681502136465189,
                44.796586615739386
              ],
              [
                -0.5696219938612684,
                44.79939077065442
              ],
              [
                -0.5671000192504281,
                44.7995025991557
              ],
              [
                -0.5670745373816429,
                44.799242073861336
              ],
              [
                -0.5660632919615856,
                44.79922415219195
              ],
              [
                -0.5656966282505547,
                44.79899080906384
              ],
              [
                -0.5637710648498734,
                44.798905864092546
              ],
              [
                -0.5637473730467807,
                44.798213525678655
              ],
              [
                -0.5635770094311021,
                44.798101849243245
              ],
              [
                -0.5629290344382591,
                44.79780371623949
              ],
              [
                -0.5610851853810882,
                44.79759077497628
              ],
              [
                -0.5609082970927995,
                44.79831560694232
              ],
              [
                -0.5576267131801653,
                44.797924487971564
              ],
              [
                -0.5575001568248699,
                44.800123885822885
              ]
            ]
          ]
        ],
        "type": "MultiPolygon"
      },
      "properties": {
        "max_sensors_observed": 2,
        "n_clean_observations": 10201,
        "n_hourly_rows": 10201,
        "n_mapped_directional_sensors": 2,
        "n_missing_observations": 0,
        "period_end": "2026-05-14T21:00:00+00:00",
        "period_start": "2024-06-06T22:00:00+00:00",
        "zone_commune": "BEGLES",
        "zone_id": "167009000"
      },
      "type": "Feature"
    },
    {
      "geometry": {
        "coordinates": [
          [
            [
              [
                -0.5126525849619881,
                44.8687124620543
              ],
              [
                -0.5105034315729585,
                44.87694109001021
              ],
              [
                -0.5104840674926131,
                44.87778706147215
              ],
              [
                -0.5106298018341288,
                44.8781492735492
              ],
              [
                -0.5124965183859891,
                44.877496305384255
              ],
              [
                -0.5142837445897759,
                44.87763798886417
              ],
              [
                -0.5138631578741892,
                44.87905815482876
              ],
              [
                -0.513631415110369,
                44.879041163854026
              ],
              [
                -0.5135672830153587,
                44.879920945937485
              ],
              [
                -0.5171037021670574,
                44.879979246193756
              ],
              [
                -0.517327851977784,
                44.88017670982783
              ],
              [
                -0.5169110170738724,
                44.88268815087103
              ],
              [
                -0.5177632805267453,
                44.88449337689103
              ],
              [
                -0.5156367297612655,
                44.884747296061974
              ],
              [
                -0.5119419475841592,
                44.8846940044402
              ],
              [
                -0.5091225424692442,
                44.88528244967
              ],
              [
                -0.5082273700224218,
                44.8856442103445
              ],
              [
                -0.5081242283472505,
                44.88665048432621
              ],
              [
                -0.5063903425388772,
                44.88789216654476
              ],
              [
                -0.5051438191506648,
                44.8885173814423
              ],
              [
                -0.504563141214438,
                44.88821214279975
              ],
              [
                -0.5055840619734229,
                44.886655907325995
              ],
              [
                -0.506544842028819,
                44.88468526669562
              ],
              [
                -0.5074877623071201,
                44.88009968931973
              ],
              [
                -0.5057586541505938,
                44.8796920029221
              ],
              [
                -0.5070899178509337,
                44.878764028378875
              ],
              [
                -0.5077760111970229,
                44.87856751889631
              ],
              [
                -0.5087653817571625,
                44.87857865772255
              ],
              [
                -0.5095464999459063,
                44.8788874249497
              ],
              [
                -0.5056229096939789,
                44.871595197029954
              ],
              [
                -0.5045632907923581,
                44.86911871711787
              ],
              [
                -0.5047062581608773,
                44.86824183080998
              ],
              [
                -0.5078659902248664,
                44.86715242493124
              ],
              [
                -0.5161353333738972,
                44.86501339821536
              ],
              [
                -0.5207356189391138,
                44.86390416913122
              ],
              [
                -0.5227982612016434,
                44.86363499214404
              ],
              [
                -0.5224341540492078,
                44.864436961248664
              ],
              [
                -0.5211065345744973,
                44.86593728668024
              ],
              [
                -0.5206940340831065,
                44.866795692751815
              ],
              [
                -0.5185401901155579,
                44.86846195886916
              ],
              [
                -0.5181984774100133,
                44.868974700354244
              ],
              [
                -0.516974503401555,
                44.86879902652953
              ],
              [
                -0.5165250878525098,
                44.8689277552383
              ],
              [
                -0.5138149598369502,
                44.86792670409051
              ],
              [
                -0.5128117184868075,
                44.868096377633684
              ],
              [
                -0.5126525849619881,
                44.8687124620543
              ]
            ]
          ]
        ],
        "type": "MultiPolygon"
      },
      "properties": {
        "max_sensors_observed": 1,
        "n_clean_observations": 10843,
        "n_hourly_rows": 17393,
        "n_mapped_directional_sensors": 1,
        "n_missing_observations": 6550,
        "period_end": "2026-05-14T22:00:00+00:00",
        "period_start": "2024-05-15T23:00:00+00:00",
        "zone_commune": "LORMONT",
        "zone_id": "174017000"
      },
      "type": "Feature"
    },
    {
      "geometry": {
        "coordinates": [
          [
            [
              [
                -0.5484885481356713,
                44.817073872619
              ],
              [
                -0.5374943139295688,
                44.822885781907594
              ],
              [
                -0.5351171762482522,
                44.81992445192428
              ],
              [
                -0.530021353860306,
                44.81153509184679
              ],
              [
                -0.5330285205530644,
                44.81073542434267
              ],
              [
                -0.5335242259501815,
                44.81128923704366
              ],
              [
                -0.5347313715697514,
                44.81091636871888
              ],
              [
                -0.5370875601312199,
                44.80953175508973
              ],
              [
                -0.5383116424425165,
                44.807780376475755
              ],
              [
                -0.5421623577694338,
                44.80765377175079
              ],
              [
                -0.5420797357438377,
                44.808772069693156
              ],
              [
                -0.548993558682516,
                44.80749290341542
              ],
              [
                -0.5491996628856203,
                44.8112760423929
              ],
              [
                -0.5484885481356713,
                44.817073872619
              ]
            ]
          ]
        ],
        "type": "MultiPolygon"
      },
      "properties": {
        "max_sensors_observed": 2,
        "n_clean_observations": 24,
        "n_hourly_rows": 24,
        "n_mapped_directional_sensors": 2,
        "n_missing_observations": 0,
        "period_end": "2026-01-19T22:00:00+00:00",
        "period_start": "2026-01-18T23:00:00+00:00",
        "zone_commune": "BEGLES",
        "zone_id": "167005000"
      },
      "type": "Feature"
    },
    {
      "geometry": {
        "coordinates": [
          [
            [
              [
                -0.5412925726769781,
                44.84235463229297
              ],
              [
                -0.5396000973553151,
                44.84409941418374
              ],
              [
                -0.5399682315802472,
                44.844294066023984
              ],
              [
                -0.5386036466569908,
                44.84565606509548
              ],
              [
                -0.5376863776157731,
                44.84728230748394
              ],
              [
                -0.5364702055723332,
                44.84716345231029
              ],
              [
                -0.5344733178941934,
                44.84888805933872
              ],
              [
                -0.5340266978266123,
                44.8496412921493
              ],
              [
                -0.5335480523395714,
                44.851678867266465
              ],
              [
                -0.533408513591499,
                44.85358854143268
              ],
              [
                -0.5335956900597946,
                44.85629896150175
              ],
              [
                -0.5310051308291439,
                44.8578594190864
              ],
              [
                -0.5301809972050161,
                44.85855705173578
              ],
              [
                -0.5294318292751297,
                44.858008642005494
              ],
              [
                -0.5295692190566742,
                44.85698946965792
              ],
              [
                -0.5294502312278704,
                44.85614516077585
              ],
              [
                -0.5283645339016791,
                44.85528118441921
              ],
              [
                -0.5288424848591381,
                44.854901012201616
              ],
              [
                -0.5296859759544255,
                44.8550778092551
              ],
              [
                -0.5305402403323829,
                44.853471703592895
              ],
              [
                -0.5306336338996042,
                44.85281988176628
              ],
              [
                -0.5304795795663522,
                44.85278781753042
              ],
              [
                -0.5302978141768743,
                44.85299991438527
              ],
              [
                -0.5313633065843512,
                44.850401159982624
              ],
              [
                -0.5310724863694584,
                44.8501499447195
              ],
              [
                -0.5316496885085841,
                44.84969803988492
              ],
              [
                -0.5324964497851323,
                44.8472098268948
              ],
              [
                -0.5318093507842176,
                44.845410299384845
              ],
              [
                -0.532455285169279,
                44.8451860464471
              ],
              [
                -0.5323694780955719,
                44.84499053640147
              ],
              [
                -0.531442937687849,
                44.844437829726644
              ],
              [
                -0.5305135473347271,
                44.84359866447643
              ],
              [
                -0.5392886037605348,
                44.842254644156256
              ],
              [
                -0.5412925726769781,
                44.84235463229297
              ]
            ]
          ]
        ],
        "type": "MultiPolygon"
      },
      "properties": {
        "max_sensors_observed": 2,
        "n_clean_observations": 12641,
        "n_hourly_rows": 12641,
        "n_mapped_directional_sensors": 2,
        "n_missing_observations": 0,
        "period_end": "2026-05-14T21:00:00+00:00",
        "period_start": "2024-05-15T22:00:00+00:00",
        "zone_commune": "CENON",
        "zone_id": "166007000"
      },
      "type": "Feature"
    },
    {
      "geometry": {
        "coordinates": [
          [
            [
              [
                -0.5667820674728139,
                44.83388931853597
              ],
              [
                -0.5688143354804139,
                44.83369649849664
              ],
              [
                -0.5688734079203313,
                44.833116208797776
              ],
              [
                -0.569674779782276,
                44.83318737215199
              ],
              [
                -0.5695205616900354,
                44.83535014421757
              ],
              [
                -0.566787856774789,
                44.8360977374628
              ],
              [
                -0.5630701063622442,
                44.838310905658794
              ],
              [
                -0.5590178931040479,
                44.8353911930905
              ],
              [
                -0.5617952942397965,
                44.833231823390896
              ],
              [
                -0.5644106654356588,
                44.83514404160143
              ],
              [
                -0.5650596599887829,
                44.834713125945456
              ],
              [
                -0.5654102046839299,
                44.83464962685241
              ],
              [
                -0.5665665639028933,
                44.834987315388894
              ],
              [
                -0.5667820674728139,
                44.83388931853597
              ]
            ]
          ]
        ],
        "type": "MultiPolygon"
      },
      "properties": {
        "max_sensors_observed": 2,
        "n_clean_observations": 10336,
        "n_hourly_rows": 17380,
        "n_mapped_directional_sensors": 2,
        "n_missing_observations": 7044,
        "period_end": "2026-05-14T22:00:00+00:00",
        "period_start": "2024-05-15T23:00:00+00:00",
        "zone_commune": "BORDEAUX",
        "zone_id": "161014000"
      },
      "type": "Feature"
    },
    {
      "geometry": {
        "coordinates": [
          [
            [
              [
                -0.5565626047446451,
                44.82723113698599
              ],
              [
                -0.560840168938532,
                44.82815322034772
              ],
              [
                -0.5587491679571611,
                44.83133158098026
              ],
              [
                -0.5606202009332562,
                44.832516157623246
              ],
              [
                -0.5591490424922682,
                44.833763848510365
              ],
              [
                -0.5575985812571702,
                44.83444171915122
              ],
              [
                -0.5519137781682864,
                44.83169224405662
              ],
              [
                -0.5545857438088536,
                44.82912548857707
              ],
              [
                -0.5549758633293685,
                44.829305802010296
              ],
              [
                -0.5565626047446451,
                44.82723113698599
              ]
            ]
          ]
        ],
        "type": "MultiPolygon"
      },
      "properties": {
        "max_sensors_observed": 2,
        "n_clean_observations": 2574,
        "n_hourly_rows": 17379,
        "n_mapped_directional_sensors": 2,
        "n_missing_observations": 14805,
        "period_end": "2026-05-14T22:00:00+00:00",
        "period_start": "2024-05-15T23:00:00+00:00",
        "zone_commune": "BORDEAUX",
        "zone_id": "161016000"
      },
      "type": "Feature"
    },
    {
      "geometry": {
        "coordinates": [
          [
            [
              [
                -0.5886281036992798,
                44.83442571260003
              ],
              [
                -0.5810562111414294,
                44.83648478257401
              ],
              [
                -0.5805007083184455,
                44.8348898111442
              ],
              [
                -0.5873500749664667,
                44.8311355203076
              ],
              [
                -0.5886281036992798,
                44.83442571260003
              ]
            ]
          ]
        ],
        "type": "MultiPolygon"
      },
      "properties": {
        "max_sensors_observed": 2,
        "n_clean_observations": 10900,
        "n_hourly_rows": 17391,
        "n_mapped_directional_sensors": 2,
        "n_missing_observations": 6491,
        "period_end": "2026-05-14T22:00:00+00:00",
        "period_start": "2024-05-15T23:00:00+00:00",
        "zone_commune": "BORDEAUX",
        "zone_id": "162018000"
      },
      "type": "Feature"
    },
    {
      "geometry": {
        "coordinates": [
          [
            [
              [
                -0.6037635371590413,
                44.79580456121119
              ],
              [
                -0.6001884406861454,
                44.79810867027635
              ],
              [
                -0.598035049528289,
                44.79684789261923
              ],
              [
                -0.5966881011326589,
                44.79646990574012
              ],
              [
                -0.5923258489639737,
                44.79622655883887
              ],
              [
                -0.5924020468680807,
                44.79526063342325
              ],
              [
                -0.5915512473826697,
                44.79278088233593
              ],
              [
                -0.5913677407300127,
                44.79046436107827
              ],
              [
                -0.5908893571558729,
                44.78931542802136
              ],
              [
                -0.5907986614742713,
                44.7870850662593
              ],
              [
                -0.5918036301390351,
                44.78696873750093
              ],
              [
                -0.5933097038991936,
                44.787027989483605
              ],
              [
                -0.5952829520750417,
                44.78679544742428
              ],
              [
                -0.5959936213086932,
                44.78688503642176
              ],
              [
                -0.5979446953834179,
                44.78766981990279
              ],
              [
                -0.5988187219504155,
                44.78819571694668
              ],
              [
                -0.6006802740316023,
                44.78947811306099
              ],
              [
                -0.6019731104977655,
                44.790711295897125
              ],
              [
                -0.6021768126251387,
                44.79077051337613
              ],
              [
                -0.6025386191562436,
                44.79039196444137
              ],
              [
                -0.6046284847663559,
                44.79051589926477
              ],
              [
                -0.6052796864443576,
                44.79042625079048
              ],
              [
                -0.6052606330704497,
                44.79248970839043
              ],
              [
                -0.6050057498815874,
                44.79388227114862
              ],
              [
                -0.6046669324898618,
                44.79486234477617
              ],
              [
                -0.6037635371590413,
                44.79580456121119
              ]
            ]
          ]
        ],
        "type": "MultiPolygon"
      },
      "properties": {
        "max_sensors_observed": 2,
        "n_clean_observations": 16587,
        "n_hourly_rows": 17392,
        "n_mapped_directional_sensors": 2,
        "n_missing_observations": 805,
        "period_end": "2026-05-14T22:00:00+00:00",
        "period_start": "2024-05-15T23:00:00+00:00",
        "zone_commune": "TALENCE",
        "zone_id": "168013000"
      },
      "type": "Feature"
    },
    {
      "geometry": {
        "coordinates": [
          [
            [
              [
                -0.5266232705619392,
                44.864002310836675
              ],
              [
                -0.5274535932339883,
                44.86575414775629
              ],
              [
                -0.5281359903393119,
                44.86643540616062
              ],
              [
                -0.5282426231718403,
                44.866868729678586
              ],
              [
                -0.5276890084977636,
                44.867854056648895
              ],
              [
                -0.5259990706439116,
                44.869762651698736
              ],
              [
                -0.5256107384448409,
                44.86890893569017
              ],
              [
                -0.523941337861174,
                44.866683620233374
              ],
              [
                -0.5231894391621976,
                44.86808913383175
              ],
              [
                -0.5216400507688571,
                44.869452289640435
              ],
              [
                -0.5209909533370548,
                44.87037773422886
              ],
              [
                -0.5203000944509025,
                44.87221380024487
              ],
              [
                -0.5174455094226187,
                44.87162210353586
              ],
              [
                -0.5154505928874931,
                44.87095353788067
              ],
              [
                -0.5122985450291199,
                44.87016200895043
              ],
              [
                -0.5128117184868075,
                44.868096377633684
              ],
              [
                -0.5138926248499923,
                44.86793322509321
              ],
              [
                -0.5165250878525098,
                44.8689277552383
              ],
              [
                -0.516974503401555,
                44.86879902652953
              ],
              [
                -0.5181984774100133,
                44.868974700354244
              ],
              [
                -0.5185401901155579,
                44.86846195886916
              ],
              [
                -0.5206940340831065,
                44.866795692751815
              ],
              [
                -0.5211065345744973,
                44.86593728668024
              ],
              [
                -0.5224341540492078,
                44.864436961248664
              ],
              [
                -0.5227982612016434,
                44.86363499214404
              ],
              [
                -0.5266232705619392,
                44.864002310836675
              ]
            ]
          ]
        ],
        "type": "MultiPolygon"
      },
      "properties": {
        "max_sensors_observed": 1,
        "n_clean_observations": 15968,
        "n_hourly_rows": 17393,
        "n_mapped_directional_sensors": 1,
        "n_missing_observations": 1425,
        "period_end": "2026-05-14T22:00:00+00:00",
        "period_start": "2024-05-15T23:00:00+00:00",
        "zone_commune": "LORMONT",
        "zone_id": "174012000"
      },
      "type": "Feature"
    }
  ],
  "type": "FeatureCollection"
}
