{
  "features": [
    {
      "geometry": {
        "coordinates": [
          -0.615959,
          44.893899
        ],
        "type": "Point"
      },
      "properties": {
        "adresse": null,
        "campaign_year": 2021,
        "commune": "Blanquefort",
        "direction_labels": [
          "Vers Rue de Magnol"
        ],
        "num_cpev": "102",
        "point_id": "2021-102-PZ.1",
        "poste": "PZ.1",
        "zone_id": "173012000"
      },
      "type": "Feature"
    },
    {
      "geometry": {
        "coordinates": [
          -0.616056,
          44.893994
        ],
        "type": "Point"
      },
      "properties": {
        "adresse": null,
        "campaign_year": 2021,
        "commune": "Blanquefort",
        "direction_labels": [
          "Vers Rue Majolan"
        ],
        "num_cpev": "102",
        "point_id": "2021-102-PZ.2",
        "poste": "PZ.2",
        "zone_id": "173012000"
      },
      "type": "Feature"
    },
    {
      "geometry": {
        "coordinates": [
          -0.646032,
          44.856203
        ],
        "type": "Point"
      },
      "properties": {
        "adresse": null,
        "campaign_year": 2021,
        "commune": "Mérignac",
        "direction_labels": [
          "Vers Avenue de la Forêt "
        ],
        "num_cpev": "103",
        "point_id": "2021-103-PT.1",
        "poste": "PT.1",
        "zone_id": "171015000"
      },
      "type": "Feature"
    },
    {
      "geometry": {
        "coordinates": [
          -0.646032,
          44.856135
        ],
        "type": "Point"
      },
      "properties": {
        "adresse": null,
        "campaign_year": 2021,
        "commune": "Mérignac",
        "direction_labels": [
          "Vers Avenue de la Libération"
        ],
        "num_cpev": "103",
        "point_id": "2021-103-PT.2",
        "poste": "PT.2",
        "zone_id": "171011000"
      },
      "type": "Feature"
    },
    {
      "geometry": {
        "coordinates": [
          -0.657645,
          44.800531
        ],
        "type": "Point"
      },
      "properties": {
        "adresse": null,
        "campaign_year": 2021,
        "commune": "Pessac",
        "direction_labels": [
          "Vers Rue Maréchal Foch"
        ],
        "num_cpev": "104",
        "point_id": "2021-104-PQ.1",
        "poste": "PQ.1",
        "zone_id": "178001000"
      },
      "type": "Feature"
    },
    {
      "geometry": {
        "coordinates": [
          -0.657677,
          44.800594
        ],
        "type": "Point"
      },
      "properties": {
        "adresse": null,
        "campaign_year": 2021,
        "commune": "Pessac",
        "direction_labels": [
          "Vers Avenue de Bourgailh"
        ],
        "num_cpev": "104",
        "point_id": "2021-104-PQ.2",
        "poste": "PQ.2",
        "zone_id": "178001000"
      },
      "type": "Feature"
    },
    {
      "geometry": {
        "coordinates": [
          -0.569921,
          44.877536
        ],
        "type": "Point"
      },
      "properties": {
        "adresse": null,
        "campaign_year": 2021,
        "commune": "Bordeaux",
        "direction_labels": [
          "Vers Avenue Larcel Dassault",
          "Vers Avenue Marcel Dassault"
        ],
        "num_cpev": "105",
        "point_id": "2021-105-PV2.1",
        "poste": "PV2.1",
        "zone_id": "165013000"
      },
      "type": "Feature"
    },
    {
      "geometry": {
        "coordinates": [
          -0.569972,
          44.877454
        ],
        "type": "Point"
      },
      "properties": {
        "adresse": null,
        "campaign_year": 2021,
        "commune": "Bordeaux",
        "direction_labels": [
          "Vers Rond Point Tobeen"
        ],
        "num_cpev": "105",
        "point_id": "2021-105-PV2.2",
        "poste": "PV2.2",
        "zone_id": "165013000"
      },
      "type": "Feature"
    },
    {
      "geometry": {
        "coordinates": [
          -0.572951,
          44.81404
        ],
        "type": "Point"
      },
      "properties": {
        "adresse": null,
        "campaign_year": 2021,
        "commune": "Bordeaux",
        "direction_labels": [
          "Vers Rue de Suzon"
        ],
        "num_cpev": "106",
        "point_id": "2021-106-P66.1",
        "poste": "P66.1",
        "zone_id": "162006000"
      },
      "type": "Feature"
    },
    {
      "geometry": {
        "coordinates": [
          -0.572899,
          44.814036
        ],
        "type": "Point"
      },
      "properties": {
        "adresse": null,
        "campaign_year": 2021,
        "commune": "Bordeaux",
        "direction_labels": [
          "Vers Barrière de Toulouse"
        ],
        "num_cpev": "106",
        "point_id": "2021-106-P66.2",
        "poste": "P66.2",
        "zone_id": "162005000"
      },
      "type": "Feature"
    },
    {
      "geometry": {
        "coordinates": [
          -0.59447,
          44.827257
        ],
        "type": "Point"
      },
      "properties": {
        "adresse": null,
        "campaign_year": 2021,
        "commune": "Bordeaux",
        "direction_labels": [
          "Vers Place Campeyraut"
        ],
        "num_cpev": "107",
        "point_id": "2021-107-P25.1",
        "poste": "P25.1",
        "zone_id": "172002000"
      },
      "type": "Feature"
    },
    {
      "geometry": {
        "coordinates": [
          -0.594432,
          44.827213
        ],
        "type": "Point"
      },
      "properties": {
        "adresse": null,
        "campaign_year": 2021,
        "commune": "Bordeaux",
        "direction_labels": [
          "Vers Boulevard Maréchal Leclerc"
        ],
        "num_cpev": "107",
        "point_id": "2021-107-P25.2",
        "poste": "P25.2",
        "zone_id": "172002000"
      },
      "type": "Feature"
    },
    {
      "geometry": {
        "coordinates": [
          -0.599589,
          44.842771
        ],
        "type": "Point"
      },
      "properties": {
        "adresse": null,
        "campaign_year": 2021,
        "commune": "Bordeaux",
        "direction_labels": [
          "Vers Avenue du Jeu de Paume"
        ],
        "num_cpev": "110",
        "point_id": "2021-110-P4.1",
        "poste": "P4.1",
        "zone_id": "172007000"
      },
      "type": "Feature"
    },
    {
      "geometry": {
        "coordinates": [
          -0.599468,
          44.842761
        ],
        "type": "Point"
      },
      "properties": {
        "adresse": null,
        "campaign_year": 2021,
        "commune": "Bordeaux",
        "direction_labels": [
          "Vers Rue Colmar"
        ],
        "num_cpev": "110",
        "point_id": "2021-110-P4.2",
        "poste": "P4.2",
        "zone_id": "163005000"
      },
      "type": "Feature"
    },
    {
      "geometry": {
        "coordinates": [
          -0.584558,
          44.818907
        ],
        "type": "Point"
      },
      "properties": {
        "adresse": null,
        "campaign_year": 2021,
        "commune": "Talence",
        "direction_labels": [
          "Vers Rue Berthomé"
        ],
        "num_cpev": "111",
        "point_id": "2021-111-PN.1",
        "poste": "PN.1",
        "zone_id": "168009000"
      },
      "type": "Feature"
    },
    {
      "geometry": {
        "coordinates": [
          -0.584437,
          44.818886
        ],
        "type": "Point"
      },
      "properties": {
        "adresse": null,
        "campaign_year": 2021,
        "commune": "Talence",
        "direction_labels": [
          "Vers Rue Jules Simon"
        ],
        "num_cpev": "111",
        "point_id": "2021-111-PN.2",
        "poste": "PN.2",
        "zone_id": "168009000"
      },
      "type": "Feature"
    },
    {
      "geometry": {
        "coordinates": [
          -0.604293,
          44.813872
        ],
        "type": "Point"
      },
      "properties": {
        "adresse": null,
        "campaign_year": 2021,
        "commune": "Talence",
        "direction_labels": [
          "Vers Rue de Peybouquey"
        ],
        "num_cpev": "112",
        "point_id": "2021-112-PL.1",
        "poste": "PL.1",
        "zone_id": "168015000"
      },
      "type": "Feature"
    },
    {
      "geometry": {
        "coordinates": [
          -0.604339,
          44.813893
        ],
        "type": "Point"
      },
      "properties": {
        "adresse": null,
        "campaign_year": 2021,
        "commune": "Talence",
        "direction_labels": [
          "Vers Avenue Jean Jaures"
        ],
        "num_cpev": "112",
        "point_id": "2021-112-PL.2",
        "poste": "PL.2",
        "zone_id": "168015000"
      },
      "type": "Feature"
    },
    {
      "geometry": {
        "coordinates": [
          -0.595458,
          44.800854
        ],
        "type": "Point"
      },
      "properties": {
        "adresse": null,
        "campaign_year": 2021,
        "commune": "Talence",
        "direction_labels": [
          "Vers Avenue Marly"
        ],
        "num_cpev": "113",
        "point_id": "2021-113-PI.1",
        "poste": "PI.1",
        "zone_id": "168011000"
      },
      "type": "Feature"
    },
    {
      "geometry": {
        "coordinates": [
          -0.595336,
          44.800793
        ],
        "type": "Point"
      },
      "properties": {
        "adresse": null,
        "campaign_year": 2021,
        "commune": "Talence",
        "direction_labels": [
          "Vers Avenue du Breuil"
        ],
        "num_cpev": "113",
        "point_id": "2021-113-PI.2",
        "poste": "PI.2",
        "zone_id": "168011000"
      },
      "type": "Feature"
    },
    {
      "geometry": {
        "coordinates": [
          -0.566423,
          44.786006
        ],
        "type": "Point"
      },
      "properties": {
        "adresse": null,
        "campaign_year": 2021,
        "commune": "Villenave d Ornon",
        "direction_labels": [
          "Vers Avenue Danielle Mitterrand"
        ],
        "num_cpev": "114",
        "point_id": "2021-114-PD.1",
        "poste": "PD.1",
        "zone_id": "167013000"
      },
      "type": "Feature"
    },
    {
      "geometry": {
        "coordinates": [
          -0.566361,
          44.78601
        ],
        "type": "Point"
      },
      "properties": {
        "adresse": null,
        "campaign_year": 2021,
        "commune": "Villenave d Ornon",
        "direction_labels": [
          "Vers Rue Alexis Labro"
        ],
        "num_cpev": "114",
        "point_id": "2021-114-PD.2",
        "poste": "PD.2",
        "zone_id": "167013000"
      },
      "type": "Feature"
    },
    {
      "geometry": {
        "coordinates": [
          -0.564641,
          44.773569
        ],
        "type": "Point"
      },
      "properties": {
        "adresse": null,
        "campaign_year": 2021,
        "commune": "Villenave d Ornon",
        "direction_labels": [
          "Vers Rue Marcel Utrillo"
        ],
        "num_cpev": "115",
        "point_id": "2021-115-PW2.1",
        "poste": "PW2.1",
        "zone_id": "176007000"
      },
      "type": "Feature"
    },
    {
      "geometry": {
        "coordinates": [
          -0.564518,
          44.773554
        ],
        "type": "Point"
      },
      "properties": {
        "adresse": null,
        "campaign_year": 2021,
        "commune": "Villenave d Ornon",
        "direction_labels": [
          "Vers Rue de Montrignac"
        ],
        "num_cpev": "115",
        "point_id": "2021-115-PW2.2",
        "poste": "PW2.2",
        "zone_id": "176007000"
      },
      "type": "Feature"
    },
    {
      "geometry": {
        "coordinates": [
          -0.539178,
          44.842236
        ],
        "type": "Point"
      },
      "properties": {
        "adresse": null,
        "campaign_year": 2021,
        "commune": "Floirac",
        "direction_labels": [
          "Vers Avenue Jean Jaurès"
        ],
        "num_cpev": "116",
        "point_id": "2021-116-P17.1",
        "poste": "P17.1",
        "zone_id": "166009000"
      },
      "type": "Feature"
    },
    {
      "geometry": {
        "coordinates": [
          -0.539183,
          44.842289
        ],
        "type": "Point"
      },
      "properties": {
        "adresse": null,
        "campaign_year": 2021,
        "commune": "Floirac",
        "direction_labels": [
          "Vers Rue Marcelin Berthelot"
        ],
        "num_cpev": "116",
        "point_id": "2021-116-P17.2",
        "poste": "P17.2",
        "zone_id": "166007000"
      },
      "type": "Feature"
    },
    {
      "geometry": {
        "coordinates": [
          -0.57957,
          44.832352
        ],
        "type": "Point"
      },
      "properties": {
        "adresse": null,
        "campaign_year": 2021,
        "commune": "Bordeaux",
        "direction_labels": [
          "Vers Place de la Victoire"
        ],
        "num_cpev": "117",
        "point_id": "2021-117-P56.1",
        "poste": "P56.1",
        "zone_id": "162019000"
      },
      "type": "Feature"
    },
    {
      "geometry": {
        "coordinates": [
          -0.579554,
          44.832432
        ],
        "type": "Point"
      },
      "properties": {
        "adresse": null,
        "campaign_year": 2021,
        "commune": "Bordeaux",
        "direction_labels": [
          "Vers Cours d'Albret"
        ],
        "num_cpev": "117",
        "point_id": "2021-117-P56.2",
        "poste": "P56.2",
        "zone_id": "161006000"
      },
      "type": "Feature"
    },
    {
      "geometry": {
        "coordinates": [
          -0.573658,
          44.831107
        ],
        "type": "Point"
      },
      "properties": {
        "adresse": null,
        "campaign_year": 2021,
        "commune": "Bordeaux",
        "direction_labels": [
          "Vers Place de la Victoire"
        ],
        "num_cpev": "118",
        "point_id": "2021-118-P57.1",
        "poste": "P57.1",
        "zone_id": "161010000"
      },
      "type": "Feature"
    },
    {
      "geometry": {
        "coordinates": [
          -0.573704,
          44.831061
        ],
        "type": "Point"
      },
      "properties": {
        "adresse": null,
        "campaign_year": 2021,
        "commune": "Bordeaux",
        "direction_labels": [
          "Vers Cours d'Albret"
        ],
        "num_cpev": "118",
        "point_id": "2021-118-P57.2",
        "poste": "P57.2",
        "zone_id": "162011000"
      },
      "type": "Feature"
    },
    {
      "geometry": {
        "coordinates": [
          -0.558832,
          44.839488
        ],
        "type": "Point"
      },
      "properties": {
        "adresse": null,
        "campaign_year": 2021,
        "commune": "Bordeaux",
        "direction_labels": [
          "Vers Henri Dunant"
        ],
        "num_cpev": "119",
        "point_id": "2021-119-P18.1",
        "poste": "P18.1",
        "zone_id": "166001000"
      },
      "type": "Feature"
    },
    {
      "geometry": {
        "coordinates": [
          -0.558853,
          44.83953
        ],
        "type": "Point"
      },
      "properties": {
        "adresse": null,
        "campaign_year": 2021,
        "commune": "Bordeaux",
        "direction_labels": [
          "Quai Deschamps"
        ],
        "num_cpev": "119",
        "point_id": "2021-119-P18.2",
        "poste": "P18.2",
        "zone_id": "166001000"
      },
      "type": "Feature"
    },
    {
      "geometry": {
        "coordinates": [
          -0.564544,
          44.812967
        ],
        "type": "Point"
      },
      "properties": {
        "adresse": null,
        "campaign_year": 2021,
        "commune": "Bègles",
        "direction_labels": [
          "Vers Rue Roland et Marie Richon"
        ],
        "num_cpev": "120",
        "point_id": "2021-120-P79.1",
        "poste": "P79.1",
        "zone_id": "167008000"
      },
      "type": "Feature"
    },
    {
      "geometry": {
        "coordinates": [
          -0.564496,
          44.812978
        ],
        "type": "Point"
      },
      "properties": {
        "adresse": null,
        "campaign_year": 2021,
        "commune": "Bègles",
        "direction_labels": [
          "Vers Barrière de Bègles"
        ],
        "num_cpev": "120",
        "point_id": "2021-120-P79.2",
        "poste": "P79.2",
        "zone_id": "167008000"
      },
      "type": "Feature"
    },
    {
      "geometry": {
        "coordinates": [
          -0.556985,
          44.796333
        ],
        "type": "Point"
      },
      "properties": {
        "adresse": null,
        "campaign_year": 2021,
        "commune": "Bègles",
        "direction_labels": [
          "Vers Rue Dilly Prolongée"
        ],
        "num_cpev": "121",
        "point_id": "2021-121-PC.1",
        "poste": "PC.1",
        "zone_id": "167009000"
      },
      "type": "Feature"
    },
    {
      "geometry": {
        "coordinates": [
          -0.55702,
          44.796377
        ],
        "type": "Point"
      },
      "properties": {
        "adresse": null,
        "campaign_year": 2021,
        "commune": "Bègles",
        "direction_labels": [
          "Vers Rue Alexis Labro"
        ],
        "num_cpev": "121",
        "point_id": "2021-121-PC.2",
        "poste": "PC.2",
        "zone_id": "167009000"
      },
      "type": "Feature"
    },
    {
      "geometry": {
        "coordinates": [
          -0.590681,
          44.875683
        ],
        "type": "Point"
      },
      "properties": {
        "adresse": null,
        "campaign_year": 2021,
        "commune": "Bruges",
        "direction_labels": [
          "Vers Rue Alfred Bert"
        ],
        "num_cpev": "123",
        "point_id": "2021-123-PX2.1",
        "poste": "PX2.1",
        "zone_id": "173014000"
      },
      "type": "Feature"
    },
    {
      "geometry": {
        "coordinates": [
          -0.590643,
          44.875691
        ],
        "type": "Point"
      },
      "properties": {
        "adresse": null,
        "campaign_year": 2021,
        "commune": "Bruges",
        "direction_labels": [
          "Vers Avenue Périé"
        ],
        "num_cpev": "123",
        "point_id": "2021-123-PX2.2",
        "poste": "PX2.2",
        "zone_id": "173014000"
      },
      "type": "Feature"
    },
    {
      "geometry": {
        "coordinates": [
          -0.51562,
          44.857895
        ],
        "type": "Point"
      },
      "properties": {
        "adresse": null,
        "campaign_year": 2021,
        "commune": "Cenon",
        "direction_labels": [
          "Vers Rue du Loret"
        ],
        "num_cpev": "124",
        "point_id": "2021-124-PG1.1",
        "poste": "PG1.1",
        "zone_id": "175003000"
      },
      "type": "Feature"
    },
    {
      "geometry": {
        "coordinates": [
          -0.515481,
          44.857887
        ],
        "type": "Point"
      },
      "properties": {
        "adresse": null,
        "campaign_year": 2021,
        "commune": "Cenon",
        "direction_labels": [
          "Vers Rue Louis Mondaut"
        ],
        "num_cpev": "124",
        "point_id": "2021-124-PG1.2",
        "poste": "PG1.2",
        "zone_id": "175003000"
      },
      "type": "Feature"
    },
    {
      "geometry": {
        "coordinates": [
          -0.598657,
          44.846727
        ],
        "type": "Point"
      },
      "properties": {
        "adresse": null,
        "campaign_year": 2021,
        "commune": "Bordeaux",
        "direction_labels": [
          "Vers Boulevard du Président Wilson"
        ],
        "num_cpev": "125",
        "point_id": "2021-125-P31.1",
        "poste": "P31.1",
        "zone_id": "172006000"
      },
      "type": "Feature"
    },
    {
      "geometry": {
        "coordinates": [
          -0.598625,
          44.846782
        ],
        "type": "Point"
      },
      "properties": {
        "adresse": null,
        "campaign_year": 2021,
        "commune": "Bordeaux",
        "direction_labels": [
          "Vers Allée des Marronnières"
        ],
        "num_cpev": "125",
        "point_id": "2021-125-P31.2",
        "poste": "P31.2",
        "zone_id": "172006000"
      },
      "type": "Feature"
    },
    {
      "geometry": {
        "coordinates": [
          -0.630632,
          44.873609
        ],
        "type": "Point"
      },
      "properties": {
        "adresse": null,
        "campaign_year": 2021,
        "commune": "Eysines",
        "direction_labels": [
          "Vers Rue du Canter"
        ],
        "num_cpev": "126",
        "point_id": "2021-126-PM2.1",
        "poste": "PM2.1",
        "zone_id": "180002000"
      },
      "type": "Feature"
    },
    {
      "geometry": {
        "coordinates": [
          -0.630632,
          44.87367
        ],
        "type": "Point"
      },
      "properties": {
        "adresse": null,
        "campaign_year": 2021,
        "commune": "Eysines",
        "direction_labels": [
          "Vers Avenue du Taillan"
        ],
        "num_cpev": "126",
        "point_id": "2021-126-PM2.2",
        "poste": "PM2.2",
        "zone_id": "180002000"
      },
      "type": "Feature"
    },
    {
      "geometry": {
        "coordinates": [
          -0.56148,
          44.86637
        ],
        "type": "Point"
      },
      "properties": {
        "adresse": null,
        "campaign_year": 2021,
        "commune": "Bordeaux",
        "direction_labels": [
          "Vers Boulevard Alfred Daney"
        ],
        "num_cpev": "128",
        "point_id": "2021-128-P39.1",
        "poste": "P39.1",
        "zone_id": "165009000"
      },
      "type": "Feature"
    },
    {
      "geometry": {
        "coordinates": [
          -0.561534,
          44.866302
        ],
        "type": "Point"
      },
      "properties": {
        "adresse": null,
        "campaign_year": 2021,
        "commune": "Bordeaux",
        "direction_labels": [
          "Vers Pont Chaban"
        ],
        "num_cpev": "128",
        "point_id": "2021-128-P39.2",
        "poste": "P39.2",
        "zone_id": "165002000"
      },
      "type": "Feature"
    },
    {
      "geometry": {
        "coordinates": [
          -0.553067,
          44.875924
        ],
        "type": "Point"
      },
      "properties": {
        "adresse": null,
        "campaign_year": 2021,
        "commune": "Bordeaux",
        "direction_labels": [
          "Vers Rue de Nantes"
        ],
        "num_cpev": "129",
        "point_id": "2021-129-P38.1",
        "poste": "P38.1",
        "zone_id": "165006000"
      },
      "type": "Feature"
    },
    {
      "geometry": {
        "coordinates": [
          -0.553137,
          44.875934
        ],
        "type": "Point"
      },
      "properties": {
        "adresse": null,
        "campaign_year": 2021,
        "commune": "Bordeaux",
        "direction_labels": [
          "Vers Place René Maran"
        ],
        "num_cpev": "129",
        "point_id": "2021-129-P38.2",
        "poste": "P38.2",
        "zone_id": "165006000"
      },
      "type": "Feature"
    },
    {
      "geometry": {
        "coordinates": [
          -0.594391,
          44.828622
        ],
        "type": "Point"
      },
      "properties": {
        "adresse": null,
        "campaign_year": 2021,
        "commune": "Bordeaux",
        "direction_labels": [
          "Vers Rue de Cheminade"
        ],
        "num_cpev": "130",
        "point_id": "2021-130-P3.1",
        "poste": "P3.1",
        "zone_id": "172002000"
      },
      "type": "Feature"
    },
    {
      "geometry": {
        "coordinates": [
          -0.594288,
          44.828695
        ],
        "type": "Point"
      },
      "properties": {
        "adresse": null,
        "campaign_year": 2021,
        "commune": "Bordeaux",
        "direction_labels": [
          "Vers Rue Jean Dandicolle"
        ],
        "num_cpev": "130",
        "point_id": "2021-130-P3.2",
        "poste": "P3.2",
        "zone_id": "162014000"
      },
      "type": "Feature"
    },
    {
      "geometry": {
        "coordinates": [
          -0.52538,
          44.880141
        ],
        "type": "Point"
      },
      "properties": {
        "adresse": null,
        "campaign_year": 2021,
        "commune": "Lormont",
        "direction_labels": [
          "Vers Rue André Dupin"
        ],
        "num_cpev": "131",
        "point_id": "2021-131-PK1.1",
        "poste": "PK1.1",
        "zone_id": "174014000"
      },
      "type": "Feature"
    },
    {
      "geometry": {
        "coordinates": [
          -0.52535,
          44.880166
        ],
        "type": "Point"
      },
      "properties": {
        "adresse": null,
        "campaign_year": 2021,
        "commune": "Lormont",
        "direction_labels": [
          "Vers Rue Paul Courtault"
        ],
        "num_cpev": "131",
        "point_id": "2021-131-PK1.2",
        "poste": "PK1.2",
        "zone_id": "174014000"
      },
      "type": "Feature"
    },
    {
      "geometry": {
        "coordinates": [
          -0.578803,
          44.841806
        ],
        "type": "Point"
      },
      "properties": {
        "adresse": null,
        "campaign_year": 2021,
        "commune": "Bordeaux",
        "direction_labels": [
          "Vers Place Gambetta"
        ],
        "num_cpev": "132",
        "point_id": "2021-132-P47.1",
        "poste": "P47.1",
        "zone_id": "161007000"
      },
      "type": "Feature"
    },
    {
      "geometry": {
        "coordinates": [
          -0.578803,
          44.841806
        ],
        "type": "Point"
      },
      "properties": {
        "adresse": null,
        "campaign_year": 2021,
        "commune": "Bordeaux",
        "direction_labels": [
          "Vers Place de la Comédie"
        ],
        "num_cpev": "132",
        "point_id": "2021-132-P47.2",
        "poste": "P47.2",
        "zone_id": "161007000"
      },
      "type": "Feature"
    },
    {
      "geometry": {
        "coordinates": [
          -0.57452,
          44.843511
        ],
        "type": "Point"
      },
      "properties": {
        "adresse": null,
        "campaign_year": 2021,
        "commune": "Bordeaux",
        "direction_labels": [
          "Vers Esprit des Lois"
        ],
        "num_cpev": "133",
        "point_id": "2021-133-P42.1",
        "poste": "P42.1",
        "zone_id": "161008000"
      },
      "type": "Feature"
    },
    {
      "geometry": {
        "coordinates": [
          -0.574435,
          44.843519
        ],
        "type": "Point"
      },
      "properties": {
        "adresse": null,
        "campaign_year": 2021,
        "commune": "Bordeaux",
        "direction_labels": [
          "Vers les Allées d'Orléans"
        ],
        "num_cpev": "133",
        "point_id": "2021-133-P42.2",
        "poste": "P42.2",
        "zone_id": "161008000"
      },
      "type": "Feature"
    },
    {
      "geometry": {
        "coordinates": [
          -0.55534,
          44.85961
        ],
        "type": "Point"
      },
      "properties": {
        "adresse": null,
        "campaign_year": 2021,
        "commune": "Bordeaux",
        "direction_labels": [
          "Vers Pont Chaban"
        ],
        "num_cpev": "134",
        "point_id": "2021-134-P10.1",
        "poste": "P10.1",
        "zone_id": "165001000"
      },
      "type": "Feature"
    },
    {
      "geometry": {
        "coordinates": [
          -0.555358,
          44.859641
        ],
        "type": "Point"
      },
      "properties": {
        "adresse": null,
        "campaign_year": 2021,
        "commune": "Bordeaux",
        "direction_labels": [
          "Vers Rue de la Faïencerie"
        ],
        "num_cpev": "134",
        "point_id": "2021-134-P10.2",
        "poste": "P10.2",
        "zone_id": "165001000"
      },
      "type": "Feature"
    },
    {
      "geometry": {
        "coordinates": [
          -0.549664,
          44.866703
        ],
        "type": "Point"
      },
      "properties": {
        "adresse": null,
        "campaign_year": 2021,
        "commune": "Bordeaux",
        "direction_labels": [
          "Vers Rue de Saïgon"
        ],
        "num_cpev": "135",
        "point_id": "2021-135-P13.1",
        "poste": "P13.1",
        "zone_id": "165004000"
      },
      "type": "Feature"
    },
    {
      "geometry": {
        "coordinates": [
          -0.54971,
          44.826656
        ],
        "type": "Point"
      },
      "properties": {
        "adresse": null,
        "campaign_year": 2021,
        "commune": "Bordeaux",
        "direction_labels": [
          "Vers Rue de Belcier"
        ],
        "num_cpev": "135",
        "point_id": "2021-135-P13.2",
        "poste": "P13.2",
        "zone_id": "161018000"
      },
      "type": "Feature"
    },
    {
      "geometry": {
        "coordinates": [
          -0.585593,
          44.851228
        ],
        "type": "Point"
      },
      "properties": {
        "adresse": null,
        "campaign_year": 2021,
        "commune": "Bordeaux",
        "direction_labels": [
          "Vers Rue Cassignol"
        ],
        "num_cpev": "136",
        "point_id": "2021-136-P36.1",
        "poste": "P36.1",
        "zone_id": "163013000"
      },
      "type": "Feature"
    },
    {
      "geometry": {
        "coordinates": [
          -0.585631,
          44.851167
        ],
        "type": "Point"
      },
      "properties": {
        "adresse": null,
        "campaign_year": 2021,
        "commune": "Bordeaux",
        "direction_labels": [
          "Vers Rue Dardenne"
        ],
        "num_cpev": "136",
        "point_id": "2021-136-P36.2",
        "poste": "P36.2",
        "zone_id": "163013000"
      },
      "type": "Feature"
    },
    {
      "geometry": {
        "coordinates": [
          -0.573282,
          44.83795
        ],
        "type": "Point"
      },
      "properties": {
        "adresse": null,
        "campaign_year": 2021,
        "commune": "Bordeaux",
        "direction_labels": [
          "Vers Rue Arnaud Miqueu"
        ],
        "num_cpev": "137",
        "point_id": "2021-137-PD1.1",
        "poste": "PD1.1",
        "zone_id": "161003000"
      },
      "type": "Feature"
    },
    {
      "geometry": {
        "coordinates": [
          -0.573282,
          44.83795
        ],
        "type": "Point"
      },
      "properties": {
        "adresse": null,
        "campaign_year": 2021,
        "commune": "Bordeaux",
        "direction_labels": [
          "Vers Rue Saint Catherine"
        ],
        "num_cpev": "137",
        "point_id": "2021-137-PD1.2",
        "poste": "PD1.2",
        "zone_id": "161003000"
      },
      "type": "Feature"
    },
    {
      "geometry": {
        "coordinates": [
          -0.57226,
          44.843167
        ],
        "type": "Point"
      },
      "properties": {
        "adresse": null,
        "campaign_year": 2021,
        "commune": "Bordeaux",
        "direction_labels": [
          "Vers Place de la Comédie"
        ],
        "num_cpev": "138",
        "point_id": "2021-138-P46,1",
        "poste": "P46,1",
        "zone_id": "161009000"
      },
      "type": "Feature"
    },
    {
      "geometry": {
        "coordinates": [
          -0.572228,
          44.843121
        ],
        "type": "Point"
      },
      "properties": {
        "adresse": null,
        "campaign_year": 2021,
        "commune": "Bordeaux",
        "direction_labels": [
          "Vers les Quais"
        ],
        "num_cpev": "138",
        "point_id": "2021-138-P46.2",
        "poste": "P46.2",
        "zone_id": "161009000"
      },
      "type": "Feature"
    },
    {
      "geometry": {
        "coordinates": [
          -0.567135,
          44.829614
        ],
        "type": "Point"
      },
      "properties": {
        "adresse": null,
        "campaign_year": 2021,
        "commune": "Bordeaux",
        "direction_labels": [
          "Vers Rue Max Coyne"
        ],
        "num_cpev": "139",
        "point_id": "2021-139-PE1.1",
        "poste": "PE1.1",
        "zone_id": "162002000"
      },
      "type": "Feature"
    },
    {
      "geometry": {
        "coordinates": [
          -0.567114,
          44.829658
        ],
        "type": "Point"
      },
      "properties": {
        "adresse": null,
        "campaign_year": 2021,
        "commune": "Bordeaux",
        "direction_labels": [
          "Vers Impasse Saint Jean"
        ],
        "num_cpev": "139",
        "point_id": "2021-139-PE1.2",
        "poste": "PE1.2",
        "zone_id": "161015000"
      },
      "type": "Feature"
    },
    {
      "geometry": {
        "coordinates": [
          -0.587939,
          44.844106
        ],
        "type": "Point"
      },
      "properties": {
        "adresse": null,
        "campaign_year": 2021,
        "commune": "Bordeaux",
        "direction_labels": [
          "Vers Rue Goya"
        ],
        "num_cpev": "140",
        "point_id": "2021-140-P33.1",
        "poste": "P33.1",
        "zone_id": "163011000"
      },
      "type": "Feature"
    },
    {
      "geometry": {
        "coordinates": [
          -0.587982,
          44.844079
        ],
        "type": "Point"
      },
      "properties": {
        "adresse": null,
        "campaign_year": 2021,
        "commune": "Bordeaux",
        "direction_labels": [
          "Vers Rue Docteur Albert Barrad"
        ],
        "num_cpev": "140",
        "point_id": "2021-140-P33.2",
        "poste": "P33.2",
        "zone_id": "163011000"
      },
      "type": "Feature"
    },
    {
      "geometry": {
        "coordinates": [
          -0.560693,
          44.832501
        ],
        "type": "Point"
      },
      "properties": {
        "adresse": null,
        "campaign_year": 2021,
        "commune": "Bordeaux",
        "direction_labels": [
          "Vers Quinconces"
        ],
        "num_cpev": "141",
        "point_id": "2021-141-P12.1",
        "poste": "P12.1",
        "zone_id": "161015000"
      },
      "type": "Feature"
    },
    {
      "geometry": {
        "coordinates": [
          -0.560773,
          44.832783
        ],
        "type": "Point"
      },
      "properties": {
        "adresse": null,
        "campaign_year": 2021,
        "commune": "Bordeaux",
        "direction_labels": [
          "Vers Pont St Jean"
        ],
        "num_cpev": "141",
        "point_id": "2021-141-P12.2",
        "poste": "P12.2",
        "zone_id": "161015000"
      },
      "type": "Feature"
    },
    {
      "geometry": {
        "coordinates": [
          -0.563096,
          44.848566
        ],
        "type": "Point"
      },
      "properties": {
        "adresse": "75 quai Queyries",
        "campaign_year": 2021,
        "commune": "Bordeaux",
        "direction_labels": [
          "Vers le Pont Chaban Delmas"
        ],
        "num_cpev": "15",
        "point_id": "2021-15-P62.1",
        "poste": "P62.1",
        "zone_id": "166002000"
      },
      "type": "Feature"
    },
    {
      "geometry": {
        "coordinates": [
          -0.563143,
          44.848584
        ],
        "type": "Point"
      },
      "properties": {
        "adresse": "75 quai Queyries",
        "campaign_year": 2021,
        "commune": "Bordeaux",
        "direction_labels": [
          "Vers le Pont de Pierre"
        ],
        "num_cpev": "15",
        "point_id": "2021-15-P62.2",
        "poste": "P62.2",
        "zone_id": "166002000"
      },
      "type": "Feature"
    },
    {
      "geometry": {
        "coordinates": [
          -0.53298,
          44.851245
        ],
        "type": "Point"
      },
      "properties": {
        "adresse": "100 cours Victor Hugo",
        "campaign_year": 2021,
        "commune": "Cenon",
        "direction_labels": [
          "Vers Boulevards de l'Entre-Deux-Mers"
        ],
        "num_cpev": "16",
        "point_id": "2021-16-P75.1",
        "poste": "P75.1",
        "zone_id": "166007000"
      },
      "type": "Feature"
    },
    {
      "geometry": {
        "coordinates": [
          -0.532933,
          44.851225
        ],
        "type": "Point"
      },
      "properties": {
        "adresse": "100 cours Victor Hugo",
        "campaign_year": 2021,
        "commune": "Cenon",
        "direction_labels": [
          "Vers Rue du Maréchal Foch"
        ],
        "num_cpev": "16",
        "point_id": "2021-16-P75.2",
        "poste": "P75.2",
        "zone_id": "166007000"
      },
      "type": "Feature"
    },
    {
      "geometry": {
        "coordinates": [
          -0.530521,
          44.838946
        ],
        "type": "Point"
      },
      "properties": {
        "adresse": "100 avenue Pasteur",
        "campaign_year": 2021,
        "commune": "Floirac",
        "direction_labels": [
          "Vers Avenue Pierre Curie"
        ],
        "num_cpev": "17",
        "point_id": "2021-17-P76.1",
        "poste": "P76.1",
        "zone_id": "166008000"
      },
      "type": "Feature"
    },
    {
      "geometry": {
        "coordinates": [
          -0.530371,
          44.83894
        ],
        "type": "Point"
      },
      "properties": {
        "adresse": "100 avenue Pasteur",
        "campaign_year": 2021,
        "commune": "Floirac",
        "direction_labels": [
          "Vers Boulevards de l'Entre-Deux-Mers"
        ],
        "num_cpev": "17",
        "point_id": "2021-17-P76.2",
        "poste": "P76.2",
        "zone_id": "166008000"
      },
      "type": "Feature"
    },
    {
      "geometry": {
        "coordinates": [
          -0.512039,
          44.819863
        ],
        "type": "Point"
      },
      "properties": {
        "adresse": "7 route de Latresne",
        "campaign_year": 2021,
        "commune": "Bouliac",
        "direction_labels": [
          "Vers Allée Sylvestre"
        ],
        "num_cpev": "18",
        "point_id": "2021-18-PE2.1",
        "poste": "PE2.1",
        "zone_id": "175013000"
      },
      "type": "Feature"
    },
    {
      "geometry": {
        "coordinates": [
          -0.512108,
          44.819849
        ],
        "type": "Point"
      },
      "properties": {
        "adresse": "7 route de Latresne",
        "campaign_year": 2021,
        "commune": "Bouliac",
        "direction_labels": [
          "Vers Chemin des Collines"
        ],
        "num_cpev": "18",
        "point_id": "2021-18-PE2.2",
        "poste": "PE2.2",
        "zone_id": "175013000"
      },
      "type": "Feature"
    },
    {
      "geometry": {
        "coordinates": [
          -0.497293,
          44.858862
        ],
        "type": "Point"
      },
      "properties": {
        "adresse": "83 avenue de l'Eglise Romane",
        "campaign_year": 2021,
        "commune": "Artigues",
        "direction_labels": [
          "Vers Allée des Aulnes"
        ],
        "num_cpev": "19",
        "point_id": "2021-19-PH1.1",
        "poste": "PH1.1",
        "zone_id": "175008000"
      },
      "type": "Feature"
    },
    {
      "geometry": {
        "coordinates": [
          -0.497242,
          44.858875
        ],
        "type": "Point"
      },
      "properties": {
        "adresse": "83 avenue de l'Eglise Romane",
        "campaign_year": 2021,
        "commune": "Artigues",
        "direction_labels": [
          "Vers Avenue Virecourt"
        ],
        "num_cpev": "19",
        "point_id": "2021-19-PH1.2",
        "poste": "PH1.2",
        "zone_id": "175008000"
      },
      "type": "Feature"
    },
    {
      "geometry": {
        "coordinates": [
          -0.592239,
          44.777394
        ],
        "type": "Point"
      },
      "properties": {
        "adresse": "121 Croix de Monjous",
        "campaign_year": 2021,
        "commune": "Gradignan",
        "direction_labels": [
          "Vers Rue de Bénédigues"
        ],
        "num_cpev": "21",
        "point_id": "2021-21-PE.1",
        "poste": "PE.1",
        "zone_id": "177002000"
      },
      "type": "Feature"
    },
    {
      "geometry": {
        "coordinates": [
          -0.612455,
          44.789182
        ],
        "type": "Point"
      },
      "properties": {
        "adresse": "11 rue Naudet",
        "campaign_year": 2021,
        "commune": "Gradignan",
        "direction_labels": [
          "Vers Rue Lucie Aubrac"
        ],
        "num_cpev": "22",
        "point_id": "2021-22-PH.1",
        "poste": "PH.1",
        "zone_id": "177008000"
      },
      "type": "Feature"
    },
    {
      "geometry": {
        "coordinates": [
          -0.612506,
          44.789172
        ],
        "type": "Point"
      },
      "properties": {
        "adresse": "11 rue Naudet",
        "campaign_year": 2021,
        "commune": "Gradignan",
        "direction_labels": [
          "Vers Rue des Tulipiers"
        ],
        "num_cpev": "22",
        "point_id": "2021-22-PH.2",
        "poste": "PH.2",
        "zone_id": "177008000"
      },
      "type": "Feature"
    },
    {
      "geometry": {
        "coordinates": [
          -0.655577,
          44.788305
        ],
        "type": "Point"
      },
      "properties": {
        "adresse": "130 avenue du Haut Lévêque",
        "campaign_year": 2021,
        "commune": "Pessac",
        "direction_labels": [
          "Vers Allée Henri Matisse"
        ],
        "num_cpev": "23",
        "point_id": "2021-23-PP2.1",
        "poste": "PP2.1",
        "zone_id": "178001000"
      },
      "type": "Feature"
    },
    {
      "geometry": {
        "coordinates": [
          -0.655668,
          44.788286
        ],
        "type": "Point"
      },
      "properties": {
        "adresse": "130 avenue du Haut Lévêque",
        "campaign_year": 2021,
        "commune": "Pessac",
        "direction_labels": [
          "Vers Avenue de Canéjan"
        ],
        "num_cpev": "23",
        "point_id": "2021-23-PP2.2",
        "poste": "PP2.2",
        "zone_id": "178002000"
      },
      "type": "Feature"
    },
    {
      "geometry": {
        "coordinates": [
          -0.599037,
          44.802578
        ],
        "type": "Point"
      },
      "properties": {
        "adresse": "14 avenue de l'Université",
        "campaign_year": 2021,
        "commune": "Talence",
        "direction_labels": [
          "Vers Avenue Roul"
        ],
        "num_cpev": "24",
        "point_id": "2021-24-PU2.1",
        "poste": "PU2.1",
        "zone_id": "168014000"
      },
      "type": "Feature"
    },
    {
      "geometry": {
        "coordinates": [
          -0.599115,
          44.802489
        ],
        "type": "Point"
      },
      "properties": {
        "adresse": "14 avenue de l'Université",
        "campaign_year": 2021,
        "commune": "Talence",
        "direction_labels": [
          "Vers Cours de la Libération"
        ],
        "num_cpev": "24",
        "point_id": "2021-24-PU2.2",
        "poste": "PU2.2",
        "zone_id": "168014000"
      },
      "type": "Feature"
    },
    {
      "geometry": {
        "coordinates": [
          -0.612223,
          44.803264
        ],
        "type": "Point"
      },
      "properties": {
        "adresse": "78 avenue du Dr Albert Schweitzer",
        "campaign_year": 2021,
        "commune": "Pessac",
        "direction_labels": [
          "Vers Avenue Fanning Lafontaine"
        ],
        "num_cpev": "25",
        "point_id": "2021-25-PJ.1",
        "poste": "PJ.1",
        "zone_id": "169006000"
      },
      "type": "Feature"
    },
    {
      "geometry": {
        "coordinates": [
          -0.612285,
          44.803329
        ],
        "type": "Point"
      },
      "properties": {
        "adresse": "78 avenue du Dr Albert Schweitzer",
        "campaign_year": 2021,
        "commune": "Pessac",
        "direction_labels": [
          "Vers Avenue Phenix Haut-Brion"
        ],
        "num_cpev": "25",
        "point_id": "2021-25-PJ.2",
        "poste": "PJ.2",
        "zone_id": "169006000"
      },
      "type": "Feature"
    },
    {
      "geometry": {
        "coordinates": [
          -0.599143,
          44.818478
        ],
        "type": "Point"
      },
      "properties": {
        "adresse": "12 rue de la Médoquine",
        "campaign_year": 2021,
        "commune": "Talence",
        "direction_labels": [
          "Vers Avenue Paul Bert"
        ],
        "num_cpev": "26",
        "point_id": "2021-26-PM.1",
        "poste": "PM.1",
        "zone_id": "168015000"
      },
      "type": "Feature"
    },
    {
      "geometry": {
        "coordinates": [
          -0.599143,
          44.818478
        ],
        "type": "Point"
      },
      "properties": {
        "adresse": "12 rue de la Médoquine",
        "campaign_year": 2021,
        "commune": "Talence",
        "direction_labels": [
          "Vers Cours Maréchal Gallieni"
        ],
        "num_cpev": "26",
        "point_id": "2021-26-PM.2",
        "poste": "PM.2",
        "zone_id": "168015000"
      },
      "type": "Feature"
    },
    {
      "geometry": {
        "coordinates": [
          -0.648021,
          44.832179
        ],
        "type": "Point"
      },
      "properties": {
        "adresse": "3 avenue de Belfort",
        "campaign_year": 2021,
        "commune": "Mérignac",
        "direction_labels": [
          "Vers Avenue de la Marne"
        ],
        "num_cpev": "27",
        "point_id": "2021-27-PR.1",
        "poste": "PR.1",
        "zone_id": "171001000"
      },
      "type": "Feature"
    },
    {
      "geometry": {
        "coordinates": [
          -0.648128,
          44.832194
        ],
        "type": "Point"
      },
      "properties": {
        "adresse": "3 avenue de Belfort",
        "campaign_year": 2021,
        "commune": "Mérignac",
        "direction_labels": [
          "Vers Avenue des Eyquems"
        ],
        "num_cpev": "27",
        "point_id": "2021-27-PR.2",
        "poste": "PR.2",
        "zone_id": "171001000"
      },
      "type": "Feature"
    },
    {
      "geometry": {
        "coordinates": [
          -0.573404,
          44.804765
        ],
        "type": "Point"
      },
      "properties": {
        "adresse": "16 chemin de Leysotte",
        "campaign_year": 2021,
        "commune": "Villenave d Ornon",
        "direction_labels": [
          "Vers Rue de la Vérité"
        ],
        "num_cpev": "28",
        "point_id": "2021-28-P80.1",
        "poste": "P80.1",
        "zone_id": "168004000"
      },
      "type": "Feature"
    },
    {
      "geometry": {
        "coordinates": [
          -0.573358,
          44.804742
        ],
        "type": "Point"
      },
      "properties": {
        "adresse": "16 chemin de Leysotte",
        "campaign_year": 2021,
        "commune": "Villenave d Ornon",
        "direction_labels": [
          "Vers Route de Toulouse"
        ],
        "num_cpev": "28",
        "point_id": "2021-28-P80.2",
        "poste": "P80.2",
        "zone_id": "168004000"
      },
      "type": "Feature"
    },
    {
      "geometry": {
        "coordinates": [
          -0.534616,
          44.876817
        ],
        "type": "Point"
      },
      "properties": {
        "adresse": "10 quai Numa Sensine",
        "campaign_year": 2021,
        "commune": "Lormont",
        "direction_labels": [
          "Vers Place Aristide Briand"
        ],
        "num_cpev": "29",
        "point_id": "2021-29-P73.1",
        "poste": "P73.1",
        "zone_id": "174014000"
      },
      "type": "Feature"
    },
    {
      "geometry": {
        "coordinates": [
          -0.534775,
          44.876859
        ],
        "type": "Point"
      },
      "properties": {
        "adresse": "10 quai Numa Sensine",
        "campaign_year": 2021,
        "commune": "Lormont",
        "direction_labels": [
          "Vers Quai de Brazza"
        ],
        "num_cpev": "29",
        "point_id": "2021-29-P73.2",
        "poste": "P73.2",
        "zone_id": "174014000"
      },
      "type": "Feature"
    },
    {
      "geometry": {
        "coordinates": [
          -0.538454,
          44.880232
        ],
        "type": "Point"
      },
      "properties": {
        "adresse": "Pont d'Aquitaine",
        "campaign_year": 2021,
        "commune": "Bordeaux",
        "direction_labels": [
          "Vers rive gauche_x000D_"
        ],
        "num_cpev": "30",
        "point_id": "2021-30-P8.1",
        "poste": "P8.1",
        "zone_id": "165007000"
      },
      "type": "Feature"
    },
    {
      "geometry": {
        "coordinates": [
          -0.538496,
          44.880114
        ],
        "type": "Point"
      },
      "properties": {
        "adresse": "Pont d'Aquitaine",
        "campaign_year": 2021,
        "commune": "Bordeaux",
        "direction_labels": [
          "Vers rive droite"
        ],
        "num_cpev": "30",
        "point_id": "2021-30-P8.2",
        "poste": "P8.2",
        "zone_id": "165007000"
      },
      "type": "Feature"
    },
    {
      "geometry": {
        "coordinates": [
          -0.562514,
          44.880516
        ],
        "type": "Point"
      },
      "properties": {
        "adresse": "Boulevard Aliénor d'Aquitaine",
        "campaign_year": 2021,
        "commune": "Bordeaux",
        "direction_labels": [
          "Vers échangeur 4"
        ],
        "num_cpev": "31",
        "point_id": "2021-31-P7.1",
        "poste": "P7.1",
        "zone_id": "165010000"
      },
      "type": "Feature"
    },
    {
      "geometry": {
        "coordinates": [
          -0.562814,
          44.880413
        ],
        "type": "Point"
      },
      "properties": {
        "adresse": "Boulevard Aliénor d'Aquitaine",
        "campaign_year": 2021,
        "commune": "Bordeaux",
        "direction_labels": [
          "Vers Place Latule_x000D_"
        ],
        "num_cpev": "31",
        "point_id": "2021-31-P7.2",
        "poste": "P7.2",
        "zone_id": "165013000"
      },
      "type": "Feature"
    },
    {
      "geometry": {
        "coordinates": [
          -0.55155,
          44.858268
        ],
        "type": "Point"
      },
      "properties": {
        "adresse": "Pont Chaban Delmas",
        "campaign_year": 2021,
        "commune": "Bordeaux",
        "direction_labels": [
          "Vers Quai Bacalan"
        ],
        "num_cpev": "32",
        "point_id": "2021-32-PI2.1",
        "poste": "PI2.1",
        "zone_id": "166002000"
      },
      "type": "Feature"
    },
    {
      "geometry": {
        "coordinates": [
          -0.551743,
          44.858169
        ],
        "type": "Point"
      },
      "properties": {
        "adresse": "Pont Chaban Delmas",
        "campaign_year": 2021,
        "commune": "Bordeaux",
        "direction_labels": [
          "Vers Quai de Brazza"
        ],
        "num_cpev": "32",
        "point_id": "2021-32-PI2.2",
        "poste": "PI2.2",
        "zone_id": "166002000"
      },
      "type": "Feature"
    },
    {
      "geometry": {
        "coordinates": [
          -0.564618,
          44.854855
        ],
        "type": "Point"
      },
      "properties": {
        "adresse": "100 quai des Chartrons",
        "campaign_year": 2021,
        "commune": "Bordeaux",
        "direction_labels": [
          "Vers Cours du Médoc"
        ],
        "num_cpev": "33",
        "point_id": "2021-33-P78.1",
        "poste": "P78.1",
        "zone_id": "164006000"
      },
      "type": "Feature"
    },
    {
      "geometry": {
        "coordinates": [
          -0.564698,
          44.854906
        ],
        "type": "Point"
      },
      "properties": {
        "adresse": "100 quai des Chartrons",
        "campaign_year": 2021,
        "commune": "Bordeaux",
        "direction_labels": [
          "Vers Cours de la Martinique"
        ],
        "num_cpev": "33",
        "point_id": "2021-33-P78.2",
        "poste": "P78.2",
        "zone_id": "164006000"
      },
      "type": "Feature"
    },
    {
      "geometry": {
        "coordinates": [
          -0.568577,
          44.860236
        ],
        "type": "Point"
      },
      "properties": {
        "adresse": "99 cours Saint-Louis",
        "campaign_year": 2021,
        "commune": "Bordeaux",
        "direction_labels": [
          "Vers Impasse Pierre-Paul Courau"
        ],
        "num_cpev": "34",
        "point_id": "2021-34-P40.1",
        "poste": "P40.1",
        "zone_id": "165002000"
      },
      "type": "Feature"
    },
    {
      "geometry": {
        "coordinates": [
          -0.568542,
          44.860219
        ],
        "type": "Point"
      },
      "properties": {
        "adresse": "99 cours Saint-Louis",
        "campaign_year": 2021,
        "commune": "Bordeaux",
        "direction_labels": [
          "Vers Cours du Médoc"
        ],
        "num_cpev": "34",
        "point_id": "2021-34-P40.2",
        "poste": "P40.2",
        "zone_id": "165002000"
      },
      "type": "Feature"
    },
    {
      "geometry": {
        "coordinates": [
          -0.575959,
          44.867106
        ],
        "type": "Point"
      },
      "properties": {
        "adresse": "Parc relais Ravezies Le Bouscat allée de Boutaut",
        "campaign_year": 2021,
        "commune": "Bordeaux",
        "direction_labels": [
          "Vers Place Ravezies"
        ],
        "num_cpev": "35",
        "point_id": "2021-35-PA1.1",
        "poste": "PA1.1",
        "zone_id": "173005000"
      },
      "type": "Feature"
    },
    {
      "geometry": {
        "coordinates": [
          -0.575691,
          44.867157
        ],
        "type": "Point"
      },
      "properties": {
        "adresse": "Parc relais Ravezies Le Bouscat allée de Boutaut",
        "campaign_year": 2021,
        "commune": "Bordeaux",
        "direction_labels": [
          "Vers Rue du Professeur Lannelongue"
        ],
        "num_cpev": "35",
        "point_id": "2021-35-PA1.2",
        "poste": "PA1.2",
        "zone_id": "165012000"
      },
      "type": "Feature"
    },
    {
      "geometry": {
        "coordinates": [
          -0.59947,
          44.865122
        ],
        "type": "Point"
      },
      "properties": {
        "adresse": "22 place Gambetta",
        "campaign_year": 2021,
        "commune": "Le Bouscat",
        "direction_labels": [
          "Vers Rue Emile Zola"
        ],
        "num_cpev": "36",
        "point_id": "2021-36-PN2.1",
        "poste": "PN2.1",
        "zone_id": "173007000"
      },
      "type": "Feature"
    },
    {
      "geometry": {
        "coordinates": [
          -0.59926,
          44.865145
        ],
        "type": "Point"
      },
      "properties": {
        "adresse": "22 place Gambetta",
        "campaign_year": 2021,
        "commune": "Le Bouscat",
        "direction_labels": [
          "Vers Avenue Léon Blum"
        ],
        "num_cpev": "36",
        "point_id": "2021-36-PN2.2",
        "poste": "PN2.2",
        "zone_id": "173007000"
      },
      "type": "Feature"
    },
    {
      "geometry": {
        "coordinates": [
          -0.624216,
          44.858472
        ],
        "type": "Point"
      },
      "properties": {
        "adresse": "359 avenue Maréchal De Lattre De Tassigny",
        "campaign_year": 2021,
        "commune": "Bordeaux",
        "direction_labels": [
          "Vers Rue Jude"
        ],
        "num_cpev": "37",
        "point_id": "2021-37-PU.1",
        "poste": "PU.1",
        "zone_id": "172021000"
      },
      "type": "Feature"
    },
    {
      "geometry": {
        "coordinates": [
          -0.624227,
          44.858369
        ],
        "type": "Point"
      },
      "properties": {
        "adresse": "359 avenue Maréchal De Lattre De Tassigny",
        "campaign_year": 2021,
        "commune": "Bordeaux",
        "direction_labels": [
          "Vers Rue Domion"
        ],
        "num_cpev": "37",
        "point_id": "2021-37-PU.2",
        "poste": "PU.2",
        "zone_id": "172021000"
      },
      "type": "Feature"
    },
    {
      "geometry": {
        "coordinates": [
          -0.618943,
          44.874672
        ],
        "type": "Point"
      },
      "properties": {
        "adresse": "427 route de Médoc",
        "campaign_year": 2021,
        "commune": "Bruges",
        "direction_labels": [
          "Vers Rue Louis Pasteur"
        ],
        "num_cpev": "38",
        "point_id": "2021-38-PV.1",
        "poste": "PV.1",
        "zone_id": "173012000"
      },
      "type": "Feature"
    },
    {
      "geometry": {
        "coordinates": [
          -0.619029,
          44.874604
        ],
        "type": "Point"
      },
      "properties": {
        "adresse": "427 route de Médoc",
        "campaign_year": 2021,
        "commune": "Bruges",
        "direction_labels": [
          "Vers Boulebards du Général Lyautey"
        ],
        "num_cpev": "38",
        "point_id": "2021-38-PV.2",
        "poste": "PV.2",
        "zone_id": "173004000"
      },
      "type": "Feature"
    },
    {
      "geometry": {
        "coordinates": [
          -0.593034,
          44.854546
        ],
        "type": "Point"
      },
      "properties": {
        "adresse": "16 boulevard Pierre 1er",
        "campaign_year": 2021,
        "commune": "Bordeaux",
        "direction_labels": [
          "Vers Avenue du Président Schuman"
        ],
        "num_cpev": "39",
        "point_id": "2021-39-P5.1",
        "poste": "P5.1",
        "zone_id": "173006000"
      },
      "type": "Feature"
    },
    {
      "geometry": {
        "coordinates": [
          -0.592885,
          44.854496
        ],
        "type": "Point"
      },
      "properties": {
        "adresse": "16 boulevard Pierre 1er",
        "campaign_year": 2021,
        "commune": "Bordeaux",
        "direction_labels": [
          "Vers Rue de Lisleferme"
        ],
        "num_cpev": "39",
        "point_id": "2021-39-P5.2",
        "poste": "P5.2",
        "zone_id": "163016000"
      },
      "type": "Feature"
    },
    {
      "geometry": {
        "coordinates": [
          -0.596359,
          44.847737
        ],
        "type": "Point"
      },
      "properties": {
        "adresse": "78 Cours Marc Nouaux",
        "campaign_year": 2021,
        "commune": "Bordeaux",
        "direction_labels": [
          "Vers Rue des Ormeux"
        ],
        "num_cpev": "40",
        "point_id": "2021-40-P32.1",
        "poste": "P32.1",
        "zone_id": "163005000"
      },
      "type": "Feature"
    },
    {
      "geometry": {
        "coordinates": [
          -0.596332,
          44.847798
        ],
        "type": "Point"
      },
      "properties": {
        "adresse": "78 Cours Marc Nouaux",
        "campaign_year": 2021,
        "commune": "Bordeaux",
        "direction_labels": [
          "Vers Boulevards Président Wilson"
        ],
        "num_cpev": "40",
        "point_id": "2021-40-P32.2",
        "poste": "P32.2",
        "zone_id": "163015000"
      },
      "type": "Feature"
    },
    {
      "geometry": {
        "coordinates": [
          -0.599126,
          44.831273
        ],
        "type": "Point"
      },
      "properties": {
        "adresse": "Rue Frantz Despagnet",
        "campaign_year": 2021,
        "commune": "Bordeaux",
        "direction_labels": [
          "Vers Boulevard Antoine Gautier_x000D_"
        ],
        "num_cpev": "41",
        "point_id": "2021-41-P26.1",
        "poste": "P26.1",
        "zone_id": "172001000"
      },
      "type": "Feature"
    },
    {
      "geometry": {
        "coordinates": [
          -0.599239,
          44.831291
        ],
        "type": "Point"
      },
      "properties": {
        "adresse": "Rue Frantz Despagnet",
        "campaign_year": 2021,
        "commune": "Bordeaux",
        "direction_labels": [
          "Vers Boulevard Pompidou_x000D_"
        ],
        "num_cpev": "41",
        "point_id": "2021-41-P26.2",
        "poste": "P26.2",
        "zone_id": "172001000"
      },
      "type": "Feature"
    },
    {
      "geometry": {
        "coordinates": [
          -0.591238,
          44.83905
        ],
        "type": "Point"
      },
      "properties": {
        "adresse": "Rue Brizard",
        "campaign_year": 2021,
        "commune": "Bordeaux",
        "direction_labels": [
          "Vers rue George Bonnac"
        ],
        "num_cpev": "42",
        "point_id": "2021-42-P29.1",
        "poste": "P29.1",
        "zone_id": "163003000"
      },
      "type": "Feature"
    },
    {
      "geometry": {
        "coordinates": [
          -0.591152,
          44.839068
        ],
        "type": "Point"
      },
      "properties": {
        "adresse": "Rue Brizard",
        "campaign_year": 2021,
        "commune": "Bordeaux",
        "direction_labels": [
          "Vers rue Judaïque_x000D_"
        ],
        "num_cpev": "42",
        "point_id": "2021-42-P29.2",
        "poste": "P29.2",
        "zone_id": "163003000"
      },
      "type": "Feature"
    },
    {
      "geometry": {
        "coordinates": [
          -0.589268,
          44.843417
        ],
        "type": "Point"
      },
      "properties": {
        "adresse": "69 rue Lachassaigne",
        "campaign_year": 2021,
        "commune": "Bordeaux",
        "direction_labels": [
          "Vers Rue Capdeville"
        ],
        "num_cpev": "43",
        "point_id": "2021-43-P34.1",
        "poste": "P34.1",
        "zone_id": "163001000"
      },
      "type": "Feature"
    },
    {
      "geometry": {
        "coordinates": [
          -0.589351,
          44.843423
        ],
        "type": "Point"
      },
      "properties": {
        "adresse": "69 rue Lachassaigne",
        "campaign_year": 2021,
        "commune": "Bordeaux",
        "direction_labels": [
          "Vers Rue Charles Monselet"
        ],
        "num_cpev": "43",
        "point_id": "2021-43-P34.2",
        "poste": "P34.2",
        "zone_id": "163001000"
      },
      "type": "Feature"
    },
    {
      "geometry": {
        "coordinates": [
          -0.578718,
          44.845654
        ],
        "type": "Point"
      },
      "properties": {
        "adresse": "9 rue Fondaudège",
        "campaign_year": 2021,
        "commune": "Bordeaux",
        "direction_labels": [
          "Vers Place Tourny"
        ],
        "num_cpev": "44",
        "point_id": "2021-44-P43.1",
        "poste": "P43.1",
        "zone_id": "163007000"
      },
      "type": "Feature"
    },
    {
      "geometry": {
        "coordinates": [
          -0.578675,
          44.845698
        ],
        "type": "Point"
      },
      "properties": {
        "adresse": "9 rue Fondaudège",
        "campaign_year": 2021,
        "commune": "Bordeaux",
        "direction_labels": [
          "Vers rue Victoire Américaine"
        ],
        "num_cpev": "44",
        "point_id": "2021-44-P43.2",
        "poste": "P43.2",
        "zone_id": "163006000"
      },
      "type": "Feature"
    },
    {
      "geometry": {
        "coordinates": [
          -0.576062,
          44.840544
        ],
        "type": "Point"
      },
      "properties": {
        "adresse": "Rue Castillon",
        "campaign_year": 2021,
        "commune": "Bordeaux",
        "direction_labels": [
          "Vers Rue Margaux_x000D_"
        ],
        "num_cpev": "45",
        "point_id": "2021-45-P48.1",
        "poste": "P48.1",
        "zone_id": "161002000"
      },
      "type": "Feature"
    },
    {
      "geometry": {
        "coordinates": [
          -0.576038,
          44.840546
        ],
        "type": "Point"
      },
      "properties": {
        "adresse": "Rue Castillon",
        "campaign_year": 2021,
        "commune": "Bordeaux",
        "direction_labels": [
          "Vers Rue de la Porte Dijeaux_x000D_"
        ],
        "num_cpev": "45",
        "point_id": "2021-45-P48.2",
        "poste": "P48.2",
        "zone_id": "161002000"
      },
      "type": "Feature"
    },
    {
      "geometry": {
        "coordinates": [
          -0.568076,
          44.837989
        ],
        "type": "Point"
      },
      "properties": {
        "adresse": "Cours Alsace Lorraine",
        "campaign_year": 2021,
        "commune": "Bordeaux",
        "direction_labels": [
          "Vers Rue Ausone"
        ],
        "num_cpev": "46",
        "point_id": "2021-46-P53.1",
        "poste": "P53.1",
        "zone_id": "161005000"
      },
      "type": "Feature"
    },
    {
      "geometry": {
        "coordinates": [
          -0.568072,
          44.837967
        ],
        "type": "Point"
      },
      "properties": {
        "adresse": "Cours Alsace Lorraine",
        "campaign_year": 2021,
        "commune": "Bordeaux",
        "direction_labels": [
          "Vers Quai Richelieu"
        ],
        "num_cpev": "46",
        "point_id": "2021-46-P53.2",
        "poste": "P53.2",
        "zone_id": "161005000"
      },
      "type": "Feature"
    },
    {
      "geometry": {
        "coordinates": [
          -0.564766,
          44.837176
        ],
        "type": "Point"
      },
      "properties": {
        "adresse": "Pont de Pierre",
        "campaign_year": 2021,
        "commune": "Bordeaux",
        "direction_labels": [
          "Vers Place Stalingrad"
        ],
        "num_cpev": "47",
        "point_id": "2021-47-P15.1",
        "poste": "P15.1",
        "zone_id": "161014000"
      },
      "type": "Feature"
    },
    {
      "geometry": {
        "coordinates": [
          -0.564884,
          44.837267
        ],
        "type": "Point"
      },
      "properties": {
        "adresse": "Pont de Pierre",
        "campaign_year": 2021,
        "commune": "Bordeaux",
        "direction_labels": [
          "Vers Porte de Bourgogne"
        ],
        "num_cpev": "47",
        "point_id": "2021-47-P15.2",
        "poste": "P15.2",
        "zone_id": "161005000"
      },
      "type": "Feature"
    },
    {
      "geometry": {
        "coordinates": [
          -0.574626,
          44.834215
        ],
        "type": "Point"
      },
      "properties": {
        "adresse": "32 cours Pasteur",
        "campaign_year": 2021,
        "commune": "Bordeaux",
        "direction_labels": [
          "Vers Place de la Victoire"
        ],
        "num_cpev": "48",
        "point_id": "2021-48-P51.1",
        "poste": "P51.1",
        "zone_id": "161010000"
      },
      "type": "Feature"
    },
    {
      "geometry": {
        "coordinates": [
          -0.574626,
          44.834215
        ],
        "type": "Point"
      },
      "properties": {
        "adresse": "32 cours Pasteur",
        "campaign_year": 2021,
        "commune": "Bordeaux",
        "direction_labels": [
          "Vers Cours Victor Hugo"
        ],
        "num_cpev": "48",
        "point_id": "2021-48-P51.2",
        "poste": "P51.2",
        "zone_id": "161010000"
      },
      "type": "Feature"
    },
    {
      "geometry": {
        "coordinates": [
          -0.580388,
          44.82903
        ],
        "type": "Point"
      },
      "properties": {
        "adresse": "Rue Lamourous",
        "campaign_year": 2021,
        "commune": "Bordeaux",
        "direction_labels": [
          "Vers Rue de Pessac_x000D_"
        ],
        "num_cpev": "49",
        "point_id": "2021-49-P58.1",
        "poste": "P58.1",
        "zone_id": "162012000"
      },
      "type": "Feature"
    },
    {
      "geometry": {
        "coordinates": [
          -0.580345,
          44.829044
        ],
        "type": "Point"
      },
      "properties": {
        "adresse": "Rue Lamourous",
        "campaign_year": 2021,
        "commune": "Bordeaux",
        "direction_labels": [
          "Vers Rue Saint Genès_x000D_"
        ],
        "num_cpev": "49",
        "point_id": "2021-49-P58.2",
        "poste": "P58.2",
        "zone_id": "162012000"
      },
      "type": "Feature"
    },
    {
      "geometry": {
        "coordinates": [
          -0.572249,
          44.829512
        ],
        "type": "Point"
      },
      "properties": {
        "adresse": "28 cours de la Somme",
        "campaign_year": 2021,
        "commune": "Bordeaux",
        "direction_labels": [
          "Vers Rue Mercière"
        ],
        "num_cpev": "50",
        "point_id": "2021-50-P22.1",
        "poste": "P22.1",
        "zone_id": "162010000"
      },
      "type": "Feature"
    },
    {
      "geometry": {
        "coordinates": [
          -0.572319,
          44.829518
        ],
        "type": "Point"
      },
      "properties": {
        "adresse": "28 cours de la Somme",
        "campaign_year": 2021,
        "commune": "Bordeaux",
        "direction_labels": [
          "Vers Rue Tiffonet"
        ],
        "num_cpev": "50",
        "point_id": "2021-50-P22.2",
        "poste": "P22.2",
        "zone_id": "162009000"
      },
      "type": "Feature"
    },
    {
      "geometry": {
        "coordinates": [
          -0.554981,
          44.831534
        ],
        "type": "Point"
      },
      "properties": {
        "adresse": "Pont Saint-Jean",
        "campaign_year": 2021,
        "commune": "Bordeaux",
        "direction_labels": [
          "Vers Rive Gauche"
        ],
        "num_cpev": "51",
        "point_id": "2021-51-P16.1",
        "poste": "P16.1",
        "zone_id": "161016000"
      },
      "type": "Feature"
    },
    {
      "geometry": {
        "coordinates": [
          -0.554847,
          44.831485
        ],
        "type": "Point"
      },
      "properties": {
        "adresse": "Pont Saint-Jean",
        "campaign_year": 2021,
        "commune": "Bordeaux",
        "direction_labels": [
          "Vers Rive Droite"
        ],
        "num_cpev": "51",
        "point_id": "2021-51-P16.2",
        "poste": "P16.2",
        "zone_id": "161016000"
      },
      "type": "Feature"
    },
    {
      "geometry": {
        "coordinates": [
          -0.559384,
          44.827795
        ],
        "type": "Point"
      },
      "properties": {
        "adresse": "Cours de la Marne",
        "campaign_year": 2021,
        "commune": "Bordeaux",
        "direction_labels": [
          "Vers Rue Saint Vincent de Paul"
        ],
        "num_cpev": "52",
        "point_id": "2021-52-P60.1",
        "poste": "P60.1",
        "zone_id": "161017000"
      },
      "type": "Feature"
    },
    {
      "geometry": {
        "coordinates": [
          -0.559336,
          44.827887
        ],
        "type": "Point"
      },
      "properties": {
        "adresse": "Cours de la Marne",
        "campaign_year": 2021,
        "commune": "Bordeaux",
        "direction_labels": [
          "Vers Rue Malbec_x000D_"
        ],
        "num_cpev": "52",
        "point_id": "2021-52-P60.2",
        "poste": "P60.2",
        "zone_id": "161016000"
      },
      "type": "Feature"
    },
    {
      "geometry": {
        "coordinates": [
          -0.582501,
          44.8221
        ],
        "type": "Point"
      },
      "properties": {
        "adresse": "202 rue Saint-Genès",
        "campaign_year": 2021,
        "commune": "Bordeaux",
        "direction_labels": [
          "Vers Rue Diaz"
        ],
        "num_cpev": "53",
        "point_id": "2021-53-P20.1",
        "poste": "P20.1",
        "zone_id": "162013000"
      },
      "type": "Feature"
    },
    {
      "geometry": {
        "coordinates": [
          -0.58257,
          44.822108
        ],
        "type": "Point"
      },
      "properties": {
        "adresse": "202 rue Saint-Genès",
        "campaign_year": 2021,
        "commune": "Bordeaux",
        "direction_labels": [
          "Vers Boulevards"
        ],
        "num_cpev": "53",
        "point_id": "2021-53-P20.2",
        "poste": "P20.2",
        "zone_id": "162013000"
      },
      "type": "Feature"
    },
    {
      "geometry": {
        "coordinates": [
          -0.5723,
          44.816581
        ],
        "type": "Point"
      },
      "properties": {
        "adresse": "Cours de la Somme SNCF",
        "campaign_year": 2021,
        "commune": "Bordeaux",
        "direction_labels": [
          "Barrière de Toulouse_x000D_"
        ],
        "num_cpev": "54",
        "point_id": "2021-54-P19.1",
        "poste": "P19.1",
        "zone_id": "162006000"
      },
      "type": "Feature"
    },
    {
      "geometry": {
        "coordinates": [
          -0.572247,
          44.816579
        ],
        "type": "Point"
      },
      "properties": {
        "adresse": "Cours de la Somme SNCF",
        "campaign_year": 2021,
        "commune": "Bordeaux",
        "direction_labels": [
          "Vers Rue Pierre de Ladime"
        ],
        "num_cpev": "54",
        "point_id": "2021-54-P19.2",
        "poste": "P19.2",
        "zone_id": "162006000"
      },
      "type": "Feature"
    },
    {
      "geometry": {
        "coordinates": [
          -0.554822,
          44.81376
        ],
        "type": "Point"
      },
      "properties": {
        "adresse": "399 boulevard J.J. Bosc",
        "campaign_year": 2021,
        "commune": "Bordeaux",
        "direction_labels": [
          "Vers rue Brascassat"
        ],
        "num_cpev": "55",
        "point_id": "2021-55-P1.1",
        "poste": "P1.1",
        "zone_id": "161019000"
      },
      "type": "Feature"
    },
    {
      "geometry": {
        "coordinates": [
          -0.554631,
          44.813726
        ],
        "type": "Point"
      },
      "properties": {
        "adresse": "399 boulevard J.J. Bosc",
        "campaign_year": 2021,
        "commune": "Bordeaux",
        "direction_labels": [
          "Vers rue des Terres Neuves"
        ],
        "num_cpev": "55",
        "point_id": "2021-55-P1.2",
        "poste": "P1.2",
        "zone_id": "167004000"
      },
      "type": "Feature"
    },
    {
      "geometry": {
        "coordinates": [
          -0.548825,
          44.814178
        ],
        "type": "Point"
      },
      "properties": {
        "adresse": "66 avenue Alexis Capelle",
        "campaign_year": 2021,
        "commune": "Bègles",
        "direction_labels": [
          "Vers Rue du Maréchal Foch"
        ],
        "num_cpev": "56",
        "point_id": "2021-56-PA.1",
        "poste": "PA.1",
        "zone_id": "167005000"
      },
      "type": "Feature"
    },
    {
      "geometry": {
        "coordinates": [
          -0.548763,
          44.814172
        ],
        "type": "Point"
      },
      "properties": {
        "adresse": "66 avenue Alexis Capelle",
        "campaign_year": 2021,
        "commune": "Bègles",
        "direction_labels": [
          "Vers Boulevards Jean-Jacques Bosc"
        ],
        "num_cpev": "56",
        "point_id": "2021-56-PA.2",
        "poste": "PA.2",
        "zone_id": "167005000"
      },
      "type": "Feature"
    },
    {
      "geometry": {
        "coordinates": [
          -0.693038,
          44.806992
        ],
        "type": "Point"
      },
      "properties": {
        "adresse": null,
        "campaign_year": 2021,
        "commune": "Pessac",
        "direction_labels": [
          "Vers Avenue de Beutre"
        ],
        "num_cpev": "59",
        "point_id": "2021-59-PR2.1",
        "poste": "PR2.1",
        "zone_id": "179003000"
      },
      "type": "Feature"
    },
    {
      "geometry": {
        "coordinates": [
          -0.692984,
          44.806999
        ],
        "type": "Point"
      },
      "properties": {
        "adresse": null,
        "campaign_year": 2021,
        "commune": "Pessac",
        "direction_labels": [
          "Vers Ruen Henri Yvonnet"
        ],
        "num_cpev": "59",
        "point_id": "2021-59-PR2.2",
        "poste": "PR2.2",
        "zone_id": "179003000"
      },
      "type": "Feature"
    },
    {
      "geometry": {
        "coordinates": [
          -0.509217,
          44.890335
        ],
        "type": "Point"
      },
      "properties": {
        "adresse": "41 avenue François Mitterrand",
        "campaign_year": 2021,
        "commune": "Carbon-Blanc",
        "direction_labels": [
          "Vers Avenue Jean Capdeboscq"
        ],
        "num_cpev": "6",
        "point_id": "2021-6-PM1.1",
        "poste": "PM1.1",
        "zone_id": "174005000"
      },
      "type": "Feature"
    },
    {
      "geometry": {
        "coordinates": [
          -0.509169,
          44.890327
        ],
        "type": "Point"
      },
      "properties": {
        "adresse": "41 avenue François Mitterrand",
        "campaign_year": 2021,
        "commune": "Carbon-Blanc",
        "direction_labels": [
          "Vers Avenue d'Aquitaine"
        ],
        "num_cpev": "6",
        "point_id": "2021-6-PM1.2",
        "poste": "PM1.2",
        "zone_id": "174005000"
      },
      "type": "Feature"
    },
    {
      "geometry": {
        "coordinates": [
          -0.541928,
          44.771333
        ],
        "type": "Point"
      },
      "properties": {
        "adresse": null,
        "campaign_year": 2021,
        "commune": "Villenave d Ornon",
        "direction_labels": [
          "Vers Chemin de Galagon"
        ],
        "num_cpev": "61",
        "point_id": "2021-61-PT2.1",
        "poste": "PT2.1",
        "zone_id": "176001000"
      },
      "type": "Feature"
    },
    {
      "geometry": {
        "coordinates": [
          -0.541896,
          44.77136
        ],
        "type": "Point"
      },
      "properties": {
        "adresse": null,
        "campaign_year": 2021,
        "commune": "Villenave d Ornon",
        "direction_labels": [
          "Vers Avenue du Général Castelnau"
        ],
        "num_cpev": "61",
        "point_id": "2021-61-PT2.2",
        "poste": "PT2.2",
        "zone_id": "176001000"
      },
      "type": "Feature"
    },
    {
      "geometry": {
        "coordinates": [
          -0.546492,
          44.87319
        ],
        "type": "Point"
      },
      "properties": {
        "adresse": null,
        "campaign_year": 2021,
        "commune": "Bordeaux",
        "direction_labels": [
          "Vers Rue Charles Martin"
        ],
        "num_cpev": "62",
        "point_id": "2021-62-P9.1",
        "poste": "P9.1",
        "zone_id": "165005000"
      },
      "type": "Feature"
    },
    {
      "geometry": {
        "coordinates": [
          -0.546492,
          44.87319
        ],
        "type": "Point"
      },
      "properties": {
        "adresse": null,
        "campaign_year": 2021,
        "commune": "Bordeaux",
        "direction_labels": [
          "Vers Rue Arago"
        ],
        "num_cpev": "62",
        "point_id": "2021-62-P9.2",
        "poste": "P9.2",
        "zone_id": "165005000"
      },
      "type": "Feature"
    },
    {
      "geometry": {
        "coordinates": [
          -0.612901,
          44.8818
        ],
        "type": "Point"
      },
      "properties": {
        "adresse": null,
        "campaign_year": 2021,
        "commune": "Bruges",
        "direction_labels": [
          "Vers Allée des Borges"
        ],
        "num_cpev": "63",
        "point_id": "2021-63-P01.1",
        "poste": "P01.1",
        "zone_id": "173010000"
      },
      "type": "Feature"
    },
    {
      "geometry": {
        "coordinates": [
          -0.612933,
          44.881811
        ],
        "type": "Point"
      },
      "properties": {
        "adresse": null,
        "campaign_year": 2021,
        "commune": "Bruges",
        "direction_labels": [
          "Vers Rue Théodore Bellemer"
        ],
        "num_cpev": "63",
        "point_id": "2021-63-P01.2",
        "poste": "P01.2",
        "zone_id": "173010000"
      },
      "type": "Feature"
    },
    {
      "geometry": {
        "coordinates": [
          -0.593788,
          44.854066
        ],
        "type": "Point"
      },
      "properties": {
        "adresse": null,
        "campaign_year": 2021,
        "commune": "Le Bouscat",
        "direction_labels": [
          "Vers Avenue du Général Leclerc"
        ],
        "num_cpev": "64",
        "point_id": "2021-64-P69.1",
        "poste": "P69.1",
        "zone_id": "173001000"
      },
      "type": "Feature"
    },
    {
      "geometry": {
        "coordinates": [
          -0.593819,
          44.854039
        ],
        "type": "Point"
      },
      "properties": {
        "adresse": null,
        "campaign_year": 2021,
        "commune": "Le Bouscat",
        "direction_labels": [
          "Vers Barrière du Médoc"
        ],
        "num_cpev": "64",
        "point_id": "2021-64-P69.2",
        "poste": "P69.2",
        "zone_id": "173001000"
      },
      "type": "Feature"
    },
    {
      "geometry": {
        "coordinates": [
          -0.599417,
          44.854767
        ],
        "type": "Point"
      },
      "properties": {
        "adresse": null,
        "campaign_year": 2021,
        "commune": "Bordeaux",
        "direction_labels": [
          "Vers Rue Jacques Gerald"
        ],
        "num_cpev": "65",
        "point_id": "2021-65-P35.1",
        "poste": "P35.1",
        "zone_id": "173001000"
      },
      "type": "Feature"
    },
    {
      "geometry": {
        "coordinates": [
          -0.599452,
          44.854721
        ],
        "type": "Point"
      },
      "properties": {
        "adresse": null,
        "campaign_year": 2021,
        "commune": "Bordeaux",
        "direction_labels": [
          "Vers Rue du Bocage"
        ],
        "num_cpev": "65",
        "point_id": "2021-65-P35.2",
        "poste": "P35.2",
        "zone_id": "172012000"
      },
      "type": "Feature"
    },
    {
      "geometry": {
        "coordinates": [
          -0.615561,
          44.852361
        ],
        "type": "Point"
      },
      "properties": {
        "adresse": null,
        "campaign_year": 2021,
        "commune": "Bordeaux",
        "direction_labels": [
          "Vers Rue Guenard"
        ],
        "num_cpev": "66",
        "point_id": "2021-66-P02.1",
        "poste": "P02.1",
        "zone_id": "172015000"
      },
      "type": "Feature"
    },
    {
      "geometry": {
        "coordinates": [
          -0.615566,
          44.852334
        ],
        "type": "Point"
      },
      "properties": {
        "adresse": null,
        "campaign_year": 2021,
        "commune": "Bordeaux",
        "direction_labels": [
          "Vers Avenue Saint-Amand"
        ],
        "num_cpev": "66",
        "point_id": "2021-66-P02.2",
        "poste": "P02.2",
        "zone_id": "172015000"
      },
      "type": "Feature"
    },
    {
      "geometry": {
        "coordinates": [
          -0.650362,
          44.841384
        ],
        "type": "Point"
      },
      "properties": {
        "adresse": null,
        "campaign_year": 2021,
        "commune": "Mérignac",
        "direction_labels": [
          "Vers Rue Frédéric Joliot Curie"
        ],
        "num_cpev": "67",
        "point_id": "2021-67-PS.1",
        "poste": "PS.1",
        "zone_id": "171010000"
      },
      "type": "Feature"
    },
    {
      "geometry": {
        "coordinates": [
          -0.650327,
          44.841335
        ],
        "type": "Point"
      },
      "properties": {
        "adresse": null,
        "campaign_year": 2021,
        "commune": "Mérignac",
        "direction_labels": [
          "Vers Rue Beaumarchais"
        ],
        "num_cpev": "67",
        "point_id": "2021-67-PS.2",
        "poste": "PS.2",
        "zone_id": "171010000"
      },
      "type": "Feature"
    },
    {
      "geometry": {
        "coordinates": [
          -0.604941,
          44.83024
        ],
        "type": "Point"
      },
      "properties": {
        "adresse": null,
        "campaign_year": 2021,
        "commune": "Bordeaux",
        "direction_labels": [
          "Vers Rue Laurent Sens"
        ],
        "num_cpev": "68",
        "point_id": "2021-68-PO.1",
        "poste": "PO.1",
        "zone_id": "172005000"
      },
      "type": "Feature"
    },
    {
      "geometry": {
        "coordinates": [
          -0.604925,
          44.80095
        ],
        "type": "Point"
      },
      "properties": {
        "adresse": null,
        "campaign_year": 2021,
        "commune": "Bordeaux",
        "direction_labels": [
          "Vers Place Amélie Raba-Léon"
        ],
        "num_cpev": "68",
        "point_id": "2021-68-PO.2",
        "poste": "PO.2",
        "zone_id": "168014000"
      },
      "type": "Feature"
    },
    {
      "geometry": {
        "coordinates": [
          -0.630266,
          44.806302
        ],
        "type": "Point"
      },
      "properties": {
        "adresse": null,
        "campaign_year": 2021,
        "commune": "Pessac",
        "direction_labels": [
          "Vers Rue Herman Lemoine"
        ],
        "num_cpev": "69",
        "point_id": "2021-69-PK.1",
        "poste": "PK.1",
        "zone_id": "169013000"
      },
      "type": "Feature"
    },
    {
      "geometry": {
        "coordinates": [
          -0.6630255,
          44.806256
        ],
        "type": "Point"
      },
      "properties": {
        "adresse": null,
        "campaign_year": 2021,
        "commune": "Pessac",
        "direction_labels": [
          "Vers Rue Nelson Mandela"
        ],
        "num_cpev": "69",
        "point_id": "2021-69-PK.2",
        "poste": "PK.2",
        "zone_id": "169016000"
      },
      "type": "Feature"
    },
    {
      "geometry": {
        "coordinates": [
          -0.590712,
          44.788865
        ],
        "type": "Point"
      },
      "properties": {
        "adresse": null,
        "campaign_year": 2021,
        "commune": "Talence",
        "direction_labels": [
          "Vers Chemins des Maures"
        ],
        "num_cpev": "70",
        "point_id": "2021-70-PF.1",
        "poste": "PF.1",
        "zone_id": "168007000"
      },
      "type": "Feature"
    },
    {
      "geometry": {
        "coordinates": [
          -0.590666,
          44.788865
        ],
        "type": "Point"
      },
      "properties": {
        "adresse": null,
        "campaign_year": 2021,
        "commune": "Talence",
        "direction_labels": [
          "Vers Rue Alfred de Musset"
        ],
        "num_cpev": "70",
        "point_id": "2021-70-PF.2",
        "poste": "PF.2",
        "zone_id": "168007000"
      },
      "type": "Feature"
    },
    {
      "geometry": {
        "coordinates": [
          -0.551538,
          44.807769
        ],
        "type": "Point"
      },
      "properties": {
        "adresse": null,
        "campaign_year": 2021,
        "commune": "Bègles",
        "direction_labels": [
          "Vers Rue Léon Gambetta"
        ],
        "num_cpev": "71",
        "point_id": "2021-71-PB.1",
        "poste": "PB.1",
        "zone_id": "167004000"
      },
      "type": "Feature"
    },
    {
      "geometry": {
        "coordinates": [
          -0.551495,
          44.807783
        ],
        "type": "Point"
      },
      "properties": {
        "adresse": null,
        "campaign_year": 2021,
        "commune": "Bègles",
        "direction_labels": [
          "Vers Rue Général Kléber"
        ],
        "num_cpev": "71",
        "point_id": "2021-71-PB.2",
        "poste": "PB.2",
        "zone_id": "167004000"
      },
      "type": "Feature"
    },
    {
      "geometry": {
        "coordinates": [
          -0.578603,
          44.8362
        ],
        "type": "Point"
      },
      "properties": {
        "adresse": null,
        "campaign_year": 2021,
        "commune": "Bordeaux",
        "direction_labels": [
          "Vers Rue du Hâ"
        ],
        "num_cpev": "72",
        "point_id": "2021-72-P52.1",
        "poste": "P52.1",
        "zone_id": "161006000"
      },
      "type": "Feature"
    },
    {
      "geometry": {
        "coordinates": [
          -0.578552,
          44.836204
        ],
        "type": "Point"
      },
      "properties": {
        "adresse": null,
        "campaign_year": 2021,
        "commune": "Bordeaux",
        "direction_labels": [
          "Vers Place Pey Berland"
        ],
        "num_cpev": "72",
        "point_id": "2021-72-P52.2",
        "poste": "P52.2",
        "zone_id": "161006000"
      },
      "type": "Feature"
    },
    {
      "geometry": {
        "coordinates": [
          -0.568415,
          44.835695
        ],
        "type": "Point"
      },
      "properties": {
        "adresse": null,
        "campaign_year": 2021,
        "commune": "Bordeaux",
        "direction_labels": [
          "Vers Cours Pasteur"
        ],
        "num_cpev": "73",
        "point_id": "2021-73-P54.1",
        "poste": "P54.1",
        "zone_id": "161005000"
      },
      "type": "Feature"
    },
    {
      "geometry": {
        "coordinates": [
          -0.568361,
          44.835596
        ],
        "type": "Point"
      },
      "properties": {
        "adresse": null,
        "campaign_year": 2021,
        "commune": "Bordeaux",
        "direction_labels": [
          "Vers les Quais"
        ],
        "num_cpev": "73",
        "point_id": "2021-73-P54.2",
        "poste": "P54.2",
        "zone_id": "161014000"
      },
      "type": "Feature"
    },
    {
      "geometry": {
        "coordinates": [
          -0.57807,
          44.831339
        ],
        "type": "Point"
      },
      "properties": {
        "adresse": null,
        "campaign_year": 2021,
        "commune": "Bordeaux",
        "direction_labels": [
          "Vers Rue Saint-Genès"
        ],
        "num_cpev": "74",
        "point_id": "2021-74-P55.1",
        "poste": "P55.1",
        "zone_id": "162012000"
      },
      "type": "Feature"
    },
    {
      "geometry": {
        "coordinates": [
          -0.57807,
          44.831339
        ],
        "type": "Point"
      },
      "properties": {
        "adresse": null,
        "campaign_year": 2021,
        "commune": "Bordeaux",
        "direction_labels": [
          "Vers Cours Aristide Briand"
        ],
        "num_cpev": "74",
        "point_id": "2021-74-P55.2",
        "poste": "P55.2",
        "zone_id": "162012000"
      },
      "type": "Feature"
    },
    {
      "geometry": {
        "coordinates": [
          -0.568807,
          44.827853
        ],
        "type": "Point"
      },
      "properties": {
        "adresse": null,
        "campaign_year": 2021,
        "commune": "Bordeaux",
        "direction_labels": [
          "Vers Rue Lafontaine"
        ],
        "num_cpev": "75",
        "point_id": "2021-75-P23.1",
        "poste": "P23.1",
        "zone_id": "162002000"
      },
      "type": "Feature"
    },
    {
      "geometry": {
        "coordinates": [
          -0.568866,
          44.827868
        ],
        "type": "Point"
      },
      "properties": {
        "adresse": null,
        "campaign_year": 2021,
        "commune": "Bordeaux",
        "direction_labels": [
          "Vers Cours de la Marne"
        ],
        "num_cpev": "75",
        "point_id": "2021-75-P23.2",
        "poste": "P23.2",
        "zone_id": "162002000"
      },
      "type": "Feature"
    },
    {
      "geometry": {
        "coordinates": [
          -0.548716,
          44.817857
        ],
        "type": "Point"
      },
      "properties": {
        "adresse": null,
        "campaign_year": 2021,
        "commune": "Bordeaux",
        "direction_labels": [
          "Vers Rue Carles Vernet"
        ],
        "num_cpev": "76",
        "point_id": "2021-76-P14.1",
        "poste": "P14.1",
        "zone_id": "161018000"
      },
      "type": "Feature"
    },
    {
      "geometry": {
        "coordinates": [
          -0.548791,
          44.817845
        ],
        "type": "Point"
      },
      "properties": {
        "adresse": null,
        "campaign_year": 2021,
        "commune": "Bordeaux",
        "direction_labels": [
          "Vers Boulevards"
        ],
        "num_cpev": "76",
        "point_id": "2021-76-P14.2",
        "poste": "P14.2",
        "zone_id": "161019000"
      },
      "type": "Feature"
    },
    {
      "geometry": {
        "coordinates": [
          -0.565901,
          44.81652
        ],
        "type": "Point"
      },
      "properties": {
        "adresse": null,
        "campaign_year": 2021,
        "commune": "Bordeaux",
        "direction_labels": [
          "Vers Rue Pelleport"
        ],
        "num_cpev": "77",
        "point_id": "2021-77-P59.1",
        "poste": "P59.1",
        "zone_id": "162005000"
      },
      "type": "Feature"
    },
    {
      "geometry": {
        "coordinates": [
          -0.565821,
          44.816536
        ],
        "type": "Point"
      },
      "properties": {
        "adresse": null,
        "campaign_year": 2021,
        "commune": "Bordeaux",
        "direction_labels": [
          "Vers Boulevard Albert 1er"
        ],
        "num_cpev": "77",
        "point_id": "2021-77-P59.2",
        "poste": "P59.2",
        "zone_id": "161021000"
      },
      "type": "Feature"
    },
    {
      "geometry": {
        "coordinates": [
          -0.572316,
          44.814629
        ],
        "type": "Point"
      },
      "properties": {
        "adresse": null,
        "campaign_year": 2021,
        "commune": "Bordeaux",
        "direction_labels": [
          "Vers Rue Louis Cabié"
        ],
        "num_cpev": "78",
        "point_id": "2021-78-P2.1",
        "poste": "P2.1",
        "zone_id": "162005000"
      },
      "type": "Feature"
    },
    {
      "geometry": {
        "coordinates": [
          -0.572295,
          44.814766
        ],
        "type": "Point"
      },
      "properties": {
        "adresse": null,
        "campaign_year": 2021,
        "commune": "Bordeaux",
        "direction_labels": [
          "Vers Cours de la Somme"
        ],
        "num_cpev": "78",
        "point_id": "2021-78-P2.2",
        "poste": "P2.2",
        "zone_id": "162005000"
      },
      "type": "Feature"
    },
    {
      "geometry": {
        "coordinates": [
          -0.57983,
          44.823431
        ],
        "type": "Point"
      },
      "properties": {
        "adresse": null,
        "campaign_year": 2021,
        "commune": "Bordeaux",
        "direction_labels": [
          "Vers Rue Duluc"
        ],
        "num_cpev": "79",
        "point_id": "2021-79-P21.1",
        "poste": "P21.1",
        "zone_id": "162013000"
      },
      "type": "Feature"
    },
    {
      "geometry": {
        "coordinates": [
          -0.579768,
          44.823397
        ],
        "type": "Point"
      },
      "properties": {
        "adresse": null,
        "campaign_year": 2021,
        "commune": "Bordeaux",
        "direction_labels": [
          "Vers Rue Paul Dénucé"
        ],
        "num_cpev": "79",
        "point_id": "2021-79-P21.2",
        "poste": "P21.2",
        "zone_id": "162008000"
      },
      "type": "Feature"
    },
    {
      "geometry": {
        "coordinates": [
          -0.589711,
          44.825179
        ],
        "type": "Point"
      },
      "properties": {
        "adresse": null,
        "campaign_year": 2021,
        "commune": "Talence",
        "direction_labels": [
          "Vers Rue François Copée"
        ],
        "num_cpev": "80",
        "point_id": "2021-80-P68.1",
        "poste": "P68.1",
        "zone_id": "172002000"
      },
      "type": "Feature"
    },
    {
      "geometry": {
        "coordinates": [
          -0.58966,
          44.825128
        ],
        "type": "Point"
      },
      "properties": {
        "adresse": null,
        "campaign_year": 2021,
        "commune": "Talence",
        "direction_labels": [
          "Vers Barrière de Pessac"
        ],
        "num_cpev": "80",
        "point_id": "2021-80-P68.2",
        "poste": "P68.2",
        "zone_id": "168008000"
      },
      "type": "Feature"
    },
    {
      "geometry": {
        "coordinates": [
          -0.588021,
          44.826184
        ],
        "type": "Point"
      },
      "properties": {
        "adresse": null,
        "campaign_year": 2021,
        "commune": "Bordeaux",
        "direction_labels": [
          "Vers Rue Commandant Charcot"
        ],
        "num_cpev": "81",
        "point_id": "2021-81-P24.1",
        "poste": "P24.1",
        "zone_id": "162014000"
      },
      "type": "Feature"
    },
    {
      "geometry": {
        "coordinates": [
          -0.587965,
          44.82615
        ],
        "type": "Point"
      },
      "properties": {
        "adresse": null,
        "campaign_year": 2021,
        "commune": "Bordeaux",
        "direction_labels": [
          "Vers Rue de Budos"
        ],
        "num_cpev": "81",
        "point_id": "2021-81-P24.2",
        "poste": "P24.2",
        "zone_id": "162013000"
      },
      "type": "Feature"
    },
    {
      "geometry": {
        "coordinates": [
          -0.592918,
          44.837661
        ],
        "type": "Point"
      },
      "properties": {
        "adresse": null,
        "campaign_year": 2021,
        "commune": "Bordeaux",
        "direction_labels": [
          "Vers Rue Pierre"
        ],
        "num_cpev": "82",
        "point_id": "2021-82-P28.1",
        "poste": "P28.1",
        "zone_id": "162015000"
      },
      "type": "Feature"
    },
    {
      "geometry": {
        "coordinates": [
          -0.592959,
          44.837764
        ],
        "type": "Point"
      },
      "properties": {
        "adresse": null,
        "campaign_year": 2021,
        "commune": "Bordeaux",
        "direction_labels": [
          "Vers Boulevards"
        ],
        "num_cpev": "82",
        "point_id": "2021-82-P28.2",
        "poste": "P28.2",
        "zone_id": "163003000"
      },
      "type": "Feature"
    },
    {
      "geometry": {
        "coordinates": [
          -0.598553,
          44.841522
        ],
        "type": "Point"
      },
      "properties": {
        "adresse": null,
        "campaign_year": 2021,
        "commune": "Bordeaux",
        "direction_labels": [
          "Vers Boulevard Président Wilson"
        ],
        "num_cpev": "83",
        "point_id": "2021-83-PC1.1",
        "poste": "PC1.1",
        "zone_id": "163004000"
      },
      "type": "Feature"
    },
    {
      "geometry": {
        "coordinates": [
          -0.598553,
          44.841522
        ],
        "type": "Point"
      },
      "properties": {
        "adresse": null,
        "campaign_year": 2021,
        "commune": "Bordeaux",
        "direction_labels": [
          "Vers Rue Meret"
        ],
        "num_cpev": "83",
        "point_id": "2021-83-PC1.2",
        "poste": "PC1.2",
        "zone_id": "163004000"
      },
      "type": "Feature"
    },
    {
      "geometry": {
        "coordinates": [
          -0.590818,
          44.842107
        ],
        "type": "Point"
      },
      "properties": {
        "adresse": null,
        "campaign_year": 2021,
        "commune": "Bordeaux",
        "direction_labels": [
          "Vers Rue Lachassaigne"
        ],
        "num_cpev": "84",
        "point_id": "2021-84-P82.1",
        "poste": "P82.1",
        "zone_id": "163002000"
      },
      "type": "Feature"
    },
    {
      "geometry": {
        "coordinates": [
          -0.590743,
          44.842143
        ],
        "type": "Point"
      },
      "properties": {
        "adresse": null,
        "campaign_year": 2021,
        "commune": "Bordeaux",
        "direction_labels": [
          "Vers Rue Georges Mandel"
        ],
        "num_cpev": "84",
        "point_id": "2021-84-P82.2",
        "poste": "P82.2",
        "zone_id": "163002000"
      },
      "type": "Feature"
    },
    {
      "geometry": {
        "coordinates": [
          -0.580935,
          44.840387
        ],
        "type": "Point"
      },
      "properties": {
        "adresse": null,
        "campaign_year": 2021,
        "commune": "Bordeaux",
        "direction_labels": [
          "Vers Cours d'Albret"
        ],
        "num_cpev": "85",
        "point_id": "2021-85-P49.1",
        "poste": "P49.1",
        "zone_id": "161007000"
      },
      "type": "Feature"
    },
    {
      "geometry": {
        "coordinates": [
          -0.580812,
          44.840341
        ],
        "type": "Point"
      },
      "properties": {
        "adresse": null,
        "campaign_year": 2021,
        "commune": "Bordeaux",
        "direction_labels": [
          "Vers Place Gambetta"
        ],
        "num_cpev": "85",
        "point_id": "2021-85-P49.2",
        "poste": "P49.2",
        "zone_id": "161007000"
      },
      "type": "Feature"
    },
    {
      "geometry": {
        "coordinates": [
          -0.575343,
          44.843822
        ],
        "type": "Point"
      },
      "properties": {
        "adresse": null,
        "campaign_year": 2021,
        "commune": "Bordeaux",
        "direction_labels": [
          "Vers Place Tourny"
        ],
        "num_cpev": "86",
        "point_id": "2021-86-P45.1",
        "poste": "P45.1",
        "zone_id": "161008000"
      },
      "type": "Feature"
    },
    {
      "geometry": {
        "coordinates": [
          -0.575794,
          44.84356
        ],
        "type": "Point"
      },
      "properties": {
        "adresse": null,
        "campaign_year": 2021,
        "commune": "Bordeaux",
        "direction_labels": [
          "Vers Place de la Comédie"
        ],
        "num_cpev": "86",
        "point_id": "2021-86-P45.2",
        "poste": "P45.2",
        "zone_id": "161008000"
      },
      "type": "Feature"
    },
    {
      "geometry": {
        "coordinates": [
          -0.571076,
          44.847531
        ],
        "type": "Point"
      },
      "properties": {
        "adresse": null,
        "campaign_year": 2021,
        "commune": "Bordeaux",
        "direction_labels": [
          "Vers Allées de Chartres"
        ],
        "num_cpev": "87",
        "point_id": "2021-87-P11.1",
        "poste": "P11.1",
        "zone_id": "161009000"
      },
      "type": "Feature"
    },
    {
      "geometry": {
        "coordinates": [
          -0.570658,
          44.84752
        ],
        "type": "Point"
      },
      "properties": {
        "adresse": null,
        "campaign_year": 2021,
        "commune": "Bordeaux",
        "direction_labels": [
          "Vers Pont Chaban"
        ],
        "num_cpev": "87",
        "point_id": "2021-87-P11.2",
        "poste": "P11.2",
        "zone_id": "164002000"
      },
      "type": "Feature"
    },
    {
      "geometry": {
        "coordinates": [
          -0.574316,
          44.85361
        ],
        "type": "Point"
      },
      "properties": {
        "adresse": null,
        "campaign_year": 2021,
        "commune": "Bordeaux",
        "direction_labels": [
          "Vers Rue Cantemerle"
        ],
        "num_cpev": "88",
        "point_id": "2021-88-P41.1",
        "poste": "P41.1",
        "zone_id": "164003000"
      },
      "type": "Feature"
    },
    {
      "geometry": {
        "coordinates": [
          -0.574249,
          44.853611
        ],
        "type": "Point"
      },
      "properties": {
        "adresse": null,
        "campaign_year": 2021,
        "commune": "Bordeaux",
        "direction_labels": [
          "Vers Rue du Jardin Public"
        ],
        "num_cpev": "88",
        "point_id": "2021-88-P41.2",
        "poste": "P41.2",
        "zone_id": "164003000"
      },
      "type": "Feature"
    },
    {
      "geometry": {
        "coordinates": [
          -0.569921,
          44.868471
        ],
        "type": "Point"
      },
      "properties": {
        "adresse": null,
        "campaign_year": 2021,
        "commune": "Bordeaux",
        "direction_labels": [
          "Vers Rue du Professeur Lannelongue"
        ],
        "num_cpev": "89",
        "point_id": "2021-89-P6.1",
        "poste": "P6.1",
        "zone_id": "165003000"
      },
      "type": "Feature"
    },
    {
      "geometry": {
        "coordinates": [
          -0.569814,
          44.868391
        ],
        "type": "Point"
      },
      "properties": {
        "adresse": null,
        "campaign_year": 2021,
        "commune": "Bordeaux",
        "direction_labels": [
          "Vers Rue Lucien Faure"
        ],
        "num_cpev": "89",
        "point_id": "2021-89-P6.2",
        "poste": "P6.2",
        "zone_id": "165003000"
      },
      "type": "Feature"
    },
    {
      "geometry": {
        "coordinates": [
          -0.628774,
          44.881276
        ],
        "type": "Point"
      },
      "properties": {
        "adresse": null,
        "campaign_year": 2021,
        "commune": "Eysines",
        "direction_labels": [
          "Vers Rue du Couvent"
        ],
        "num_cpev": "90",
        "point_id": "2021-90-PL2.1",
        "poste": "PL2.1",
        "zone_id": "173012000"
      },
      "type": "Feature"
    },
    {
      "geometry": {
        "coordinates": [
          -0.628846,
          44.881211
        ],
        "type": "Point"
      },
      "properties": {
        "adresse": null,
        "campaign_year": 2021,
        "commune": "Eysines",
        "direction_labels": [
          "Vers Echangeur 7"
        ],
        "num_cpev": "90",
        "point_id": "2021-90-PL2.2",
        "poste": "PL2.2",
        "zone_id": "180008000"
      },
      "type": "Feature"
    },
    {
      "geometry": {
        "coordinates": [
          -0.503401,
          44.813724
        ],
        "type": "Point"
      },
      "properties": {
        "adresse": null,
        "campaign_year": 2021,
        "commune": "Bouliac",
        "direction_labels": [
          "Vers Cote du Piquet"
        ],
        "num_cpev": "92",
        "point_id": "2021-92-PF2.1",
        "poste": "PF2.1",
        "zone_id": "175013000"
      },
      "type": "Feature"
    },
    {
      "geometry": {
        "coordinates": [
          -0.503354,
          44.813731
        ],
        "type": "Point"
      },
      "properties": {
        "adresse": null,
        "campaign_year": 2021,
        "commune": "Bouliac",
        "direction_labels": [
          "Vers Rue Brochard"
        ],
        "num_cpev": "92",
        "point_id": "2021-92-PF2.2",
        "poste": "PF2.2",
        "zone_id": "175013000"
      },
      "type": "Feature"
    },
    {
      "geometry": {
        "coordinates": [
          -0.528285,
          44.829549
        ],
        "type": "Point"
      },
      "properties": {
        "adresse": null,
        "campaign_year": 2021,
        "commune": "Floirac",
        "direction_labels": [
          "Vers Rue Emile Combes"
        ],
        "num_cpev": "93",
        "point_id": "2021-93-P77.1",
        "poste": "P77.1",
        "zone_id": "166011000"
      },
      "type": "Feature"
    },
    {
      "geometry": {
        "coordinates": [
          -0.528242,
          44.829519
        ],
        "type": "Point"
      },
      "properties": {
        "adresse": null,
        "campaign_year": 2021,
        "commune": "Floirac",
        "direction_labels": [
          "Vers Avenue Gaston Cabannes"
        ],
        "num_cpev": "93",
        "point_id": "2021-93-P77.2",
        "poste": "P77.2",
        "zone_id": "166011000"
      },
      "type": "Feature"
    },
    {
      "geometry": {
        "coordinates": [
          -0.546467,
          44.848366
        ],
        "type": "Point"
      },
      "properties": {
        "adresse": null,
        "campaign_year": 2021,
        "commune": "Bordeaux",
        "direction_labels": [
          "Vers 4 Pavillons"
        ],
        "num_cpev": "94",
        "point_id": "2021-94-P61.1",
        "poste": "P61.1",
        "zone_id": "166005000"
      },
      "type": "Feature"
    },
    {
      "geometry": {
        "coordinates": [
          -0.546617,
          44.848503
        ],
        "type": "Point"
      },
      "properties": {
        "adresse": null,
        "campaign_year": 2021,
        "commune": "Bordeaux",
        "direction_labels": [
          "Vers le Pont de Pierre"
        ],
        "num_cpev": "94",
        "point_id": "2021-94-P61.2",
        "poste": "P61.2",
        "zone_id": "166005000"
      },
      "type": "Feature"
    },
    {
      "geometry": {
        "coordinates": [
          -0.508876,
          44.853432
        ],
        "type": "Point"
      },
      "properties": {
        "adresse": null,
        "campaign_year": 2021,
        "commune": "Cenon",
        "direction_labels": [
          "Vers Avenue Georges Clemenceau"
        ],
        "num_cpev": "95",
        "point_id": "2021-95-PF1.1",
        "poste": "PF1.1",
        "zone_id": "175004000"
      },
      "type": "Feature"
    },
    {
      "geometry": {
        "coordinates": [
          -0.508868,
          44.853464
        ],
        "type": "Point"
      },
      "properties": {
        "adresse": null,
        "campaign_year": 2021,
        "commune": "Cenon",
        "direction_labels": [
          "Vers Rue Francisco de Goya"
        ],
        "num_cpev": "95",
        "point_id": "2021-95-PF1.2",
        "poste": "PF1.2",
        "zone_id": "175004000"
      },
      "type": "Feature"
    },
    {
      "geometry": {
        "coordinates": [
          -0.50004,
          44.878506
        ],
        "type": "Point"
      },
      "properties": {
        "adresse": null,
        "campaign_year": 2021,
        "commune": "Lormont",
        "direction_labels": [
          "Vers Rue Jean Cocteau"
        ],
        "num_cpev": "96",
        "point_id": "2021-96-PJ1.1",
        "poste": "PJ1.1",
        "zone_id": "174018000"
      },
      "type": "Feature"
    },
    {
      "geometry": {
        "coordinates": [
          -0.499981,
          44.878586
        ],
        "type": "Point"
      },
      "properties": {
        "adresse": null,
        "campaign_year": 2021,
        "commune": "Lormont",
        "direction_labels": [
          "Vers Route d'Yvrac"
        ],
        "num_cpev": "96",
        "point_id": "2021-96-PJ1.2",
        "poste": "PJ1.2",
        "zone_id": "174018000"
      },
      "type": "Feature"
    },
    {
      "geometry": {
        "coordinates": [
          -0.615959,
          44.893899
        ],
        "type": "Point"
      },
      "properties": {
        "adresse": "Arrêt de bus ZI Camplilleau avenue des 4 Ponts",
        "campaign_year": 2022,
        "commune": "Blanquefort",
        "direction_labels": [
          "Vers Rue de Magnol"
        ],
        "num_cpev": "102",
        "point_id": "2022-102-PZ.1",
        "poste": "PZ.1",
        "zone_id": "173012000"
      },
      "type": "Feature"
    },
    {
      "geometry": {
        "coordinates": [
          -0.616056,
          44.893994
        ],
        "type": "Point"
      },
      "properties": {
        "adresse": "Arrêt de bus ZI Camplilleau avenue des 4 Ponts",
        "campaign_year": 2022,
        "commune": "Blanquefort",
        "direction_labels": [
          "Vers Rue Majolan"
        ],
        "num_cpev": "102",
        "point_id": "2022-102-PZ.2",
        "poste": "PZ.2",
        "zone_id": "173012000"
      },
      "type": "Feature"
    },
    {
      "geometry": {
        "coordinates": [
          -0.646032,
          44.856203
        ],
        "type": "Point"
      },
      "properties": {
        "adresse": null,
        "campaign_year": 2022,
        "commune": "Mérignac",
        "direction_labels": [
          "Vers Avenue de la Forêt "
        ],
        "num_cpev": "103",
        "point_id": "2022-103-PT.1",
        "poste": "PT.1",
        "zone_id": "171015000"
      },
      "type": "Feature"
    },
    {
      "geometry": {
        "coordinates": [
          -0.646032,
          44.856135
        ],
        "type": "Point"
      },
      "properties": {
        "adresse": null,
        "campaign_year": 2022,
        "commune": "Mérignac",
        "direction_labels": [
          "Vers Avenue de la Libération"
        ],
        "num_cpev": "103",
        "point_id": "2022-103-PT.2",
        "poste": "PT.2",
        "zone_id": "171011000"
      },
      "type": "Feature"
    },
    {
      "geometry": {
        "coordinates": [
          -0.657645,
          44.800531
        ],
        "type": "Point"
      },
      "properties": {
        "adresse": null,
        "campaign_year": 2022,
        "commune": "Pessac",
        "direction_labels": [
          "Vers Rue Maréchal Foch"
        ],
        "num_cpev": "104",
        "point_id": "2022-104-PQ.1",
        "poste": "PQ.1",
        "zone_id": "178001000"
      },
      "type": "Feature"
    },
    {
      "geometry": {
        "coordinates": [
          -0.657677,
          44.800594
        ],
        "type": "Point"
      },
      "properties": {
        "adresse": null,
        "campaign_year": 2022,
        "commune": "Pessac",
        "direction_labels": [
          "Vers Avenue de Bourgailh"
        ],
        "num_cpev": "104",
        "point_id": "2022-104-PQ.2",
        "poste": "PQ.2",
        "zone_id": "178001000"
      },
      "type": "Feature"
    },
    {
      "geometry": {
        "coordinates": [
          -0.569921,
          44.877536
        ],
        "type": "Point"
      },
      "properties": {
        "adresse": null,
        "campaign_year": 2022,
        "commune": "Bordeaux",
        "direction_labels": [
          "Vers Avenue Larcel Dassault",
          "Vers Avenue Marcel Dassault"
        ],
        "num_cpev": "105",
        "point_id": "2022-105-PV2.1",
        "poste": "PV2.1",
        "zone_id": "165013000"
      },
      "type": "Feature"
    },
    {
      "geometry": {
        "coordinates": [
          -0.569972,
          44.877454
        ],
        "type": "Point"
      },
      "properties": {
        "adresse": null,
        "campaign_year": 2022,
        "commune": "Bordeaux",
        "direction_labels": [
          "Vers Rond Point Tobeen"
        ],
        "num_cpev": "105",
        "point_id": "2022-105-PV2.2",
        "poste": "PV2.2",
        "zone_id": "165013000"
      },
      "type": "Feature"
    },
    {
      "geometry": {
        "coordinates": [
          -0.572951,
          44.81404
        ],
        "type": "Point"
      },
      "properties": {
        "adresse": null,
        "campaign_year": 2022,
        "commune": "Bordeaux",
        "direction_labels": [
          "Vers Rue de Suzon"
        ],
        "num_cpev": "106",
        "point_id": "2022-106-P66.1",
        "poste": "P66.1",
        "zone_id": "162006000"
      },
      "type": "Feature"
    },
    {
      "geometry": {
        "coordinates": [
          -0.572899,
          44.814036
        ],
        "type": "Point"
      },
      "properties": {
        "adresse": null,
        "campaign_year": 2022,
        "commune": "Bordeaux",
        "direction_labels": [
          "Vers Barrière de Toulouse"
        ],
        "num_cpev": "106",
        "point_id": "2022-106-P66.2",
        "poste": "P66.2",
        "zone_id": "162005000"
      },
      "type": "Feature"
    },
    {
      "geometry": {
        "coordinates": [
          -0.59447,
          44.827257
        ],
        "type": "Point"
      },
      "properties": {
        "adresse": null,
        "campaign_year": 2022,
        "commune": "Bordeaux",
        "direction_labels": [
          "Vers Place Campeyraut"
        ],
        "num_cpev": "107",
        "point_id": "2022-107-P25.1",
        "poste": "P25.1",
        "zone_id": "172002000"
      },
      "type": "Feature"
    },
    {
      "geometry": {
        "coordinates": [
          -0.594432,
          44.827213
        ],
        "type": "Point"
      },
      "properties": {
        "adresse": null,
        "campaign_year": 2022,
        "commune": "Bordeaux",
        "direction_labels": [
          "Vers Boulevard Maréchal Leclerc"
        ],
        "num_cpev": "107",
        "point_id": "2022-107-P25.2",
        "poste": "P25.2",
        "zone_id": "172002000"
      },
      "type": "Feature"
    },
    {
      "geometry": {
        "coordinates": [
          -0.599589,
          44.842771
        ],
        "type": "Point"
      },
      "properties": {
        "adresse": null,
        "campaign_year": 2022,
        "commune": "Bordeaux",
        "direction_labels": [
          "Vers Avenue du Jeu de Paume"
        ],
        "num_cpev": "110",
        "point_id": "2022-110-P4.1",
        "poste": "P4.1",
        "zone_id": "172007000"
      },
      "type": "Feature"
    },
    {
      "geometry": {
        "coordinates": [
          -0.599468,
          44.842761
        ],
        "type": "Point"
      },
      "properties": {
        "adresse": null,
        "campaign_year": 2022,
        "commune": "Bordeaux",
        "direction_labels": [
          "Vers Rue Colmar"
        ],
        "num_cpev": "110",
        "point_id": "2022-110-P4.2",
        "poste": "P4.2",
        "zone_id": "163005000"
      },
      "type": "Feature"
    },
    {
      "geometry": {
        "coordinates": [
          -0.584558,
          44.818907
        ],
        "type": "Point"
      },
      "properties": {
        "adresse": null,
        "campaign_year": 2022,
        "commune": "Talence",
        "direction_labels": [
          "Vers Rue Berthomé"
        ],
        "num_cpev": "111",
        "point_id": "2022-111-PN.1",
        "poste": "PN.1",
        "zone_id": "168009000"
      },
      "type": "Feature"
    },
    {
      "geometry": {
        "coordinates": [
          -0.584437,
          44.818886
        ],
        "type": "Point"
      },
      "properties": {
        "adresse": null,
        "campaign_year": 2022,
        "commune": "Talence",
        "direction_labels": [
          "Vers Rue Jules Simon"
        ],
        "num_cpev": "111",
        "point_id": "2022-111-PN.2",
        "poste": "PN.2",
        "zone_id": "168009000"
      },
      "type": "Feature"
    },
    {
      "geometry": {
        "coordinates": [
          -0.604293,
          44.813872
        ],
        "type": "Point"
      },
      "properties": {
        "adresse": null,
        "campaign_year": 2022,
        "commune": "Talence",
        "direction_labels": [
          "Vers Rue de Peybouquey"
        ],
        "num_cpev": "112",
        "point_id": "2022-112-PL.1",
        "poste": "PL.1",
        "zone_id": "168015000"
      },
      "type": "Feature"
    },
    {
      "geometry": {
        "coordinates": [
          -0.604339,
          44.813893
        ],
        "type": "Point"
      },
      "properties": {
        "adresse": null,
        "campaign_year": 2022,
        "commune": "Talence",
        "direction_labels": [
          "Vers Avenue Jean Jaures"
        ],
        "num_cpev": "112",
        "point_id": "2022-112-PL.2",
        "poste": "PL.2",
        "zone_id": "168015000"
      },
      "type": "Feature"
    },
    {
      "geometry": {
        "coordinates": [
          -0.595458,
          44.800854
        ],
        "type": "Point"
      },
      "properties": {
        "adresse": null,
        "campaign_year": 2022,
        "commune": "Talence",
        "direction_labels": [
          "Vers Avenue Marly"
        ],
        "num_cpev": "113",
        "point_id": "2022-113-PI.1",
        "poste": "PI.1",
        "zone_id": "168011000"
      },
      "type": "Feature"
    },
    {
      "geometry": {
        "coordinates": [
          -0.595336,
          44.800793
        ],
        "type": "Point"
      },
      "properties": {
        "adresse": null,
        "campaign_year": 2022,
        "commune": "Talence",
        "direction_labels": [
          "Vers Avenue du Breuil"
        ],
        "num_cpev": "113",
        "point_id": "2022-113-PI.2",
        "poste": "PI.2",
        "zone_id": "168011000"
      },
      "type": "Feature"
    },
    {
      "geometry": {
        "coordinates": [
          -0.566423,
          44.786006
        ],
        "type": "Point"
      },
      "properties": {
        "adresse": null,
        "campaign_year": 2022,
        "commune": "Villenave d Ornon",
        "direction_labels": [
          "Vers Avenue Danielle Mitterrand"
        ],
        "num_cpev": "114",
        "point_id": "2022-114-PD.1",
        "poste": "PD.1",
        "zone_id": "167013000"
      },
      "type": "Feature"
    },
    {
      "geometry": {
        "coordinates": [
          -0.566361,
          44.78601
        ],
        "type": "Point"
      },
      "properties": {
        "adresse": null,
        "campaign_year": 2022,
        "commune": "Villenave d Ornon",
        "direction_labels": [
          "Vers Rue Alexis Labro"
        ],
        "num_cpev": "114",
        "point_id": "2022-114-PD.2",
        "poste": "PD.2",
        "zone_id": "167013000"
      },
      "type": "Feature"
    },
    {
      "geometry": {
        "coordinates": [
          -0.564641,
          44.773569
        ],
        "type": "Point"
      },
      "properties": {
        "adresse": null,
        "campaign_year": 2022,
        "commune": "Villenave d Ornon",
        "direction_labels": [
          "Vers Rue Marcel Utrillo"
        ],
        "num_cpev": "115",
        "point_id": "2022-115-PW2.1",
        "poste": "PW2.1",
        "zone_id": "176007000"
      },
      "type": "Feature"
    },
    {
      "geometry": {
        "coordinates": [
          -0.564518,
          44.773554
        ],
        "type": "Point"
      },
      "properties": {
        "adresse": null,
        "campaign_year": 2022,
        "commune": "Villenave d Ornon",
        "direction_labels": [
          "Vers Rue de Montrignac"
        ],
        "num_cpev": "115",
        "point_id": "2022-115-PW2.2",
        "poste": "PW2.2",
        "zone_id": "176007000"
      },
      "type": "Feature"
    },
    {
      "geometry": {
        "coordinates": [
          -0.539178,
          44.842236
        ],
        "type": "Point"
      },
      "properties": {
        "adresse": null,
        "campaign_year": 2022,
        "commune": "Floirac",
        "direction_labels": [
          "Vers Avenue Jean Jaurès"
        ],
        "num_cpev": "116",
        "point_id": "2022-116-P17.1",
        "poste": "P17.1",
        "zone_id": "166009000"
      },
      "type": "Feature"
    },
    {
      "geometry": {
        "coordinates": [
          -0.539183,
          44.842289
        ],
        "type": "Point"
      },
      "properties": {
        "adresse": null,
        "campaign_year": 2022,
        "commune": "Floirac",
        "direction_labels": [
          "Vers Rue Marcelin Berthelot"
        ],
        "num_cpev": "116",
        "point_id": "2022-116-P17.2",
        "poste": "P17.2",
        "zone_id": "166007000"
      },
      "type": "Feature"
    },
    {
      "geometry": {
        "coordinates": [
          -0.57957,
          44.832352
        ],
        "type": "Point"
      },
      "properties": {
        "adresse": null,
        "campaign_year": 2022,
        "commune": "Bordeaux",
        "direction_labels": [
          "Vers Place de la Victoire"
        ],
        "num_cpev": "117",
        "point_id": "2022-117-P56.1",
        "poste": "P56.1",
        "zone_id": "162019000"
      },
      "type": "Feature"
    },
    {
      "geometry": {
        "coordinates": [
          -0.579554,
          44.832432
        ],
        "type": "Point"
      },
      "properties": {
        "adresse": null,
        "campaign_year": 2022,
        "commune": "Bordeaux",
        "direction_labels": [
          "Vers Cours d'Albret"
        ],
        "num_cpev": "117",
        "point_id": "2022-117-P56.2",
        "poste": "P56.2",
        "zone_id": "161006000"
      },
      "type": "Feature"
    },
    {
      "geometry": {
        "coordinates": [
          -0.573658,
          44.831107
        ],
        "type": "Point"
      },
      "properties": {
        "adresse": null,
        "campaign_year": 2022,
        "commune": "Bordeaux",
        "direction_labels": [
          "Vers Place de la Victoire"
        ],
        "num_cpev": "118",
        "point_id": "2022-118-P57.1",
        "poste": "P57.1",
        "zone_id": "161010000"
      },
      "type": "Feature"
    },
    {
      "geometry": {
        "coordinates": [
          -0.573704,
          44.831061
        ],
        "type": "Point"
      },
      "properties": {
        "adresse": null,
        "campaign_year": 2022,
        "commune": "Bordeaux",
        "direction_labels": [
          "Vers Cours d'Albret"
        ],
        "num_cpev": "118",
        "point_id": "2022-118-P57.2",
        "poste": "P57.2",
        "zone_id": "162011000"
      },
      "type": "Feature"
    },
    {
      "geometry": {
        "coordinates": [
          -0.558832,
          44.839488
        ],
        "type": "Point"
      },
      "properties": {
        "adresse": null,
        "campaign_year": 2022,
        "commune": "Bordeaux",
        "direction_labels": [
          "Vers Henri Dunant"
        ],
        "num_cpev": "119",
        "point_id": "2022-119-P18.1",
        "poste": "P18.1",
        "zone_id": "166001000"
      },
      "type": "Feature"
    },
    {
      "geometry": {
        "coordinates": [
          -0.558853,
          44.83953
        ],
        "type": "Point"
      },
      "properties": {
        "adresse": null,
        "campaign_year": 2022,
        "commune": "Bordeaux",
        "direction_labels": [
          "Quai Deschamps"
        ],
        "num_cpev": "119",
        "point_id": "2022-119-P18.2",
        "poste": "P18.2",
        "zone_id": "166001000"
      },
      "type": "Feature"
    },
    {
      "geometry": {
        "coordinates": [
          -0.564544,
          44.812967
        ],
        "type": "Point"
      },
      "properties": {
        "adresse": null,
        "campaign_year": 2022,
        "commune": "Bègles",
        "direction_labels": [
          "Vers Rue Roland et Marie Richon"
        ],
        "num_cpev": "120",
        "point_id": "2022-120-P79.1",
        "poste": "P79.1",
        "zone_id": "167008000"
      },
      "type": "Feature"
    },
    {
      "geometry": {
        "coordinates": [
          -0.564496,
          44.812978
        ],
        "type": "Point"
      },
      "properties": {
        "adresse": null,
        "campaign_year": 2022,
        "commune": "Bègles",
        "direction_labels": [
          "Vers Barrière de Bègles"
        ],
        "num_cpev": "120",
        "point_id": "2022-120-P79.2",
        "poste": "P79.2",
        "zone_id": "167008000"
      },
      "type": "Feature"
    },
    {
      "geometry": {
        "coordinates": [
          -0.556985,
          44.796333
        ],
        "type": "Point"
      },
      "properties": {
        "adresse": null,
        "campaign_year": 2022,
        "commune": "Bègles",
        "direction_labels": [
          "Vers Rue Dilly Prolongée"
        ],
        "num_cpev": "121",
        "point_id": "2022-121-PC.1",
        "poste": "PC.1",
        "zone_id": "167009000"
      },
      "type": "Feature"
    },
    {
      "geometry": {
        "coordinates": [
          -0.55702,
          44.796377
        ],
        "type": "Point"
      },
      "properties": {
        "adresse": null,
        "campaign_year": 2022,
        "commune": "Bègles",
        "direction_labels": [
          "Vers Rue Alexis Labro"
        ],
        "num_cpev": "121",
        "point_id": "2022-121-PC.2",
        "poste": "PC.2",
        "zone_id": "167009000"
      },
      "type": "Feature"
    },
    {
      "geometry": {
        "coordinates": [
          -0.590681,
          44.875683
        ],
        "type": "Point"
      },
      "properties": {
        "adresse": null,
        "campaign_year": 2022,
        "commune": "Bruges",
        "direction_labels": [
          "Vers Rue Alfred Bert"
        ],
        "num_cpev": "123",
        "point_id": "2022-123-PX2.1",
        "poste": "PX2.1",
        "zone_id": "173014000"
      },
      "type": "Feature"
    },
    {
      "geometry": {
        "coordinates": [
          -0.590643,
          44.875691
        ],
        "type": "Point"
      },
      "properties": {
        "adresse": null,
        "campaign_year": 2022,
        "commune": "Bruges",
        "direction_labels": [
          "Vers Avenue Périé"
        ],
        "num_cpev": "123",
        "point_id": "2022-123-PX2.2",
        "poste": "PX2.2",
        "zone_id": "173014000"
      },
      "type": "Feature"
    },
    {
      "geometry": {
        "coordinates": [
          -0.51562,
          44.857895
        ],
        "type": "Point"
      },
      "properties": {
        "adresse": null,
        "campaign_year": 2022,
        "commune": "Cenon",
        "direction_labels": [
          "Vers Rue du Loret"
        ],
        "num_cpev": "124",
        "point_id": "2022-124-PG1.1",
        "poste": "PG1.1",
        "zone_id": "175003000"
      },
      "type": "Feature"
    },
    {
      "geometry": {
        "coordinates": [
          -0.515481,
          44.857887
        ],
        "type": "Point"
      },
      "properties": {
        "adresse": null,
        "campaign_year": 2022,
        "commune": "Cenon",
        "direction_labels": [
          "Vers Rue Louis Mondaut"
        ],
        "num_cpev": "124",
        "point_id": "2022-124-PG1.2",
        "poste": "PG1.2",
        "zone_id": "175003000"
      },
      "type": "Feature"
    },
    {
      "geometry": {
        "coordinates": [
          -0.598657,
          44.846727
        ],
        "type": "Point"
      },
      "properties": {
        "adresse": null,
        "campaign_year": 2022,
        "commune": "Bordeaux",
        "direction_labels": [
          "Vers Boulevard du Président Wilson"
        ],
        "num_cpev": "125",
        "point_id": "2022-125-P31.1",
        "poste": "P31.1",
        "zone_id": "172006000"
      },
      "type": "Feature"
    },
    {
      "geometry": {
        "coordinates": [
          -0.598625,
          44.846782
        ],
        "type": "Point"
      },
      "properties": {
        "adresse": null,
        "campaign_year": 2022,
        "commune": "Bordeaux",
        "direction_labels": [
          "Vers Allée des Marronnières"
        ],
        "num_cpev": "125",
        "point_id": "2022-125-P31.2",
        "poste": "P31.2",
        "zone_id": "172006000"
      },
      "type": "Feature"
    },
    {
      "geometry": {
        "coordinates": [
          -0.630632,
          44.873609
        ],
        "type": "Point"
      },
      "properties": {
        "adresse": null,
        "campaign_year": 2022,
        "commune": "Eysines",
        "direction_labels": [
          "Vers Rue du Canter"
        ],
        "num_cpev": "126",
        "point_id": "2022-126-PM2.1",
        "poste": "PM2.1",
        "zone_id": "180002000"
      },
      "type": "Feature"
    },
    {
      "geometry": {
        "coordinates": [
          -0.630632,
          44.87367
        ],
        "type": "Point"
      },
      "properties": {
        "adresse": null,
        "campaign_year": 2022,
        "commune": "Eysines",
        "direction_labels": [
          "Vers Avenue du Taillan"
        ],
        "num_cpev": "126",
        "point_id": "2022-126-PM2.2",
        "poste": "PM2.2",
        "zone_id": "180002000"
      },
      "type": "Feature"
    },
    {
      "geometry": {
        "coordinates": [
          -0.56148,
          44.86637
        ],
        "type": "Point"
      },
      "properties": {
        "adresse": null,
        "campaign_year": 2022,
        "commune": "Bordeaux",
        "direction_labels": [
          "Vers Boulevard Alfred Daney"
        ],
        "num_cpev": "128",
        "point_id": "2022-128-P39.1",
        "poste": "P39.1",
        "zone_id": "165009000"
      },
      "type": "Feature"
    },
    {
      "geometry": {
        "coordinates": [
          -0.561534,
          44.866302
        ],
        "type": "Point"
      },
      "properties": {
        "adresse": null,
        "campaign_year": 2022,
        "commune": "Bordeaux",
        "direction_labels": [
          "Vers Pont Chaban"
        ],
        "num_cpev": "128",
        "point_id": "2022-128-P39.2",
        "poste": "P39.2",
        "zone_id": "165002000"
      },
      "type": "Feature"
    },
    {
      "geometry": {
        "coordinates": [
          -0.553067,
          44.875924
        ],
        "type": "Point"
      },
      "properties": {
        "adresse": null,
        "campaign_year": 2022,
        "commune": "Bordeaux",
        "direction_labels": [
          "Vers Rue de Nantes"
        ],
        "num_cpev": "129",
        "point_id": "2022-129-P38.1",
        "poste": "P38.1",
        "zone_id": "165006000"
      },
      "type": "Feature"
    },
    {
      "geometry": {
        "coordinates": [
          -0.553137,
          44.875934
        ],
        "type": "Point"
      },
      "properties": {
        "adresse": null,
        "campaign_year": 2022,
        "commune": "Bordeaux",
        "direction_labels": [
          "Vers Place René Maran"
        ],
        "num_cpev": "129",
        "point_id": "2022-129-P38.2",
        "poste": "P38.2",
        "zone_id": "165006000"
      },
      "type": "Feature"
    },
    {
      "geometry": {
        "coordinates": [
          -0.594391,
          44.828622
        ],
        "type": "Point"
      },
      "properties": {
        "adresse": null,
        "campaign_year": 2022,
        "commune": "Bordeaux",
        "direction_labels": [
          "Vers Rue de Cheminade"
        ],
        "num_cpev": "130",
        "point_id": "2022-130-P3.1",
        "poste": "P3.1",
        "zone_id": "172002000"
      },
      "type": "Feature"
    },
    {
      "geometry": {
        "coordinates": [
          -0.594288,
          44.828695
        ],
        "type": "Point"
      },
      "properties": {
        "adresse": null,
        "campaign_year": 2022,
        "commune": "Bordeaux",
        "direction_labels": [
          "Vers Rue Jean Dandicolle"
        ],
        "num_cpev": "130",
        "point_id": "2022-130-P3.2",
        "poste": "P3.2",
        "zone_id": "162014000"
      },
      "type": "Feature"
    },
    {
      "geometry": {
        "coordinates": [
          -0.52538,
          44.880141
        ],
        "type": "Point"
      },
      "properties": {
        "adresse": null,
        "campaign_year": 2022,
        "commune": "Lormont",
        "direction_labels": [
          "Vers Rue André Dupin"
        ],
        "num_cpev": "131",
        "point_id": "2022-131-PK1.1",
        "poste": "PK1.1",
        "zone_id": "174014000"
      },
      "type": "Feature"
    },
    {
      "geometry": {
        "coordinates": [
          -0.52535,
          44.880166
        ],
        "type": "Point"
      },
      "properties": {
        "adresse": null,
        "campaign_year": 2022,
        "commune": "Lormont",
        "direction_labels": [
          "Vers Rue Paul Courtault"
        ],
        "num_cpev": "131",
        "point_id": "2022-131-PK1.2",
        "poste": "PK1.2",
        "zone_id": "174014000"
      },
      "type": "Feature"
    },
    {
      "geometry": {
        "coordinates": [
          -0.578803,
          44.841806
        ],
        "type": "Point"
      },
      "properties": {
        "adresse": null,
        "campaign_year": 2022,
        "commune": "Bordeaux",
        "direction_labels": [
          "Vers Place Gambetta"
        ],
        "num_cpev": "132",
        "point_id": "2022-132-P47.1",
        "poste": "P47.1",
        "zone_id": "161007000"
      },
      "type": "Feature"
    },
    {
      "geometry": {
        "coordinates": [
          -0.578803,
          44.841806
        ],
        "type": "Point"
      },
      "properties": {
        "adresse": null,
        "campaign_year": 2022,
        "commune": "Bordeaux",
        "direction_labels": [
          "Vers Place de la Comédie"
        ],
        "num_cpev": "132",
        "point_id": "2022-132-P47.2",
        "poste": "P47.2",
        "zone_id": "161007000"
      },
      "type": "Feature"
    },
    {
      "geometry": {
        "coordinates": [
          -0.57452,
          44.843511
        ],
        "type": "Point"
      },
      "properties": {
        "adresse": null,
        "campaign_year": 2022,
        "commune": "Bordeaux",
        "direction_labels": [
          "Vers Esprit des Lois"
        ],
        "num_cpev": "133",
        "point_id": "2022-133-P42.1",
        "poste": "P42.1",
        "zone_id": "161008000"
      },
      "type": "Feature"
    },
    {
      "geometry": {
        "coordinates": [
          -0.574435,
          44.843519
        ],
        "type": "Point"
      },
      "properties": {
        "adresse": null,
        "campaign_year": 2022,
        "commune": "Bordeaux",
        "direction_labels": [
          "Vers les Allées d'Orléans"
        ],
        "num_cpev": "133",
        "point_id": "2022-133-P42.2",
        "poste": "P42.2",
        "zone_id": "161008000"
      },
      "type": "Feature"
    },
    {
      "geometry": {
        "coordinates": [
          -0.55534,
          44.85961
        ],
        "type": "Point"
      },
      "properties": {
        "adresse": null,
        "campaign_year": 2022,
        "commune": "Bordeaux",
        "direction_labels": [
          "Vers Pont Chaban"
        ],
        "num_cpev": "134",
        "point_id": "2022-134-P10.1",
        "poste": "P10.1",
        "zone_id": "165001000"
      },
      "type": "Feature"
    },
    {
      "geometry": {
        "coordinates": [
          -0.555358,
          44.859641
        ],
        "type": "Point"
      },
      "properties": {
        "adresse": null,
        "campaign_year": 2022,
        "commune": "Bordeaux",
        "direction_labels": [
          "Vers Rue de la Faïencerie"
        ],
        "num_cpev": "134",
        "point_id": "2022-134-P10.2",
        "poste": "P10.2",
        "zone_id": "165001000"
      },
      "type": "Feature"
    },
    {
      "geometry": {
        "coordinates": [
          -0.549664,
          44.866703
        ],
        "type": "Point"
      },
      "properties": {
        "adresse": null,
        "campaign_year": 2022,
        "commune": "Bordeaux",
        "direction_labels": [
          "Vers Rue de Saïgon"
        ],
        "num_cpev": "135",
        "point_id": "2022-135-P13.1",
        "poste": "P13.1",
        "zone_id": "165004000"
      },
      "type": "Feature"
    },
    {
      "geometry": {
        "coordinates": [
          -0.54971,
          44.826656
        ],
        "type": "Point"
      },
      "properties": {
        "adresse": null,
        "campaign_year": 2022,
        "commune": "Bordeaux",
        "direction_labels": [
          "Vers Rue de Belcier"
        ],
        "num_cpev": "135",
        "point_id": "2022-135-P13.2",
        "poste": "P13.2",
        "zone_id": "161018000"
      },
      "type": "Feature"
    },
    {
      "geometry": {
        "coordinates": [
          -0.585593,
          44.851228
        ],
        "type": "Point"
      },
      "properties": {
        "adresse": null,
        "campaign_year": 2022,
        "commune": "Bordeaux",
        "direction_labels": [
          "Vers Rue Cassignol"
        ],
        "num_cpev": "136",
        "point_id": "2022-136-P36.1",
        "poste": "P36.1",
        "zone_id": "163013000"
      },
      "type": "Feature"
    },
    {
      "geometry": {
        "coordinates": [
          -0.585631,
          44.851167
        ],
        "type": "Point"
      },
      "properties": {
        "adresse": null,
        "campaign_year": 2022,
        "commune": "Bordeaux",
        "direction_labels": [
          "Vers Rue Dardenne"
        ],
        "num_cpev": "136",
        "point_id": "2022-136-P36.2",
        "poste": "P36.2",
        "zone_id": "163013000"
      },
      "type": "Feature"
    },
    {
      "geometry": {
        "coordinates": [
          -0.573282,
          44.83795
        ],
        "type": "Point"
      },
      "properties": {
        "adresse": null,
        "campaign_year": 2022,
        "commune": "Bordeaux",
        "direction_labels": [
          "Vers Rue Arnaud Miqueu"
        ],
        "num_cpev": "137",
        "point_id": "2022-137-PD1.1",
        "poste": "PD1.1",
        "zone_id": "161003000"
      },
      "type": "Feature"
    },
    {
      "geometry": {
        "coordinates": [
          -0.573282,
          44.83795
        ],
        "type": "Point"
      },
      "properties": {
        "adresse": null,
        "campaign_year": 2022,
        "commune": "Bordeaux",
        "direction_labels": [
          "Vers Rue Saint Catherine"
        ],
        "num_cpev": "137",
        "point_id": "2022-137-PD1.2",
        "poste": "PD1.2",
        "zone_id": "161003000"
      },
      "type": "Feature"
    },
    {
      "geometry": {
        "coordinates": [
          -0.57226,
          44.843167
        ],
        "type": "Point"
      },
      "properties": {
        "adresse": null,
        "campaign_year": 2022,
        "commune": "Bordeaux",
        "direction_labels": [
          "Vers Place de la Comédie"
        ],
        "num_cpev": "138",
        "point_id": "2022-138-P46,1",
        "poste": "P46,1",
        "zone_id": "161009000"
      },
      "type": "Feature"
    },
    {
      "geometry": {
        "coordinates": [
          -0.572228,
          44.843121
        ],
        "type": "Point"
      },
      "properties": {
        "adresse": null,
        "campaign_year": 2022,
        "commune": "Bordeaux",
        "direction_labels": [
          "Vers les Quais"
        ],
        "num_cpev": "138",
        "point_id": "2022-138-P46.2",
        "poste": "P46.2",
        "zone_id": "161009000"
      },
      "type": "Feature"
    },
    {
      "geometry": {
        "coordinates": [
          -0.567135,
          44.829614
        ],
        "type": "Point"
      },
      "properties": {
        "adresse": null,
        "campaign_year": 2022,
        "commune": "Bordeaux",
        "direction_labels": [
          "Vers Rue Max Coyne"
        ],
        "num_cpev": "139",
        "point_id": "2022-139-PE1.1",
        "poste": "PE1.1",
        "zone_id": "162002000"
      },
      "type": "Feature"
    },
    {
      "geometry": {
        "coordinates": [
          -0.567114,
          44.829658
        ],
        "type": "Point"
      },
      "properties": {
        "adresse": null,
        "campaign_year": 2022,
        "commune": "Bordeaux",
        "direction_labels": [
          "Vers Impasse Saint Jean"
        ],
        "num_cpev": "139",
        "point_id": "2022-139-PE1.2",
        "poste": "PE1.2",
        "zone_id": "161015000"
      },
      "type": "Feature"
    },
    {
      "geometry": {
        "coordinates": [
          -0.587939,
          44.844106
        ],
        "type": "Point"
      },
      "properties": {
        "adresse": null,
        "campaign_year": 2022,
        "commune": "Bordeaux",
        "direction_labels": [
          "Vers Rue Goya"
        ],
        "num_cpev": "140",
        "point_id": "2022-140-P33.1",
        "poste": "P33.1",
        "zone_id": "163011000"
      },
      "type": "Feature"
    },
    {
      "geometry": {
        "coordinates": [
          -0.587982,
          44.844079
        ],
        "type": "Point"
      },
      "properties": {
        "adresse": null,
        "campaign_year": 2022,
        "commune": "Bordeaux",
        "direction_labels": [
          "Vers Rue Docteur Albert Barrad"
        ],
        "num_cpev": "140",
        "point_id": "2022-140-P33.2",
        "poste": "P33.2",
        "zone_id": "163011000"
      },
      "type": "Feature"
    },
    {
      "geometry": {
        "coordinates": [
          -0.560693,
          44.832501
        ],
        "type": "Point"
      },
      "properties": {
        "adresse": null,
        "campaign_year": 2022,
        "commune": "Bordeaux",
        "direction_labels": [
          "Vers Quinconces"
        ],
        "num_cpev": "141",
        "point_id": "2022-141-P12.1",
        "poste": "P12.1",
        "zone_id": "161015000"
      },
      "type": "Feature"
    },
    {
      "geometry": {
        "coordinates": [
          -0.560773,
          44.832783
        ],
        "type": "Point"
      },
      "properties": {
        "adresse": null,
        "campaign_year": 2022,
        "commune": "Bordeaux",
        "direction_labels": [
          "Vers Pont St Jean"
        ],
        "num_cpev": "141",
        "point_id": "2022-141-P12.2",
        "poste": "P12.2",
        "zone_id": "161015000"
      },
      "type": "Feature"
    },
    {
      "geometry": {
        "coordinates": [
          -0.563096,
          44.848566
        ],
        "type": "Point"
      },
      "properties": {
        "adresse": "75 quai Queyries",
        "campaign_year": 2022,
        "commune": "Bordeaux",
        "direction_labels": [
          "Vers le Pont Chaban Delmas"
        ],
        "num_cpev": "15",
        "point_id": "2022-15-P62.1",
        "poste": "P62.1",
        "zone_id": "166002000"
      },
      "type": "Feature"
    },
    {
      "geometry": {
        "coordinates": [
          -0.563143,
          44.848584
        ],
        "type": "Point"
      },
      "properties": {
        "adresse": "75 quai Queyries",
        "campaign_year": 2022,
        "commune": "Bordeaux",
        "direction_labels": [
          "Vers le Pont de Pierre"
        ],
        "num_cpev": "15",
        "point_id": "2022-15-P62.2",
        "poste": "P62.2",
        "zone_id": "166002000"
      },
      "type": "Feature"
    },
    {
      "geometry": {
        "coordinates": [
          -0.53298,
          44.851245
        ],
        "type": "Point"
      },
      "properties": {
        "adresse": "100 cours Victor Hugo",
        "campaign_year": 2022,
        "commune": "Cenon",
        "direction_labels": [
          "Vers Boulevards de l'Entre-Deux-Mers"
        ],
        "num_cpev": "16",
        "point_id": "2022-16-P75.1",
        "poste": "P75.1",
        "zone_id": "166007000"
      },
      "type": "Feature"
    },
    {
      "geometry": {
        "coordinates": [
          -0.532933,
          44.851225
        ],
        "type": "Point"
      },
      "properties": {
        "adresse": "100 cours Victor Hugo",
        "campaign_year": 2022,
        "commune": "Cenon",
        "direction_labels": [
          "Vers Rue du Maréchal Foch"
        ],
        "num_cpev": "16",
        "point_id": "2022-16-P75.2",
        "poste": "P75.2",
        "zone_id": "166007000"
      },
      "type": "Feature"
    },
    {
      "geometry": {
        "coordinates": [
          -0.530521,
          44.838946
        ],
        "type": "Point"
      },
      "properties": {
        "adresse": "100 avenue Pasteur",
        "campaign_year": 2022,
        "commune": "Floirac",
        "direction_labels": [
          "Vers Avenue Pierre Curie"
        ],
        "num_cpev": "17",
        "point_id": "2022-17-P76.1",
        "poste": "P76.1",
        "zone_id": "166008000"
      },
      "type": "Feature"
    },
    {
      "geometry": {
        "coordinates": [
          -0.530371,
          44.83894
        ],
        "type": "Point"
      },
      "properties": {
        "adresse": "100 avenue Pasteur",
        "campaign_year": 2022,
        "commune": "Floirac",
        "direction_labels": [
          "Vers Boulevards de l'Entre-Deux-Mers"
        ],
        "num_cpev": "17",
        "point_id": "2022-17-P76.2",
        "poste": "P76.2",
        "zone_id": "166008000"
      },
      "type": "Feature"
    },
    {
      "geometry": {
        "coordinates": [
          -0.512039,
          44.819863
        ],
        "type": "Point"
      },
      "properties": {
        "adresse": "7 route de Latresne",
        "campaign_year": 2022,
        "commune": "Bouliac",
        "direction_labels": [
          "Vers Allée Sylvestre"
        ],
        "num_cpev": "18",
        "point_id": "2022-18-PE2.1",
        "poste": "PE2.1",
        "zone_id": "175013000"
      },
      "type": "Feature"
    },
    {
      "geometry": {
        "coordinates": [
          -0.512108,
          44.819849
        ],
        "type": "Point"
      },
      "properties": {
        "adresse": "7 route de Latresne",
        "campaign_year": 2022,
        "commune": "Bouliac",
        "direction_labels": [
          "Vers Chemin des Collines"
        ],
        "num_cpev": "18",
        "point_id": "2022-18-PE2.2",
        "poste": "PE2.2",
        "zone_id": "175013000"
      },
      "type": "Feature"
    },
    {
      "geometry": {
        "coordinates": [
          -0.497293,
          44.858862
        ],
        "type": "Point"
      },
      "properties": {
        "adresse": "83 avenue de l'Eglise Romane",
        "campaign_year": 2022,
        "commune": "Artigues",
        "direction_labels": [
          "Vers Allée des Aulnes"
        ],
        "num_cpev": "19",
        "point_id": "2022-19-PH1.1",
        "poste": "PH1.1",
        "zone_id": "175008000"
      },
      "type": "Feature"
    },
    {
      "geometry": {
        "coordinates": [
          -0.497242,
          44.858875
        ],
        "type": "Point"
      },
      "properties": {
        "adresse": "83 avenue de l'Eglise Romane",
        "campaign_year": 2022,
        "commune": "Artigues",
        "direction_labels": [
          "Vers Avenue Virecourt"
        ],
        "num_cpev": "19",
        "point_id": "2022-19-PH1.2",
        "poste": "PH1.2",
        "zone_id": "175008000"
      },
      "type": "Feature"
    },
    {
      "geometry": {
        "coordinates": [
          -0.592239,
          44.777394
        ],
        "type": "Point"
      },
      "properties": {
        "adresse": "121 Croix de Monjous",
        "campaign_year": 2022,
        "commune": "Gradignan",
        "direction_labels": [
          "Vers Rue de Bénédigues"
        ],
        "num_cpev": "21",
        "point_id": "2022-21-PE.1",
        "poste": "PE.1",
        "zone_id": "177002000"
      },
      "type": "Feature"
    },
    {
      "geometry": {
        "coordinates": [
          -0.612455,
          44.789182
        ],
        "type": "Point"
      },
      "properties": {
        "adresse": "11 rue Naudet",
        "campaign_year": 2022,
        "commune": "Gradignan",
        "direction_labels": [
          "Vers Rue Lucie Aubrac"
        ],
        "num_cpev": "22",
        "point_id": "2022-22-PH.1",
        "poste": "PH.1",
        "zone_id": "177008000"
      },
      "type": "Feature"
    },
    {
      "geometry": {
        "coordinates": [
          -0.612506,
          44.789172
        ],
        "type": "Point"
      },
      "properties": {
        "adresse": "11 rue Naudet",
        "campaign_year": 2022,
        "commune": "Gradignan",
        "direction_labels": [
          "Vers Rue des Tulipiers"
        ],
        "num_cpev": "22",
        "point_id": "2022-22-PH.2",
        "poste": "PH.2",
        "zone_id": "177008000"
      },
      "type": "Feature"
    },
    {
      "geometry": {
        "coordinates": [
          -0.655577,
          44.788305
        ],
        "type": "Point"
      },
      "properties": {
        "adresse": "130 avenue du Haut Lévêque",
        "campaign_year": 2022,
        "commune": "Pessac",
        "direction_labels": [
          "Vers Allée Henri Matisse"
        ],
        "num_cpev": "23",
        "point_id": "2022-23-PP2.1",
        "poste": "PP2.1",
        "zone_id": "178001000"
      },
      "type": "Feature"
    },
    {
      "geometry": {
        "coordinates": [
          -0.655668,
          44.788286
        ],
        "type": "Point"
      },
      "properties": {
        "adresse": "130 avenue du Haut Lévêque",
        "campaign_year": 2022,
        "commune": "Pessac",
        "direction_labels": [
          "Vers Avenue de Canéjan"
        ],
        "num_cpev": "23",
        "point_id": "2022-23-PP2.2",
        "poste": "PP2.2",
        "zone_id": "178002000"
      },
      "type": "Feature"
    },
    {
      "geometry": {
        "coordinates": [
          -0.599037,
          44.802578
        ],
        "type": "Point"
      },
      "properties": {
        "adresse": "14 avenue de l'Université",
        "campaign_year": 2022,
        "commune": "Talence",
        "direction_labels": [
          "Vers Avenue Roul"
        ],
        "num_cpev": "24",
        "point_id": "2022-24-PU2.1",
        "poste": "PU2.1",
        "zone_id": "168014000"
      },
      "type": "Feature"
    },
    {
      "geometry": {
        "coordinates": [
          -0.599115,
          44.802489
        ],
        "type": "Point"
      },
      "properties": {
        "adresse": "14 avenue de l'Université",
        "campaign_year": 2022,
        "commune": "Talence",
        "direction_labels": [
          "Vers Cours de la Libération"
        ],
        "num_cpev": "24",
        "point_id": "2022-24-PU2.2",
        "poste": "PU2.2",
        "zone_id": "168014000"
      },
      "type": "Feature"
    },
    {
      "geometry": {
        "coordinates": [
          -0.612223,
          44.803264
        ],
        "type": "Point"
      },
      "properties": {
        "adresse": "78 avenue du Dr Albert Schweitzer",
        "campaign_year": 2022,
        "commune": "Pessac",
        "direction_labels": [
          "Vers Avenue Fanning Lafontaine"
        ],
        "num_cpev": "25",
        "point_id": "2022-25-PJ.1",
        "poste": "PJ.1",
        "zone_id": "169006000"
      },
      "type": "Feature"
    },
    {
      "geometry": {
        "coordinates": [
          -0.612285,
          44.803329
        ],
        "type": "Point"
      },
      "properties": {
        "adresse": "78 avenue du Dr Albert Schweitzer",
        "campaign_year": 2022,
        "commune": "Pessac",
        "direction_labels": [
          "Vers Avenue Phenix Haut-Brion"
        ],
        "num_cpev": "25",
        "point_id": "2022-25-PJ.2",
        "poste": "PJ.2",
        "zone_id": "169006000"
      },
      "type": "Feature"
    },
    {
      "geometry": {
        "coordinates": [
          -0.599143,
          44.818478
        ],
        "type": "Point"
      },
      "properties": {
        "adresse": "12 rue de la Médoquine",
        "campaign_year": 2022,
        "commune": "Talence",
        "direction_labels": [
          "Vers Avenue Paul Bert"
        ],
        "num_cpev": "26",
        "point_id": "2022-26-PM.1",
        "poste": "PM.1",
        "zone_id": "168015000"
      },
      "type": "Feature"
    },
    {
      "geometry": {
        "coordinates": [
          -0.599143,
          44.818478
        ],
        "type": "Point"
      },
      "properties": {
        "adresse": "12 rue de la Médoquine",
        "campaign_year": 2022,
        "commune": "Talence",
        "direction_labels": [
          "Vers Cours Maréchal Gallieni"
        ],
        "num_cpev": "26",
        "point_id": "2022-26-PM.2",
        "poste": "PM.2",
        "zone_id": "168015000"
      },
      "type": "Feature"
    },
    {
      "geometry": {
        "coordinates": [
          -0.648021,
          44.832179
        ],
        "type": "Point"
      },
      "properties": {
        "adresse": "3 avenue de Belfort",
        "campaign_year": 2022,
        "commune": "Mérignac",
        "direction_labels": [
          "Vers Avenue de la Marne"
        ],
        "num_cpev": "27",
        "point_id": "2022-27-PR.1",
        "poste": "PR.1",
        "zone_id": "171001000"
      },
      "type": "Feature"
    },
    {
      "geometry": {
        "coordinates": [
          -0.648128,
          44.832194
        ],
        "type": "Point"
      },
      "properties": {
        "adresse": "3 avenue de Belfort",
        "campaign_year": 2022,
        "commune": "Mérignac",
        "direction_labels": [
          "Vers Avenue des Eyquems"
        ],
        "num_cpev": "27",
        "point_id": "2022-27-PR.2",
        "poste": "PR.2",
        "zone_id": "171001000"
      },
      "type": "Feature"
    },
    {
      "geometry": {
        "coordinates": [
          -0.573404,
          44.804765
        ],
        "type": "Point"
      },
      "properties": {
        "adresse": "16 chemin de Leysotte",
        "campaign_year": 2022,
        "commune": "Villenave d Ornon",
        "direction_labels": [
          "Vers Rue de la Vérité"
        ],
        "num_cpev": "28",
        "point_id": "2022-28-P80.1",
        "poste": "P80.1",
        "zone_id": "168004000"
      },
      "type": "Feature"
    },
    {
      "geometry": {
        "coordinates": [
          -0.573358,
          44.804742
        ],
        "type": "Point"
      },
      "properties": {
        "adresse": "16 chemin de Leysotte",
        "campaign_year": 2022,
        "commune": "Villenave d Ornon",
        "direction_labels": [
          "Vers Route de Toulouse"
        ],
        "num_cpev": "28",
        "point_id": "2022-28-P80.2",
        "poste": "P80.2",
        "zone_id": "168004000"
      },
      "type": "Feature"
    },
    {
      "geometry": {
        "coordinates": [
          -0.534616,
          44.876817
        ],
        "type": "Point"
      },
      "properties": {
        "adresse": "10 quai Numa Sensine",
        "campaign_year": 2022,
        "commune": "Lormont",
        "direction_labels": [
          "Vers Place Aristide Briand"
        ],
        "num_cpev": "29",
        "point_id": "2022-29-P73.1",
        "poste": "P73.1",
        "zone_id": "174014000"
      },
      "type": "Feature"
    },
    {
      "geometry": {
        "coordinates": [
          -0.534775,
          44.876859
        ],
        "type": "Point"
      },
      "properties": {
        "adresse": "10 quai Numa Sensine",
        "campaign_year": 2022,
        "commune": "Lormont",
        "direction_labels": [
          "Vers Quai de Brazza"
        ],
        "num_cpev": "29",
        "point_id": "2022-29-P73.2",
        "poste": "P73.2",
        "zone_id": "174014000"
      },
      "type": "Feature"
    },
    {
      "geometry": {
        "coordinates": [
          -0.538454,
          44.880232
        ],
        "type": "Point"
      },
      "properties": {
        "adresse": "Pont d'Aquitaine",
        "campaign_year": 2022,
        "commune": "Bordeaux",
        "direction_labels": [
          "Vers rive gauche_x000D_"
        ],
        "num_cpev": "30",
        "point_id": "2022-30-P8.1",
        "poste": "P8.1",
        "zone_id": "165007000"
      },
      "type": "Feature"
    },
    {
      "geometry": {
        "coordinates": [
          -0.538496,
          44.880114
        ],
        "type": "Point"
      },
      "properties": {
        "adresse": "Pont d'Aquitaine",
        "campaign_year": 2022,
        "commune": "Bordeaux",
        "direction_labels": [
          "Vers rive droite"
        ],
        "num_cpev": "30",
        "point_id": "2022-30-P8.2",
        "poste": "P8.2",
        "zone_id": "165007000"
      },
      "type": "Feature"
    },
    {
      "geometry": {
        "coordinates": [
          -0.562514,
          44.880516
        ],
        "type": "Point"
      },
      "properties": {
        "adresse": "Boulevard Aliénor d'Aquitaine",
        "campaign_year": 2022,
        "commune": "Bordeaux",
        "direction_labels": [
          "Vers échangeur 4"
        ],
        "num_cpev": "31",
        "point_id": "2022-31-P7.1",
        "poste": "P7.1",
        "zone_id": "165010000"
      },
      "type": "Feature"
    },
    {
      "geometry": {
        "coordinates": [
          -0.562814,
          44.880413
        ],
        "type": "Point"
      },
      "properties": {
        "adresse": "Boulevard Aliénor d'Aquitaine",
        "campaign_year": 2022,
        "commune": "Bordeaux",
        "direction_labels": [
          "Vers Place Latule_x000D_"
        ],
        "num_cpev": "31",
        "point_id": "2022-31-P7.2",
        "poste": "P7.2",
        "zone_id": "165013000"
      },
      "type": "Feature"
    },
    {
      "geometry": {
        "coordinates": [
          -0.55155,
          44.858268
        ],
        "type": "Point"
      },
      "properties": {
        "adresse": "Pont Chaban Delmas",
        "campaign_year": 2022,
        "commune": "Bordeaux",
        "direction_labels": [
          "Vers Quai Bacalan"
        ],
        "num_cpev": "32",
        "point_id": "2022-32-PI2.1",
        "poste": "PI2.1",
        "zone_id": "166002000"
      },
      "type": "Feature"
    },
    {
      "geometry": {
        "coordinates": [
          -0.551743,
          44.858169
        ],
        "type": "Point"
      },
      "properties": {
        "adresse": "Pont Chaban Delmas",
        "campaign_year": 2022,
        "commune": "Bordeaux",
        "direction_labels": [
          "Vers Quai de Brazza"
        ],
        "num_cpev": "32",
        "point_id": "2022-32-PI2.2",
        "poste": "PI2.2",
        "zone_id": "166002000"
      },
      "type": "Feature"
    },
    {
      "geometry": {
        "coordinates": [
          -0.564618,
          44.854855
        ],
        "type": "Point"
      },
      "properties": {
        "adresse": "100 quai des Chartrons",
        "campaign_year": 2022,
        "commune": "Bordeaux",
        "direction_labels": [
          "Vers Cours du Médoc"
        ],
        "num_cpev": "33",
        "point_id": "2022-33-P78.1",
        "poste": "P78.1",
        "zone_id": "164006000"
      },
      "type": "Feature"
    },
    {
      "geometry": {
        "coordinates": [
          -0.564698,
          44.854906
        ],
        "type": "Point"
      },
      "properties": {
        "adresse": "100 quai des Chartrons",
        "campaign_year": 2022,
        "commune": "Bordeaux",
        "direction_labels": [
          "Vers Cours de la Martinique"
        ],
        "num_cpev": "33",
        "point_id": "2022-33-P78.2",
        "poste": "P78.2",
        "zone_id": "164006000"
      },
      "type": "Feature"
    },
    {
      "geometry": {
        "coordinates": [
          -0.568577,
          44.860236
        ],
        "type": "Point"
      },
      "properties": {
        "adresse": "99 cours Saint-Louis",
        "campaign_year": 2022,
        "commune": "Bordeaux",
        "direction_labels": [
          "Vers Impasse Pierre-Paul Courau"
        ],
        "num_cpev": "34",
        "point_id": "2022-34-P40.1",
        "poste": "P40.1",
        "zone_id": "165002000"
      },
      "type": "Feature"
    },
    {
      "geometry": {
        "coordinates": [
          -0.568542,
          44.860219
        ],
        "type": "Point"
      },
      "properties": {
        "adresse": "99 cours Saint-Louis",
        "campaign_year": 2022,
        "commune": "Bordeaux",
        "direction_labels": [
          "Vers Cours du Médoc"
        ],
        "num_cpev": "34",
        "point_id": "2022-34-P40.2",
        "poste": "P40.2",
        "zone_id": "165002000"
      },
      "type": "Feature"
    },
    {
      "geometry": {
        "coordinates": [
          -0.575959,
          44.867106
        ],
        "type": "Point"
      },
      "properties": {
        "adresse": "Parc relais Ravezies Le Bouscat allée de Boutaut",
        "campaign_year": 2022,
        "commune": "Bordeaux",
        "direction_labels": [
          "Vers Place Ravezies"
        ],
        "num_cpev": "35",
        "point_id": "2022-35-PA1.1",
        "poste": "PA1.1",
        "zone_id": "173005000"
      },
      "type": "Feature"
    },
    {
      "geometry": {
        "coordinates": [
          -0.575691,
          44.867157
        ],
        "type": "Point"
      },
      "properties": {
        "adresse": "Parc relais Ravezies Le Bouscat allée de Boutaut",
        "campaign_year": 2022,
        "commune": "Bordeaux",
        "direction_labels": [
          "Vers Rue du Professeur Lannelongue"
        ],
        "num_cpev": "35",
        "point_id": "2022-35-PA1.2",
        "poste": "PA1.2",
        "zone_id": "165012000"
      },
      "type": "Feature"
    },
    {
      "geometry": {
        "coordinates": [
          -0.59947,
          44.865122
        ],
        "type": "Point"
      },
      "properties": {
        "adresse": "22 place Gambetta",
        "campaign_year": 2022,
        "commune": "Le Bouscat",
        "direction_labels": [
          "Vers Rue Emile Zola"
        ],
        "num_cpev": "36",
        "point_id": "2022-36-PN2.1",
        "poste": "PN2.1",
        "zone_id": "173007000"
      },
      "type": "Feature"
    },
    {
      "geometry": {
        "coordinates": [
          -0.59926,
          44.865145
        ],
        "type": "Point"
      },
      "properties": {
        "adresse": "22 place Gambetta",
        "campaign_year": 2022,
        "commune": "Le Bouscat",
        "direction_labels": [
          "Vers Avenue Léon Blum"
        ],
        "num_cpev": "36",
        "point_id": "2022-36-PN2.2",
        "poste": "PN2.2",
        "zone_id": "173007000"
      },
      "type": "Feature"
    },
    {
      "geometry": {
        "coordinates": [
          -0.624216,
          44.858472
        ],
        "type": "Point"
      },
      "properties": {
        "adresse": "359 avenue Maréchal De Lattre De Tassigny",
        "campaign_year": 2022,
        "commune": "Bordeaux",
        "direction_labels": [
          "Vers Rue Jude"
        ],
        "num_cpev": "37",
        "point_id": "2022-37-PU.1",
        "poste": "PU.1",
        "zone_id": "172021000"
      },
      "type": "Feature"
    },
    {
      "geometry": {
        "coordinates": [
          -0.624227,
          44.858369
        ],
        "type": "Point"
      },
      "properties": {
        "adresse": "359 avenue Maréchal De Lattre De Tassigny",
        "campaign_year": 2022,
        "commune": "Bordeaux",
        "direction_labels": [
          "Vers Rue Domion"
        ],
        "num_cpev": "37",
        "point_id": "2022-37-PU.2",
        "poste": "PU.2",
        "zone_id": "172021000"
      },
      "type": "Feature"
    },
    {
      "geometry": {
        "coordinates": [
          -0.618943,
          44.874672
        ],
        "type": "Point"
      },
      "properties": {
        "adresse": "427 route de Médoc",
        "campaign_year": 2022,
        "commune": "Bruges",
        "direction_labels": [
          "Vers Rue Louis Pasteur"
        ],
        "num_cpev": "38",
        "point_id": "2022-38-PV.1",
        "poste": "PV.1",
        "zone_id": "173012000"
      },
      "type": "Feature"
    },
    {
      "geometry": {
        "coordinates": [
          -0.619029,
          44.874604
        ],
        "type": "Point"
      },
      "properties": {
        "adresse": "427 route de Médoc",
        "campaign_year": 2022,
        "commune": "Bruges",
        "direction_labels": [
          "Vers Boulebards du Général Lyautey"
        ],
        "num_cpev": "38",
        "point_id": "2022-38-PV.2",
        "poste": "PV.2",
        "zone_id": "173004000"
      },
      "type": "Feature"
    },
    {
      "geometry": {
        "coordinates": [
          -0.593034,
          44.854546
        ],
        "type": "Point"
      },
      "properties": {
        "adresse": "16 boulevard Pierre 1er",
        "campaign_year": 2022,
        "commune": "Bordeaux",
        "direction_labels": [
          "Vers Avenue du Président Schuman"
        ],
        "num_cpev": "39",
        "point_id": "2022-39-P5.1",
        "poste": "P5.1",
        "zone_id": "173006000"
      },
      "type": "Feature"
    },
    {
      "geometry": {
        "coordinates": [
          -0.592885,
          44.854496
        ],
        "type": "Point"
      },
      "properties": {
        "adresse": "16 boulevard Pierre 1er",
        "campaign_year": 2022,
        "commune": "Bordeaux",
        "direction_labels": [
          "Vers Rue de Lisleferme"
        ],
        "num_cpev": "39",
        "point_id": "2022-39-P5.2",
        "poste": "P5.2",
        "zone_id": "163016000"
      },
      "type": "Feature"
    },
    {
      "geometry": {
        "coordinates": [
          -0.596359,
          44.847737
        ],
        "type": "Point"
      },
      "properties": {
        "adresse": "78 Cours Marc Nouaux",
        "campaign_year": 2022,
        "commune": "Bordeaux",
        "direction_labels": [
          "Vers Rue des Ormeux"
        ],
        "num_cpev": "40",
        "point_id": "2022-40-P32.1",
        "poste": "P32.1",
        "zone_id": "163005000"
      },
      "type": "Feature"
    },
    {
      "geometry": {
        "coordinates": [
          -0.596332,
          44.847798
        ],
        "type": "Point"
      },
      "properties": {
        "adresse": "78 Cours Marc Nouaux",
        "campaign_year": 2022,
        "commune": "Bordeaux",
        "direction_labels": [
          "Vers Boulevards Président Wilson"
        ],
        "num_cpev": "40",
        "point_id": "2022-40-P32.2",
        "poste": "P32.2",
        "zone_id": "163015000"
      },
      "type": "Feature"
    },
    {
      "geometry": {
        "coordinates": [
          -0.599126,
          44.831273
        ],
        "type": "Point"
      },
      "properties": {
        "adresse": "Rue Frantz Despagnet",
        "campaign_year": 2022,
        "commune": "Bordeaux",
        "direction_labels": [
          "Vers Boulevard Antoine Gautier_x000D_"
        ],
        "num_cpev": "41",
        "point_id": "2022-41-P26.1",
        "poste": "P26.1",
        "zone_id": "172001000"
      },
      "type": "Feature"
    },
    {
      "geometry": {
        "coordinates": [
          -0.599239,
          44.831291
        ],
        "type": "Point"
      },
      "properties": {
        "adresse": "Rue Frantz Despagnet",
        "campaign_year": 2022,
        "commune": "Bordeaux",
        "direction_labels": [
          "Vers Boulevard Pompidou_x000D_"
        ],
        "num_cpev": "41",
        "point_id": "2022-41-P26.2",
        "poste": "P26.2",
        "zone_id": "172001000"
      },
      "type": "Feature"
    },
    {
      "geometry": {
        "coordinates": [
          -0.591238,
          44.83905
        ],
        "type": "Point"
      },
      "properties": {
        "adresse": "Rue Brizard",
        "campaign_year": 2022,
        "commune": "Bordeaux",
        "direction_labels": [
          "Vers rue George Bonnac"
        ],
        "num_cpev": "42",
        "point_id": "2022-42-P29.1",
        "poste": "P29.1",
        "zone_id": "163003000"
      },
      "type": "Feature"
    },
    {
      "geometry": {
        "coordinates": [
          -0.591152,
          44.839068
        ],
        "type": "Point"
      },
      "properties": {
        "adresse": "Rue Brizard",
        "campaign_year": 2022,
        "commune": "Bordeaux",
        "direction_labels": [
          "Vers rue Judaïque_x000D_"
        ],
        "num_cpev": "42",
        "point_id": "2022-42-P29.2",
        "poste": "P29.2",
        "zone_id": "163003000"
      },
      "type": "Feature"
    },
    {
      "geometry": {
        "coordinates": [
          -0.589268,
          44.843417
        ],
        "type": "Point"
      },
      "properties": {
        "adresse": "69 rue Lachassaigne",
        "campaign_year": 2022,
        "commune": "Bordeaux",
        "direction_labels": [
          "Vers Rue Capdeville"
        ],
        "num_cpev": "43",
        "point_id": "2022-43-P34.1",
        "poste": "P34.1",
        "zone_id": "163001000"
      },
      "type": "Feature"
    },
    {
      "geometry": {
        "coordinates": [
          -0.589351,
          44.843423
        ],
        "type": "Point"
      },
      "properties": {
        "adresse": "69 rue Lachassaigne",
        "campaign_year": 2022,
        "commune": "Bordeaux",
        "direction_labels": [
          "Vers Rue Charles Monselet"
        ],
        "num_cpev": "43",
        "point_id": "2022-43-P34.2",
        "poste": "P34.2",
        "zone_id": "163001000"
      },
      "type": "Feature"
    },
    {
      "geometry": {
        "coordinates": [
          -0.578718,
          44.845654
        ],
        "type": "Point"
      },
      "properties": {
        "adresse": "9 rue Fondaudège",
        "campaign_year": 2022,
        "commune": "Bordeaux",
        "direction_labels": [
          "Vers Place Tourny"
        ],
        "num_cpev": "44",
        "point_id": "2022-44-P43.1",
        "poste": "P43.1",
        "zone_id": "163007000"
      },
      "type": "Feature"
    },
    {
      "geometry": {
        "coordinates": [
          -0.578675,
          44.845698
        ],
        "type": "Point"
      },
      "properties": {
        "adresse": "9 rue Fondaudège",
        "campaign_year": 2022,
        "commune": "Bordeaux",
        "direction_labels": [
          "Vers rue Victoire Américaine"
        ],
        "num_cpev": "44",
        "point_id": "2022-44-P43.2",
        "poste": "P43.2",
        "zone_id": "163006000"
      },
      "type": "Feature"
    },
    {
      "geometry": {
        "coordinates": [
          -0.576062,
          44.840544
        ],
        "type": "Point"
      },
      "properties": {
        "adresse": "Rue Castillon",
        "campaign_year": 2022,
        "commune": "Bordeaux",
        "direction_labels": [
          "Vers Rue Margaux_x000D_"
        ],
        "num_cpev": "45",
        "point_id": "2022-45-P48.1",
        "poste": "P48.1",
        "zone_id": "161002000"
      },
      "type": "Feature"
    },
    {
      "geometry": {
        "coordinates": [
          -0.576038,
          44.840546
        ],
        "type": "Point"
      },
      "properties": {
        "adresse": "Rue Castillon",
        "campaign_year": 2022,
        "commune": "Bordeaux",
        "direction_labels": [
          "Vers Rue de la Porte Dijeaux_x000D_"
        ],
        "num_cpev": "45",
        "point_id": "2022-45-P48.2",
        "poste": "P48.2",
        "zone_id": "161002000"
      },
      "type": "Feature"
    },
    {
      "geometry": {
        "coordinates": [
          -0.568076,
          44.837989
        ],
        "type": "Point"
      },
      "properties": {
        "adresse": "Cours Alsace Lorraine",
        "campaign_year": 2022,
        "commune": "Bordeaux",
        "direction_labels": [
          "Vers Rue Ausone"
        ],
        "num_cpev": "46",
        "point_id": "2022-46-P53.1",
        "poste": "P53.1",
        "zone_id": "161005000"
      },
      "type": "Feature"
    },
    {
      "geometry": {
        "coordinates": [
          -0.568072,
          44.837967
        ],
        "type": "Point"
      },
      "properties": {
        "adresse": "Cours Alsace Lorraine",
        "campaign_year": 2022,
        "commune": "Bordeaux",
        "direction_labels": [
          "Vers Quai Richelieu"
        ],
        "num_cpev": "46",
        "point_id": "2022-46-P53.2",
        "poste": "P53.2",
        "zone_id": "161005000"
      },
      "type": "Feature"
    },
    {
      "geometry": {
        "coordinates": [
          -0.564766,
          44.837176
        ],
        "type": "Point"
      },
      "properties": {
        "adresse": "Pont de Pierre",
        "campaign_year": 2022,
        "commune": "Bordeaux",
        "direction_labels": [
          "Vers Place Stalingrad"
        ],
        "num_cpev": "47",
        "point_id": "2022-47-P15.1",
        "poste": "P15.1",
        "zone_id": "161014000"
      },
      "type": "Feature"
    },
    {
      "geometry": {
        "coordinates": [
          -0.564884,
          44.837267
        ],
        "type": "Point"
      },
      "properties": {
        "adresse": "Pont de Pierre",
        "campaign_year": 2022,
        "commune": "Bordeaux",
        "direction_labels": [
          "Vers Porte de Bourgogne"
        ],
        "num_cpev": "47",
        "point_id": "2022-47-P15.2",
        "poste": "P15.2",
        "zone_id": "161005000"
      },
      "type": "Feature"
    },
    {
      "geometry": {
        "coordinates": [
          -0.574626,
          44.834215
        ],
        "type": "Point"
      },
      "properties": {
        "adresse": "32 cours Pasteur",
        "campaign_year": 2022,
        "commune": "Bordeaux",
        "direction_labels": [
          "Vers Place de la Victoire"
        ],
        "num_cpev": "48",
        "point_id": "2022-48-P51.1",
        "poste": "P51.1",
        "zone_id": "161010000"
      },
      "type": "Feature"
    },
    {
      "geometry": {
        "coordinates": [
          -0.574626,
          44.834215
        ],
        "type": "Point"
      },
      "properties": {
        "adresse": "32 cours Pasteur",
        "campaign_year": 2022,
        "commune": "Bordeaux",
        "direction_labels": [
          "Vers Cours Victor Hugo"
        ],
        "num_cpev": "48",
        "point_id": "2022-48-P51.2",
        "poste": "P51.2",
        "zone_id": "161010000"
      },
      "type": "Feature"
    },
    {
      "geometry": {
        "coordinates": [
          -0.580388,
          44.82903
        ],
        "type": "Point"
      },
      "properties": {
        "adresse": "Rue Lamourous",
        "campaign_year": 2022,
        "commune": "Bordeaux",
        "direction_labels": [
          "Vers Rue de Pessac_x000D_"
        ],
        "num_cpev": "49",
        "point_id": "2022-49-P58.1",
        "poste": "P58.1",
        "zone_id": "162012000"
      },
      "type": "Feature"
    },
    {
      "geometry": {
        "coordinates": [
          -0.580345,
          44.829044
        ],
        "type": "Point"
      },
      "properties": {
        "adresse": "Rue Lamourous",
        "campaign_year": 2022,
        "commune": "Bordeaux",
        "direction_labels": [
          "Vers Rue Saint Genès_x000D_"
        ],
        "num_cpev": "49",
        "point_id": "2022-49-P58.2",
        "poste": "P58.2",
        "zone_id": "162012000"
      },
      "type": "Feature"
    },
    {
      "geometry": {
        "coordinates": [
          -0.572249,
          44.829512
        ],
        "type": "Point"
      },
      "properties": {
        "adresse": "28 cours de la Somme",
        "campaign_year": 2022,
        "commune": "Bordeaux",
        "direction_labels": [
          "Vers Rue Mercière"
        ],
        "num_cpev": "50",
        "point_id": "2022-50-P22.1",
        "poste": "P22.1",
        "zone_id": "162010000"
      },
      "type": "Feature"
    },
    {
      "geometry": {
        "coordinates": [
          -0.572319,
          44.829518
        ],
        "type": "Point"
      },
      "properties": {
        "adresse": "28 cours de la Somme",
        "campaign_year": 2022,
        "commune": "Bordeaux",
        "direction_labels": [
          "Vers Rue Tiffonet"
        ],
        "num_cpev": "50",
        "point_id": "2022-50-P22.2",
        "poste": "P22.2",
        "zone_id": "162009000"
      },
      "type": "Feature"
    },
    {
      "geometry": {
        "coordinates": [
          -0.554981,
          44.831534
        ],
        "type": "Point"
      },
      "properties": {
        "adresse": "Pont Saint-Jean",
        "campaign_year": 2022,
        "commune": "Bordeaux",
        "direction_labels": [
          "Vers Rive Gauche"
        ],
        "num_cpev": "51",
        "point_id": "2022-51-P16.1",
        "poste": "P16.1",
        "zone_id": "161016000"
      },
      "type": "Feature"
    },
    {
      "geometry": {
        "coordinates": [
          -0.554847,
          44.831485
        ],
        "type": "Point"
      },
      "properties": {
        "adresse": "Pont Saint-Jean",
        "campaign_year": 2022,
        "commune": "Bordeaux",
        "direction_labels": [
          "Vers Rive Droite"
        ],
        "num_cpev": "51",
        "point_id": "2022-51-P16.2",
        "poste": "P16.2",
        "zone_id": "161016000"
      },
      "type": "Feature"
    },
    {
      "geometry": {
        "coordinates": [
          -0.559384,
          44.827795
        ],
        "type": "Point"
      },
      "properties": {
        "adresse": "Cours de la Marne",
        "campaign_year": 2022,
        "commune": "Bordeaux",
        "direction_labels": [
          "Vers Rue Saint Vincent de Paul"
        ],
        "num_cpev": "52",
        "point_id": "2022-52-P60.1",
        "poste": "P60.1",
        "zone_id": "161017000"
      },
      "type": "Feature"
    },
    {
      "geometry": {
        "coordinates": [
          -0.559336,
          44.827887
        ],
        "type": "Point"
      },
      "properties": {
        "adresse": "Cours de la Marne",
        "campaign_year": 2022,
        "commune": "Bordeaux",
        "direction_labels": [
          "Vers Rue Malbec_x000D_"
        ],
        "num_cpev": "52",
        "point_id": "2022-52-P60.2",
        "poste": "P60.2",
        "zone_id": "161016000"
      },
      "type": "Feature"
    },
    {
      "geometry": {
        "coordinates": [
          -0.582501,
          44.8221
        ],
        "type": "Point"
      },
      "properties": {
        "adresse": "202 rue Saint-Genès",
        "campaign_year": 2022,
        "commune": "Bordeaux",
        "direction_labels": [
          "Vers Rue Diaz"
        ],
        "num_cpev": "53",
        "point_id": "2022-53-P20.1",
        "poste": "P20.1",
        "zone_id": "162013000"
      },
      "type": "Feature"
    },
    {
      "geometry": {
        "coordinates": [
          -0.58257,
          44.822108
        ],
        "type": "Point"
      },
      "properties": {
        "adresse": "202 rue Saint-Genès",
        "campaign_year": 2022,
        "commune": "Bordeaux",
        "direction_labels": [
          "Vers Boulevards"
        ],
        "num_cpev": "53",
        "point_id": "2022-53-P20.2",
        "poste": "P20.2",
        "zone_id": "162013000"
      },
      "type": "Feature"
    },
    {
      "geometry": {
        "coordinates": [
          -0.5723,
          44.816581
        ],
        "type": "Point"
      },
      "properties": {
        "adresse": "Cours de la Somme SNCF",
        "campaign_year": 2022,
        "commune": "Bordeaux",
        "direction_labels": [
          "Barrière de Toulouse_x000D_"
        ],
        "num_cpev": "54",
        "point_id": "2022-54-P19.1",
        "poste": "P19.1",
        "zone_id": "162006000"
      },
      "type": "Feature"
    },
    {
      "geometry": {
        "coordinates": [
          -0.572247,
          44.816579
        ],
        "type": "Point"
      },
      "properties": {
        "adresse": "Cours de la Somme SNCF",
        "campaign_year": 2022,
        "commune": "Bordeaux",
        "direction_labels": [
          "Vers Rue Pierre de Ladime"
        ],
        "num_cpev": "54",
        "point_id": "2022-54-P19.2",
        "poste": "P19.2",
        "zone_id": "162006000"
      },
      "type": "Feature"
    },
    {
      "geometry": {
        "coordinates": [
          -0.554822,
          44.81376
        ],
        "type": "Point"
      },
      "properties": {
        "adresse": "399 boulevard J.J. Bosc",
        "campaign_year": 2022,
        "commune": "Bordeaux",
        "direction_labels": [
          "Vers rue Brascassat"
        ],
        "num_cpev": "55",
        "point_id": "2022-55-P1.1",
        "poste": "P1.1",
        "zone_id": "161019000"
      },
      "type": "Feature"
    },
    {
      "geometry": {
        "coordinates": [
          -0.554631,
          44.813726
        ],
        "type": "Point"
      },
      "properties": {
        "adresse": "399 boulevard J.J. Bosc",
        "campaign_year": 2022,
        "commune": "Bordeaux",
        "direction_labels": [
          "Vers rue des Terres Neuves"
        ],
        "num_cpev": "55",
        "point_id": "2022-55-P1.2",
        "poste": "P1.2",
        "zone_id": "167004000"
      },
      "type": "Feature"
    },
    {
      "geometry": {
        "coordinates": [
          -0.548825,
          44.814178
        ],
        "type": "Point"
      },
      "properties": {
        "adresse": "66 avenue Alexis Capelle",
        "campaign_year": 2022,
        "commune": "Bègles",
        "direction_labels": [
          "Vers Rue du Maréchal Foch"
        ],
        "num_cpev": "56",
        "point_id": "2022-56-PA.1",
        "poste": "PA.1",
        "zone_id": "167005000"
      },
      "type": "Feature"
    },
    {
      "geometry": {
        "coordinates": [
          -0.548763,
          44.814172
        ],
        "type": "Point"
      },
      "properties": {
        "adresse": "66 avenue Alexis Capelle",
        "campaign_year": 2022,
        "commune": "Bègles",
        "direction_labels": [
          "Vers Boulevards Jean-Jacques Bosc"
        ],
        "num_cpev": "56",
        "point_id": "2022-56-PA.2",
        "poste": "PA.2",
        "zone_id": "167005000"
      },
      "type": "Feature"
    },
    {
      "geometry": {
        "coordinates": [
          -0.693038,
          44.806992
        ],
        "type": "Point"
      },
      "properties": {
        "adresse": "Avenue de Courtillas / Chemin de la Princesse",
        "campaign_year": 2022,
        "commune": "Pessac",
        "direction_labels": [
          "Vers Avenue de Beutre"
        ],
        "num_cpev": "59",
        "point_id": "2022-59-PR2.1",
        "poste": "PR2.1",
        "zone_id": "179003000"
      },
      "type": "Feature"
    },
    {
      "geometry": {
        "coordinates": [
          -0.692984,
          44.806999
        ],
        "type": "Point"
      },
      "properties": {
        "adresse": "Avenue de Courtillas / Chemin de la Princesse",
        "campaign_year": 2022,
        "commune": "Pessac",
        "direction_labels": [
          "Vers Ruen Henri Yvonnet"
        ],
        "num_cpev": "59",
        "point_id": "2022-59-PR2.2",
        "poste": "PR2.2",
        "zone_id": "179003000"
      },
      "type": "Feature"
    },
    {
      "geometry": {
        "coordinates": [
          -0.509217,
          44.890335
        ],
        "type": "Point"
      },
      "properties": {
        "adresse": "41 avenue François Mitterrand",
        "campaign_year": 2022,
        "commune": "Carbon-Blanc",
        "direction_labels": [
          "Vers Avenue Jean Capdeboscq"
        ],
        "num_cpev": "6",
        "point_id": "2022-6-PM1.1",
        "poste": "PM1.1",
        "zone_id": "174005000"
      },
      "type": "Feature"
    },
    {
      "geometry": {
        "coordinates": [
          -0.509169,
          44.890327
        ],
        "type": "Point"
      },
      "properties": {
        "adresse": "41 avenue François Mitterrand",
        "campaign_year": 2022,
        "commune": "Carbon-Blanc",
        "direction_labels": [
          "Vers Avenue d'Aquitaine"
        ],
        "num_cpev": "6",
        "point_id": "2022-6-PM1.2",
        "poste": "PM1.2",
        "zone_id": "174005000"
      },
      "type": "Feature"
    },
    {
      "geometry": {
        "coordinates": [
          -0.541928,
          44.771333
        ],
        "type": "Point"
      },
      "properties": {
        "adresse": "59 avenue Maréchal de Lattre de Tassigny",
        "campaign_year": 2022,
        "commune": "Villenave d Ornon",
        "direction_labels": [
          "Vers Chemin de Galagon"
        ],
        "num_cpev": "61",
        "point_id": "2022-61-PT2.1",
        "poste": "PT2.1",
        "zone_id": "176001000"
      },
      "type": "Feature"
    },
    {
      "geometry": {
        "coordinates": [
          -0.541896,
          44.77136
        ],
        "type": "Point"
      },
      "properties": {
        "adresse": "59 avenue Maréchal de Lattre de Tassigny",
        "campaign_year": 2022,
        "commune": "Villenave d Ornon",
        "direction_labels": [
          "Vers Avenue du Général Castelnau"
        ],
        "num_cpev": "61",
        "point_id": "2022-61-PT2.2",
        "poste": "PT2.2",
        "zone_id": "176001000"
      },
      "type": "Feature"
    },
    {
      "geometry": {
        "coordinates": [
          -0.546492,
          44.87319
        ],
        "type": "Point"
      },
      "properties": {
        "adresse": "215 rue Achard",
        "campaign_year": 2022,
        "commune": "Bordeaux",
        "direction_labels": [
          "Vers Rue Charles Martin"
        ],
        "num_cpev": "62",
        "point_id": "2022-62-P9.1",
        "poste": "P9.1",
        "zone_id": "165005000"
      },
      "type": "Feature"
    },
    {
      "geometry": {
        "coordinates": [
          -0.546492,
          44.87319
        ],
        "type": "Point"
      },
      "properties": {
        "adresse": "215 rue Achard",
        "campaign_year": 2022,
        "commune": "Bordeaux",
        "direction_labels": [
          "Vers Rue Arago"
        ],
        "num_cpev": "62",
        "point_id": "2022-62-P9.2",
        "poste": "P9.2",
        "zone_id": "165005000"
      },
      "type": "Feature"
    },
    {
      "geometry": {
        "coordinates": [
          -0.612901,
          44.8818
        ],
        "type": "Point"
      },
      "properties": {
        "adresse": "87 avenue Charles de Gaulle",
        "campaign_year": 2022,
        "commune": "Bruges",
        "direction_labels": [
          "Vers Allée des Borges"
        ],
        "num_cpev": "63",
        "point_id": "2022-63-PO1.1",
        "poste": "PO1.1",
        "zone_id": "173010000"
      },
      "type": "Feature"
    },
    {
      "geometry": {
        "coordinates": [
          -0.612933,
          44.881811
        ],
        "type": "Point"
      },
      "properties": {
        "adresse": "87 avenue Charles de Gaulle",
        "campaign_year": 2022,
        "commune": "Bruges",
        "direction_labels": [
          "Vers Rue Théodore Bellemer"
        ],
        "num_cpev": "63",
        "point_id": "2022-63-PO1.2",
        "poste": "PO1.2",
        "zone_id": "173010000"
      },
      "type": "Feature"
    },
    {
      "geometry": {
        "coordinates": [
          -0.593788,
          44.854066
        ],
        "type": "Point"
      },
      "properties": {
        "adresse": "6 Avenue de la Libération de Gaulle",
        "campaign_year": 2022,
        "commune": "Le Bouscat",
        "direction_labels": [
          "Vers Avenue du Général Leclerc"
        ],
        "num_cpev": "64",
        "point_id": "2022-64-P69.1",
        "poste": "P69.1",
        "zone_id": "173001000"
      },
      "type": "Feature"
    },
    {
      "geometry": {
        "coordinates": [
          -0.593819,
          44.854039
        ],
        "type": "Point"
      },
      "properties": {
        "adresse": "6 Avenue de la Libération de Gaulle",
        "campaign_year": 2022,
        "commune": "Le Bouscat",
        "direction_labels": [
          "Vers Barrière du Médoc"
        ],
        "num_cpev": "64",
        "point_id": "2022-64-P69.2",
        "poste": "P69.2",
        "zone_id": "173001000"
      },
      "type": "Feature"
    },
    {
      "geometry": {
        "coordinates": [
          -0.599417,
          44.854767
        ],
        "type": "Point"
      },
      "properties": {
        "adresse": "109 avenue d'Eysines",
        "campaign_year": 2022,
        "commune": "Bordeaux",
        "direction_labels": [
          "Vers Rue Jacques Gerald"
        ],
        "num_cpev": "65",
        "point_id": "2022-65-P35.1",
        "poste": "P35.1",
        "zone_id": "173001000"
      },
      "type": "Feature"
    },
    {
      "geometry": {
        "coordinates": [
          -0.599452,
          44.854721
        ],
        "type": "Point"
      },
      "properties": {
        "adresse": "109 avenue d'Eysines",
        "campaign_year": 2022,
        "commune": "Bordeaux",
        "direction_labels": [
          "Vers Rue du Bocage"
        ],
        "num_cpev": "65",
        "point_id": "2022-65-P35.2",
        "poste": "P35.2",
        "zone_id": "172012000"
      },
      "type": "Feature"
    },
    {
      "geometry": {
        "coordinates": [
          -0.615561,
          44.852361
        ],
        "type": "Point"
      },
      "properties": {
        "adresse": "130 avenue Louis Barthou",
        "campaign_year": 2022,
        "commune": "Bordeaux",
        "direction_labels": [
          "Vers Rue Guenard"
        ],
        "num_cpev": "66",
        "point_id": "2022-66-PO2.1",
        "poste": "PO2.1",
        "zone_id": "172015000"
      },
      "type": "Feature"
    },
    {
      "geometry": {
        "coordinates": [
          -0.615566,
          44.852334
        ],
        "type": "Point"
      },
      "properties": {
        "adresse": "130 avenue Louis Barthou",
        "campaign_year": 2022,
        "commune": "Bordeaux",
        "direction_labels": [
          "Vers Avenue Saint-Amand"
        ],
        "num_cpev": "66",
        "point_id": "2022-66-PO2.2",
        "poste": "PO2.2",
        "zone_id": "172015000"
      },
      "type": "Feature"
    },
    {
      "geometry": {
        "coordinates": [
          -0.650362,
          44.841384
        ],
        "type": "Point"
      },
      "properties": {
        "adresse": "Avenue de l'Yser",
        "campaign_year": 2022,
        "commune": "Mérignac",
        "direction_labels": [
          "Vers Rue Frédéric Joliot Curie"
        ],
        "num_cpev": "67",
        "point_id": "2022-67-PS.1",
        "poste": "PS.1",
        "zone_id": "171010000"
      },
      "type": "Feature"
    },
    {
      "geometry": {
        "coordinates": [
          -0.650327,
          44.841335
        ],
        "type": "Point"
      },
      "properties": {
        "adresse": "Avenue de l'Yser",
        "campaign_year": 2022,
        "commune": "Mérignac",
        "direction_labels": [
          "Vers Rue Beaumarchais"
        ],
        "num_cpev": "67",
        "point_id": "2022-67-PS.2",
        "poste": "PS.2",
        "zone_id": "171010000"
      },
      "type": "Feature"
    },
    {
      "geometry": {
        "coordinates": [
          -0.604941,
          44.83024
        ],
        "type": "Point"
      },
      "properties": {
        "adresse": "21 rue de la Pelouse de Douet",
        "campaign_year": 2022,
        "commune": "Bordeaux",
        "direction_labels": [
          "Vers Rue Laurent Sens"
        ],
        "num_cpev": "68",
        "point_id": "2022-68-PO.1",
        "poste": "PO.1",
        "zone_id": "172005000"
      },
      "type": "Feature"
    },
    {
      "geometry": {
        "coordinates": [
          -0.604925,
          44.80095
        ],
        "type": "Point"
      },
      "properties": {
        "adresse": "21 rue de la Pelouse de Douet",
        "campaign_year": 2022,
        "commune": "Bordeaux",
        "direction_labels": [
          "Vers Place Amélie Raba-Léon"
        ],
        "num_cpev": "68",
        "point_id": "2022-68-PO.2",
        "poste": "PO.2",
        "zone_id": "168014000"
      },
      "type": "Feature"
    },
    {
      "geometry": {
        "coordinates": [
          -0.630266,
          44.806302
        ],
        "type": "Point"
      },
      "properties": {
        "adresse": "10 avenue Jean jaurès",
        "campaign_year": 2022,
        "commune": "Pessac",
        "direction_labels": [
          "Vers Rue Herman Lemoine"
        ],
        "num_cpev": "69",
        "point_id": "2022-69-PK.1",
        "poste": "PK.1",
        "zone_id": "169013000"
      },
      "type": "Feature"
    },
    {
      "geometry": {
        "coordinates": [
          -0.6630255,
          44.806256
        ],
        "type": "Point"
      },
      "properties": {
        "adresse": "10 avenue Jean jaurès",
        "campaign_year": 2022,
        "commune": "Pessac",
        "direction_labels": [
          "Vers Rue Nelson Mandela"
        ],
        "num_cpev": "69",
        "point_id": "2022-69-PK.2",
        "poste": "PK.2",
        "zone_id": "169016000"
      },
      "type": "Feature"
    },
    {
      "geometry": {
        "coordinates": [
          -0.590712,
          44.788865
        ],
        "type": "Point"
      },
      "properties": {
        "adresse": "240 Avenue de Thouars",
        "campaign_year": 2022,
        "commune": "Talence",
        "direction_labels": [
          "Vers Chemins des Maures"
        ],
        "num_cpev": "70",
        "point_id": "2022-70-PF.1",
        "poste": "PF.1",
        "zone_id": "168007000"
      },
      "type": "Feature"
    },
    {
      "geometry": {
        "coordinates": [
          -0.590666,
          44.788865
        ],
        "type": "Point"
      },
      "properties": {
        "adresse": "240 Avenue de Thouars",
        "campaign_year": 2022,
        "commune": "Talence",
        "direction_labels": [
          "Vers Rue Alfred de Musset"
        ],
        "num_cpev": "70",
        "point_id": "2022-70-PF.2",
        "poste": "PF.2",
        "zone_id": "168007000"
      },
      "type": "Feature"
    },
    {
      "geometry": {
        "coordinates": [
          -0.551538,
          44.807769
        ],
        "type": "Point"
      },
      "properties": {
        "adresse": "1 rue Ambroise Croizat",
        "campaign_year": 2022,
        "commune": "Bègles",
        "direction_labels": [
          "Vers Rue Léon Gambetta"
        ],
        "num_cpev": "71",
        "point_id": "2022-71-PB.1",
        "poste": "PB.1",
        "zone_id": "167004000"
      },
      "type": "Feature"
    },
    {
      "geometry": {
        "coordinates": [
          -0.551495,
          44.807783
        ],
        "type": "Point"
      },
      "properties": {
        "adresse": "1 rue Ambroise Croizat",
        "campaign_year": 2022,
        "commune": "Bègles",
        "direction_labels": [
          "Vers Rue Général Kléber"
        ],
        "num_cpev": "71",
        "point_id": "2022-71-PB.2",
        "poste": "PB.2",
        "zone_id": "167004000"
      },
      "type": "Feature"
    },
    {
      "geometry": {
        "coordinates": [
          -0.578603,
          44.8362
        ],
        "type": "Point"
      },
      "properties": {
        "adresse": "18 rue Maréchal Joffre",
        "campaign_year": 2022,
        "commune": "Bordeaux",
        "direction_labels": [
          "Vers Rue du Hâ"
        ],
        "num_cpev": "72",
        "point_id": "2022-72-P52.1",
        "poste": "P52.1",
        "zone_id": "161006000"
      },
      "type": "Feature"
    },
    {
      "geometry": {
        "coordinates": [
          -0.578552,
          44.836204
        ],
        "type": "Point"
      },
      "properties": {
        "adresse": "18 rue Maréchal Joffre",
        "campaign_year": 2022,
        "commune": "Bordeaux",
        "direction_labels": [
          "Vers Place Pey Berland"
        ],
        "num_cpev": "72",
        "point_id": "2022-72-P52.2",
        "poste": "P52.2",
        "zone_id": "161006000"
      },
      "type": "Feature"
    },
    {
      "geometry": {
        "coordinates": [
          -0.568415,
          44.835695
        ],
        "type": "Point"
      },
      "properties": {
        "adresse": "Cours Victor Hugo",
        "campaign_year": 2022,
        "commune": "Bordeaux",
        "direction_labels": [
          "Vers Cours Pasteur"
        ],
        "num_cpev": "73",
        "point_id": "2022-73-P54.1",
        "poste": "P54.1",
        "zone_id": "161005000"
      },
      "type": "Feature"
    },
    {
      "geometry": {
        "coordinates": [
          -0.568361,
          44.835596
        ],
        "type": "Point"
      },
      "properties": {
        "adresse": "Cours Victor Hugo",
        "campaign_year": 2022,
        "commune": "Bordeaux",
        "direction_labels": [
          "Vers les Quais"
        ],
        "num_cpev": "73",
        "point_id": "2022-73-P54.2",
        "poste": "P54.2",
        "zone_id": "161014000"
      },
      "type": "Feature"
    },
    {
      "geometry": {
        "coordinates": [
          -0.57807,
          44.831339
        ],
        "type": "Point"
      },
      "properties": {
        "adresse": "20 Rue Costedoat",
        "campaign_year": 2022,
        "commune": "Bordeaux",
        "direction_labels": [
          "Vers Rue Saint-Genès"
        ],
        "num_cpev": "74",
        "point_id": "2022-74-P55.1",
        "poste": "P55.1",
        "zone_id": "162012000"
      },
      "type": "Feature"
    },
    {
      "geometry": {
        "coordinates": [
          -0.57807,
          44.831339
        ],
        "type": "Point"
      },
      "properties": {
        "adresse": "20 Rue Costedoat",
        "campaign_year": 2022,
        "commune": "Bordeaux",
        "direction_labels": [
          "Vers Cours Aristide Briand"
        ],
        "num_cpev": "74",
        "point_id": "2022-74-P55.2",
        "poste": "P55.2",
        "zone_id": "162012000"
      },
      "type": "Feature"
    },
    {
      "geometry": {
        "coordinates": [
          -0.568807,
          44.827853
        ],
        "type": "Point"
      },
      "properties": {
        "adresse": "Cours de l'Yser",
        "campaign_year": 2022,
        "commune": "Bordeaux",
        "direction_labels": [
          "Vers Rue Lafontaine"
        ],
        "num_cpev": "75",
        "point_id": "2022-75-P23.1",
        "poste": "P23.1",
        "zone_id": "162002000"
      },
      "type": "Feature"
    },
    {
      "geometry": {
        "coordinates": [
          -0.568866,
          44.827868
        ],
        "type": "Point"
      },
      "properties": {
        "adresse": "Cours de l'Yser",
        "campaign_year": 2022,
        "commune": "Bordeaux",
        "direction_labels": [
          "Vers Cours de la Marne"
        ],
        "num_cpev": "75",
        "point_id": "2022-75-P23.2",
        "poste": "P23.2",
        "zone_id": "162002000"
      },
      "type": "Feature"
    },
    {
      "geometry": {
        "coordinates": [
          -0.548716,
          44.817857
        ],
        "type": "Point"
      },
      "properties": {
        "adresse": "Rue Léon Paillere",
        "campaign_year": 2022,
        "commune": "Bordeaux",
        "direction_labels": [
          "Vers Rue Carles Vernet"
        ],
        "num_cpev": "76",
        "point_id": "2022-76-P14.1",
        "poste": "P14.1",
        "zone_id": "161018000"
      },
      "type": "Feature"
    },
    {
      "geometry": {
        "coordinates": [
          -0.548791,
          44.817845
        ],
        "type": "Point"
      },
      "properties": {
        "adresse": "Rue Léon Paillere",
        "campaign_year": 2022,
        "commune": "Bordeaux",
        "direction_labels": [
          "Vers Boulevards"
        ],
        "num_cpev": "76",
        "point_id": "2022-76-P14.2",
        "poste": "P14.2",
        "zone_id": "161019000"
      },
      "type": "Feature"
    },
    {
      "geometry": {
        "coordinates": [
          -0.565901,
          44.81652
        ],
        "type": "Point"
      },
      "properties": {
        "adresse": "Rue de Bègles",
        "campaign_year": 2022,
        "commune": "Bordeaux",
        "direction_labels": [
          "Vers Rue Pelleport"
        ],
        "num_cpev": "77",
        "point_id": "2022-77-P59.1",
        "poste": "P59.1",
        "zone_id": "162005000"
      },
      "type": "Feature"
    },
    {
      "geometry": {
        "coordinates": [
          -0.565821,
          44.816536
        ],
        "type": "Point"
      },
      "properties": {
        "adresse": "Rue de Bègles",
        "campaign_year": 2022,
        "commune": "Bordeaux",
        "direction_labels": [
          "Vers Boulevard Albert 1er"
        ],
        "num_cpev": "77",
        "point_id": "2022-77-P59.2",
        "poste": "P59.2",
        "zone_id": "161021000"
      },
      "type": "Feature"
    },
    {
      "geometry": {
        "coordinates": [
          -0.572316,
          44.814629
        ],
        "type": "Point"
      },
      "properties": {
        "adresse": "4 Boulevard Albert 1er ",
        "campaign_year": 2022,
        "commune": "Bordeaux",
        "direction_labels": [
          "Vers Rue Louis Cabié"
        ],
        "num_cpev": "78",
        "point_id": "2022-78-P2.1",
        "poste": "P2.1",
        "zone_id": "162005000"
      },
      "type": "Feature"
    },
    {
      "geometry": {
        "coordinates": [
          -0.572295,
          44.814766
        ],
        "type": "Point"
      },
      "properties": {
        "adresse": "4 Boulevard Albert 1er ",
        "campaign_year": 2022,
        "commune": "Bordeaux",
        "direction_labels": [
          "Vers Cours de la Somme"
        ],
        "num_cpev": "78",
        "point_id": "2022-78-P2.2",
        "poste": "P2.2",
        "zone_id": "162005000"
      },
      "type": "Feature"
    },
    {
      "geometry": {
        "coordinates": [
          -0.57983,
          44.823431
        ],
        "type": "Point"
      },
      "properties": {
        "adresse": "Cours de l'Argonne",
        "campaign_year": 2022,
        "commune": "Bordeaux",
        "direction_labels": [
          "Vers Rue Duluc"
        ],
        "num_cpev": "79",
        "point_id": "2022-79-P21.1",
        "poste": "P21.1",
        "zone_id": "162013000"
      },
      "type": "Feature"
    },
    {
      "geometry": {
        "coordinates": [
          -0.579768,
          44.823397
        ],
        "type": "Point"
      },
      "properties": {
        "adresse": "Cours de l'Argonne",
        "campaign_year": 2022,
        "commune": "Bordeaux",
        "direction_labels": [
          "Vers Rue Paul Dénucé"
        ],
        "num_cpev": "79",
        "point_id": "2022-79-P21.2",
        "poste": "P21.2",
        "zone_id": "162008000"
      },
      "type": "Feature"
    },
    {
      "geometry": {
        "coordinates": [
          -0.589711,
          44.825179
        ],
        "type": "Point"
      },
      "properties": {
        "adresse": "Cours Marechal Gallieni",
        "campaign_year": 2022,
        "commune": "Talence",
        "direction_labels": [
          "Vers Rue François Copée"
        ],
        "num_cpev": "80",
        "point_id": "2022-80-P68.1",
        "poste": "P68.1",
        "zone_id": "172002000"
      },
      "type": "Feature"
    },
    {
      "geometry": {
        "coordinates": [
          -0.58966,
          44.825128
        ],
        "type": "Point"
      },
      "properties": {
        "adresse": "Cours Marechal Gallieni",
        "campaign_year": 2022,
        "commune": "Talence",
        "direction_labels": [
          "Vers Barrière de Pessac"
        ],
        "num_cpev": "80",
        "point_id": "2022-80-P68.2",
        "poste": "P68.2",
        "zone_id": "168008000"
      },
      "type": "Feature"
    },
    {
      "geometry": {
        "coordinates": [
          -0.588021,
          44.826184
        ],
        "type": "Point"
      },
      "properties": {
        "adresse": "Rue de Pessac",
        "campaign_year": 2022,
        "commune": "Bordeaux",
        "direction_labels": [
          "Vers Rue Commandant Charcot"
        ],
        "num_cpev": "81",
        "point_id": "2022-81-P24.1",
        "poste": "P24.1",
        "zone_id": "162014000"
      },
      "type": "Feature"
    },
    {
      "geometry": {
        "coordinates": [
          -0.587965,
          44.82615
        ],
        "type": "Point"
      },
      "properties": {
        "adresse": "Rue de Pessac",
        "campaign_year": 2022,
        "commune": "Bordeaux",
        "direction_labels": [
          "Vers Rue de Budos"
        ],
        "num_cpev": "81",
        "point_id": "2022-81-P24.2",
        "poste": "P24.2",
        "zone_id": "162013000"
      },
      "type": "Feature"
    },
    {
      "geometry": {
        "coordinates": [
          -0.592918,
          44.837661
        ],
        "type": "Point"
      },
      "properties": {
        "adresse": "Rue Georges Bonnac",
        "campaign_year": 2022,
        "commune": "Bordeaux",
        "direction_labels": [
          "Vers Rue Pierre"
        ],
        "num_cpev": "82",
        "point_id": "2022-82-P28.1",
        "poste": "P28.1",
        "zone_id": "162015000"
      },
      "type": "Feature"
    },
    {
      "geometry": {
        "coordinates": [
          -0.592959,
          44.837764
        ],
        "type": "Point"
      },
      "properties": {
        "adresse": "Rue Georges Bonnac",
        "campaign_year": 2022,
        "commune": "Bordeaux",
        "direction_labels": [
          "Vers Boulevards"
        ],
        "num_cpev": "82",
        "point_id": "2022-82-P28.2",
        "poste": "P28.2",
        "zone_id": "163003000"
      },
      "type": "Feature"
    },
    {
      "geometry": {
        "coordinates": [
          -0.598553,
          44.841522
        ],
        "type": "Point"
      },
      "properties": {
        "adresse": "230 Rue George Mandel",
        "campaign_year": 2022,
        "commune": "Bordeaux",
        "direction_labels": [
          "Vers Boulevard Président Wilson"
        ],
        "num_cpev": "83",
        "point_id": "2022-83-PC1.1",
        "poste": "PC1.1",
        "zone_id": "163004000"
      },
      "type": "Feature"
    },
    {
      "geometry": {
        "coordinates": [
          -0.598553,
          44.841522
        ],
        "type": "Point"
      },
      "properties": {
        "adresse": "230 Rue George Mandel",
        "campaign_year": 2022,
        "commune": "Bordeaux",
        "direction_labels": [
          "Vers Rue Meret"
        ],
        "num_cpev": "83",
        "point_id": "2022-83-PC1.2",
        "poste": "PC1.2",
        "zone_id": "163004000"
      },
      "type": "Feature"
    },
    {
      "geometry": {
        "coordinates": [
          -0.590818,
          44.842107
        ],
        "type": "Point"
      },
      "properties": {
        "adresse": "Rue Jean Soula",
        "campaign_year": 2022,
        "commune": "Bordeaux",
        "direction_labels": [
          "Vers Rue Lachassaigne"
        ],
        "num_cpev": "84",
        "point_id": "2022-84-P82.1",
        "poste": "P82.1",
        "zone_id": "163002000"
      },
      "type": "Feature"
    },
    {
      "geometry": {
        "coordinates": [
          -0.590743,
          44.842143
        ],
        "type": "Point"
      },
      "properties": {
        "adresse": "Rue Jean Soula",
        "campaign_year": 2022,
        "commune": "Bordeaux",
        "direction_labels": [
          "Vers Rue Georges Mandel"
        ],
        "num_cpev": "84",
        "point_id": "2022-84-P82.2",
        "poste": "P82.2",
        "zone_id": "163002000"
      },
      "type": "Feature"
    },
    {
      "geometry": {
        "coordinates": [
          -0.580935,
          44.840387
        ],
        "type": "Point"
      },
      "properties": {
        "adresse": "Rue du Dr Charles Nancel Penard",
        "campaign_year": 2022,
        "commune": "Bordeaux",
        "direction_labels": [
          "Vers Cours d'Albret"
        ],
        "num_cpev": "85",
        "point_id": "2022-85-P49.1",
        "poste": "P49.1",
        "zone_id": "161007000"
      },
      "type": "Feature"
    },
    {
      "geometry": {
        "coordinates": [
          -0.580812,
          44.840341
        ],
        "type": "Point"
      },
      "properties": {
        "adresse": "Rue du Dr Charles Nancel Penard",
        "campaign_year": 2022,
        "commune": "Bordeaux",
        "direction_labels": [
          "Vers Place Gambetta"
        ],
        "num_cpev": "85",
        "point_id": "2022-85-P49.2",
        "poste": "P49.2",
        "zone_id": "161007000"
      },
      "type": "Feature"
    },
    {
      "geometry": {
        "coordinates": [
          -0.575343,
          44.843822
        ],
        "type": "Point"
      },
      "properties": {
        "adresse": "Allées de Tourny",
        "campaign_year": 2022,
        "commune": "Bordeaux",
        "direction_labels": [
          "Vers Place Tourny"
        ],
        "num_cpev": "86",
        "point_id": "2022-86-P45.1",
        "poste": "P45.1",
        "zone_id": "161008000"
      },
      "type": "Feature"
    },
    {
      "geometry": {
        "coordinates": [
          -0.575794,
          44.84356
        ],
        "type": "Point"
      },
      "properties": {
        "adresse": "Allées de Tourny",
        "campaign_year": 2022,
        "commune": "Bordeaux",
        "direction_labels": [
          "Vers Place de la Comédie"
        ],
        "num_cpev": "86",
        "point_id": "2022-86-P45.2",
        "poste": "P45.2",
        "zone_id": "161008000"
      },
      "type": "Feature"
    },
    {
      "geometry": {
        "coordinates": [
          -0.571076,
          44.847531
        ],
        "type": "Point"
      },
      "properties": {
        "adresse": "10 Quai Louis XVIII",
        "campaign_year": 2022,
        "commune": "Bordeaux",
        "direction_labels": [
          "Vers Allées de Chartres"
        ],
        "num_cpev": "87",
        "point_id": "2022-87-P11.1",
        "poste": "P11.1",
        "zone_id": "161009000"
      },
      "type": "Feature"
    },
    {
      "geometry": {
        "coordinates": [
          -0.570658,
          44.84752
        ],
        "type": "Point"
      },
      "properties": {
        "adresse": "10 Quai Louis XVIII",
        "campaign_year": 2022,
        "commune": "Bordeaux",
        "direction_labels": [
          "Vers Pont Chaban"
        ],
        "num_cpev": "87",
        "point_id": "2022-87-P11.2",
        "poste": "P11.2",
        "zone_id": "164002000"
      },
      "type": "Feature"
    },
    {
      "geometry": {
        "coordinates": [
          -0.574316,
          44.85361
        ],
        "type": "Point"
      },
      "properties": {
        "adresse": "Cours Evrard de Fayolle",
        "campaign_year": 2022,
        "commune": "Bordeaux",
        "direction_labels": [
          "Vers Rue Cantemerle"
        ],
        "num_cpev": "88",
        "point_id": "2022-88-P41.1",
        "poste": "P41.1",
        "zone_id": "164003000"
      },
      "type": "Feature"
    },
    {
      "geometry": {
        "coordinates": [
          -0.574249,
          44.853611
        ],
        "type": "Point"
      },
      "properties": {
        "adresse": "Cours Evrard de Fayolle",
        "campaign_year": 2022,
        "commune": "Bordeaux",
        "direction_labels": [
          "Vers Rue du Jardin Public"
        ],
        "num_cpev": "88",
        "point_id": "2022-88-P41.2",
        "poste": "P41.2",
        "zone_id": "164003000"
      },
      "type": "Feature"
    },
    {
      "geometry": {
        "coordinates": [
          -0.569921,
          44.868471
        ],
        "type": "Point"
      },
      "properties": {
        "adresse": "100 Boulevard A. Daney",
        "campaign_year": 2022,
        "commune": "Bordeaux",
        "direction_labels": [
          "Vers Rue du Professeur Lannelongue"
        ],
        "num_cpev": "89",
        "point_id": "2022-89-P6.1",
        "poste": "P6.1",
        "zone_id": "165003000"
      },
      "type": "Feature"
    },
    {
      "geometry": {
        "coordinates": [
          -0.569814,
          44.868391
        ],
        "type": "Point"
      },
      "properties": {
        "adresse": "100 Boulevard A. Daney",
        "campaign_year": 2022,
        "commune": "Bordeaux",
        "direction_labels": [
          "Vers Rue Lucien Faure"
        ],
        "num_cpev": "89",
        "point_id": "2022-89-P6.2",
        "poste": "P6.2",
        "zone_id": "165003000"
      },
      "type": "Feature"
    },
    {
      "geometry": {
        "coordinates": [
          -0.628774,
          44.881276
        ],
        "type": "Point"
      },
      "properties": {
        "adresse": "76 avenue du Médoc",
        "campaign_year": 2022,
        "commune": "Eysines",
        "direction_labels": [
          "Vers Rue du Couvent"
        ],
        "num_cpev": "90",
        "point_id": "2022-90-PL2.1",
        "poste": "PL2.1",
        "zone_id": "173012000"
      },
      "type": "Feature"
    },
    {
      "geometry": {
        "coordinates": [
          -0.628846,
          44.881211
        ],
        "type": "Point"
      },
      "properties": {
        "adresse": "76 avenue du Médoc",
        "campaign_year": 2022,
        "commune": "Eysines",
        "direction_labels": [
          "Vers Echangeur 7"
        ],
        "num_cpev": "90",
        "point_id": "2022-90-PL2.2",
        "poste": "PL2.2",
        "zone_id": "180008000"
      },
      "type": "Feature"
    },
    {
      "geometry": {
        "coordinates": [
          -0.503401,
          44.813724
        ],
        "type": "Point"
      },
      "properties": {
        "adresse": "3 rue de l'Esplanade",
        "campaign_year": 2022,
        "commune": "Bouliac",
        "direction_labels": [
          "Vers Cote du Piquet"
        ],
        "num_cpev": "92",
        "point_id": "2022-92-PF2.1",
        "poste": "PF2.1",
        "zone_id": "175013000"
      },
      "type": "Feature"
    },
    {
      "geometry": {
        "coordinates": [
          -0.503354,
          44.813731
        ],
        "type": "Point"
      },
      "properties": {
        "adresse": "3 rue de l'Esplanade",
        "campaign_year": 2022,
        "commune": "Bouliac",
        "direction_labels": [
          "Vers Rue Brochard"
        ],
        "num_cpev": "92",
        "point_id": "2022-92-PF2.2",
        "poste": "PF2.2",
        "zone_id": "175013000"
      },
      "type": "Feature"
    },
    {
      "geometry": {
        "coordinates": [
          -0.528285,
          44.829549
        ],
        "type": "Point"
      },
      "properties": {
        "adresse": "23 rue Jules Guesde",
        "campaign_year": 2022,
        "commune": "Floirac",
        "direction_labels": [
          "Vers Rue Emile Combes"
        ],
        "num_cpev": "93",
        "point_id": "2022-93-P77.1",
        "poste": "P77.1",
        "zone_id": "166011000"
      },
      "type": "Feature"
    },
    {
      "geometry": {
        "coordinates": [
          -0.528242,
          44.829519
        ],
        "type": "Point"
      },
      "properties": {
        "adresse": "23 rue Jules Guesde",
        "campaign_year": 2022,
        "commune": "Floirac",
        "direction_labels": [
          "Vers Avenue Gaston Cabannes"
        ],
        "num_cpev": "93",
        "point_id": "2022-93-P77.2",
        "poste": "P77.2",
        "zone_id": "166011000"
      },
      "type": "Feature"
    },
    {
      "geometry": {
        "coordinates": [
          -0.546467,
          44.848366
        ],
        "type": "Point"
      },
      "properties": {
        "adresse": "254 avenue Thiers",
        "campaign_year": 2022,
        "commune": "Bordeaux",
        "direction_labels": [
          "Vers 4 Pavillons"
        ],
        "num_cpev": "94",
        "point_id": "2022-94-P61.1",
        "poste": "P61.1",
        "zone_id": "166005000"
      },
      "type": "Feature"
    },
    {
      "geometry": {
        "coordinates": [
          -0.546617,
          44.848503
        ],
        "type": "Point"
      },
      "properties": {
        "adresse": "254 avenue Thiers",
        "campaign_year": 2022,
        "commune": "Bordeaux",
        "direction_labels": [
          "Vers le Pont de Pierre"
        ],
        "num_cpev": "94",
        "point_id": "2022-94-P61.2",
        "poste": "P61.2",
        "zone_id": "166005000"
      },
      "type": "Feature"
    },
    {
      "geometry": {
        "coordinates": [
          -0.508876,
          44.853432
        ],
        "type": "Point"
      },
      "properties": {
        "adresse": "Arrêt de bus Goya avenue Jean Zay",
        "campaign_year": 2022,
        "commune": "Cenon",
        "direction_labels": [
          "Vers Avenue Georges Clemenceau"
        ],
        "num_cpev": "95",
        "point_id": "2022-95-PF1.1",
        "poste": "PF1.1",
        "zone_id": "175004000"
      },
      "type": "Feature"
    },
    {
      "geometry": {
        "coordinates": [
          -0.508868,
          44.853464
        ],
        "type": "Point"
      },
      "properties": {
        "adresse": "Arrêt de bus Goya avenue Jean Zay",
        "campaign_year": 2022,
        "commune": "Cenon",
        "direction_labels": [
          "Vers Rue Francisco de Goya"
        ],
        "num_cpev": "95",
        "point_id": "2022-95-PF1.2",
        "poste": "PF1.2",
        "zone_id": "175004000"
      },
      "type": "Feature"
    },
    {
      "geometry": {
        "coordinates": [
          -0.50004,
          44.878506
        ],
        "type": "Point"
      },
      "properties": {
        "adresse": "Entrée agglomération Chemin des Tabernottes",
        "campaign_year": 2022,
        "commune": "Lormont",
        "direction_labels": [
          "Vers Rue Jean Cocteau"
        ],
        "num_cpev": "96",
        "point_id": "2022-96-PJ1.1",
        "poste": "PJ1.1",
        "zone_id": "174018000"
      },
      "type": "Feature"
    },
    {
      "geometry": {
        "coordinates": [
          -0.499981,
          44.878586
        ],
        "type": "Point"
      },
      "properties": {
        "adresse": "Entrée agglomération Chemin des Tabernottes",
        "campaign_year": 2022,
        "commune": "Lormont",
        "direction_labels": [
          "Vers Route d'Yvrac"
        ],
        "num_cpev": "96",
        "point_id": "2022-96-PJ1.2",
        "poste": "PJ1.2",
        "zone_id": "174018000"
      },
      "type": "Feature"
    },
    {
      "geometry": {
        "coordinates": [
          -0.615959,
          44.893899
        ],
        "type": "Point"
      },
      "properties": {
        "adresse": "Arrêt de bus ZI Camplilleau avenue des 4 Ponts",
        "campaign_year": 2023,
        "commune": "Blanquefort",
        "direction_labels": [
          "Vers Rue de Magnol"
        ],
        "num_cpev": "102",
        "point_id": "2023-102-PZ.1",
        "poste": "PZ.1",
        "zone_id": "173012000"
      },
      "type": "Feature"
    },
    {
      "geometry": {
        "coordinates": [
          -0.616056,
          44.893994
        ],
        "type": "Point"
      },
      "properties": {
        "adresse": "Arrêt de bus ZI Camplilleau avenue des 4 Ponts",
        "campaign_year": 2023,
        "commune": "Blanquefort",
        "direction_labels": [
          "Vers Rue Majolan"
        ],
        "num_cpev": "102",
        "point_id": "2023-102-PZ.2",
        "poste": "PZ.2",
        "zone_id": "173012000"
      },
      "type": "Feature"
    },
    {
      "geometry": {
        "coordinates": [
          -0.646032,
          44.856203
        ],
        "type": "Point"
      },
      "properties": {
        "adresse": "16 Avenue de Magudas",
        "campaign_year": 2023,
        "commune": "Mérignac",
        "direction_labels": [
          "Vers Avenue de la Forêt "
        ],
        "num_cpev": "103",
        "point_id": "2023-103-PT.1",
        "poste": "PT.1",
        "zone_id": "171015000"
      },
      "type": "Feature"
    },
    {
      "geometry": {
        "coordinates": [
          -0.646032,
          44.856135
        ],
        "type": "Point"
      },
      "properties": {
        "adresse": "16 Avenue de Magudas",
        "campaign_year": 2023,
        "commune": "Mérignac",
        "direction_labels": [
          "Vers Avenue de la Libération"
        ],
        "num_cpev": "103",
        "point_id": "2023-103-PT.2",
        "poste": "PT.2",
        "zone_id": "171011000"
      },
      "type": "Feature"
    },
    {
      "geometry": {
        "coordinates": [
          -0.657645,
          44.800531
        ],
        "type": "Point"
      },
      "properties": {
        "adresse": "270 Avenue Pasteur",
        "campaign_year": 2023,
        "commune": "Pessac",
        "direction_labels": [
          "Vers Rue Maréchal Foch"
        ],
        "num_cpev": "104",
        "point_id": "2023-104-PQ.1",
        "poste": "PQ.1",
        "zone_id": "178001000"
      },
      "type": "Feature"
    },
    {
      "geometry": {
        "coordinates": [
          -0.657677,
          44.800594
        ],
        "type": "Point"
      },
      "properties": {
        "adresse": "270 Avenue Pasteur",
        "campaign_year": 2023,
        "commune": "Pessac",
        "direction_labels": [
          "Vers Avenue de Bourgailh"
        ],
        "num_cpev": "104",
        "point_id": "2023-104-PQ.2",
        "poste": "PQ.2",
        "zone_id": "178001000"
      },
      "type": "Feature"
    },
    {
      "geometry": {
        "coordinates": [
          -0.569921,
          44.877536
        ],
        "type": "Point"
      },
      "properties": {
        "adresse": "1 Avenue André Reinson",
        "campaign_year": 2023,
        "commune": "Bordeaux",
        "direction_labels": [
          "Vers Avenue Marcel Dassault"
        ],
        "num_cpev": "105",
        "point_id": "2023-105-PV2.1",
        "poste": "PV2.1",
        "zone_id": "165013000"
      },
      "type": "Feature"
    },
    {
      "geometry": {
        "coordinates": [
          -0.569972,
          44.877454
        ],
        "type": "Point"
      },
      "properties": {
        "adresse": "1 Avenue André Reinson",
        "campaign_year": 2023,
        "commune": "Bordeaux",
        "direction_labels": [
          "Vers Rond Point Tobeen"
        ],
        "num_cpev": "105",
        "point_id": "2023-105-PV2.2",
        "poste": "PV2.2",
        "zone_id": "165013000"
      },
      "type": "Feature"
    },
    {
      "geometry": {
        "coordinates": [
          -0.572951,
          44.81404
        ],
        "type": "Point"
      },
      "properties": {
        "adresse": "17 Route de Toulouse",
        "campaign_year": 2023,
        "commune": "Bordeaux",
        "direction_labels": [
          "Vers Rue de Suzon"
        ],
        "num_cpev": "106",
        "point_id": "2023-106-P66.1",
        "poste": "P66.1",
        "zone_id": "162006000"
      },
      "type": "Feature"
    },
    {
      "geometry": {
        "coordinates": [
          -0.572899,
          44.814036
        ],
        "type": "Point"
      },
      "properties": {
        "adresse": "17 Route de Toulouse",
        "campaign_year": 2023,
        "commune": "Bordeaux",
        "direction_labels": [
          "Vers Barrière de Toulouse"
        ],
        "num_cpev": "106",
        "point_id": "2023-106-P66.2",
        "poste": "P66.2",
        "zone_id": "162005000"
      },
      "type": "Feature"
    },
    {
      "geometry": {
        "coordinates": [
          -0.59447,
          44.827257
        ],
        "type": "Point"
      },
      "properties": {
        "adresse": "36 Rue Léo Saignat",
        "campaign_year": 2023,
        "commune": "Bordeaux",
        "direction_labels": [
          "Vers Place Campeyraut"
        ],
        "num_cpev": "107",
        "point_id": "2023-107-P25.1",
        "poste": "P25.1",
        "zone_id": "172002000"
      },
      "type": "Feature"
    },
    {
      "geometry": {
        "coordinates": [
          -0.594432,
          44.827213
        ],
        "type": "Point"
      },
      "properties": {
        "adresse": "36 Rue Léo Saignat",
        "campaign_year": 2023,
        "commune": "Bordeaux",
        "direction_labels": [
          "Vers Boulevard Maréchal Leclerc"
        ],
        "num_cpev": "107",
        "point_id": "2023-107-P25.2",
        "poste": "P25.2",
        "zone_id": "172002000"
      },
      "type": "Feature"
    },
    {
      "geometry": {
        "coordinates": [
          -0.599589,
          44.842771
        ],
        "type": "Point"
      },
      "properties": {
        "adresse": "134 Boulevard Wilson",
        "campaign_year": 2023,
        "commune": "Bordeaux",
        "direction_labels": [
          "Vers Avenue du Jeu de Paume"
        ],
        "num_cpev": "110",
        "point_id": "2023-110-P4.1",
        "poste": "P4.1",
        "zone_id": "172007000"
      },
      "type": "Feature"
    },
    {
      "geometry": {
        "coordinates": [
          -0.599468,
          44.842761
        ],
        "type": "Point"
      },
      "properties": {
        "adresse": "134 Boulevard Wilson",
        "campaign_year": 2023,
        "commune": "Bordeaux",
        "direction_labels": [
          "Vers Rue Colmar"
        ],
        "num_cpev": "110",
        "point_id": "2023-110-P4.2",
        "poste": "P4.2",
        "zone_id": "163005000"
      },
      "type": "Feature"
    },
    {
      "geometry": {
        "coordinates": [
          -0.584558,
          44.818907
        ],
        "type": "Point"
      },
      "properties": {
        "adresse": "70 Cours Gambetta",
        "campaign_year": 2023,
        "commune": "Talence",
        "direction_labels": [
          "Vers Rue Berthomé"
        ],
        "num_cpev": "111",
        "point_id": "2023-111-PN.1",
        "poste": "PN.1",
        "zone_id": "168009000"
      },
      "type": "Feature"
    },
    {
      "geometry": {
        "coordinates": [
          -0.584437,
          44.818886
        ],
        "type": "Point"
      },
      "properties": {
        "adresse": "70 Cours Gambetta",
        "campaign_year": 2023,
        "commune": "Talence",
        "direction_labels": [
          "Vers Rue Jules Simon"
        ],
        "num_cpev": "111",
        "point_id": "2023-111-PN.2",
        "poste": "PN.2",
        "zone_id": "168009000"
      },
      "type": "Feature"
    },
    {
      "geometry": {
        "coordinates": [
          -0.604293,
          44.813872
        ],
        "type": "Point"
      },
      "properties": {
        "adresse": "124 Avenue de la Mission Haut Brion",
        "campaign_year": 2023,
        "commune": "Talence",
        "direction_labels": [
          "Vers Rue de Peybouquey"
        ],
        "num_cpev": "112",
        "point_id": "2023-112-PL.1",
        "poste": "PL.1",
        "zone_id": "168015000"
      },
      "type": "Feature"
    },
    {
      "geometry": {
        "coordinates": [
          -0.604339,
          44.813893
        ],
        "type": "Point"
      },
      "properties": {
        "adresse": "124 Avenue de la Mission Haut Brion",
        "campaign_year": 2023,
        "commune": "Talence",
        "direction_labels": [
          "Vers Avenue Jean Jaures"
        ],
        "num_cpev": "112",
        "point_id": "2023-112-PL.2",
        "poste": "PL.2",
        "zone_id": "168015000"
      },
      "type": "Feature"
    },
    {
      "geometry": {
        "coordinates": [
          -0.595458,
          44.800854
        ],
        "type": "Point"
      },
      "properties": {
        "adresse": "558 Cours de la Libération",
        "campaign_year": 2023,
        "commune": "Talence",
        "direction_labels": [
          "Vers Avenue Marly"
        ],
        "num_cpev": "113",
        "point_id": "2023-113-PI.1",
        "poste": "PI.1",
        "zone_id": "168011000"
      },
      "type": "Feature"
    },
    {
      "geometry": {
        "coordinates": [
          -0.595336,
          44.800793
        ],
        "type": "Point"
      },
      "properties": {
        "adresse": "558 Cours de la Libération",
        "campaign_year": 2023,
        "commune": "Talence",
        "direction_labels": [
          "Vers Avenue du Breuil"
        ],
        "num_cpev": "113",
        "point_id": "2023-113-PI.2",
        "poste": "PI.2",
        "zone_id": "168011000"
      },
      "type": "Feature"
    },
    {
      "geometry": {
        "coordinates": [
          -0.566423,
          44.786006
        ],
        "type": "Point"
      },
      "properties": {
        "adresse": "513 Route de Toulouse",
        "campaign_year": 2023,
        "commune": "Villenave d Ornon",
        "direction_labels": [
          "Vers Avenue Danielle Mitterrand"
        ],
        "num_cpev": "114",
        "point_id": "2023-114-PD.1",
        "poste": "PD.1",
        "zone_id": "167013000"
      },
      "type": "Feature"
    },
    {
      "geometry": {
        "coordinates": [
          -0.566361,
          44.78601
        ],
        "type": "Point"
      },
      "properties": {
        "adresse": "513 Route de Toulouse",
        "campaign_year": 2023,
        "commune": "Villenave d Ornon",
        "direction_labels": [
          "Vers Rue Alexis Labro"
        ],
        "num_cpev": "114",
        "point_id": "2023-114-PD.2",
        "poste": "PD.2",
        "zone_id": "167013000"
      },
      "type": "Feature"
    },
    {
      "geometry": {
        "coordinates": [
          -0.564641,
          44.773569
        ],
        "type": "Point"
      },
      "properties": {
        "adresse": "Avenue des Pyrénées",
        "campaign_year": 2023,
        "commune": "Villenave d Ornon",
        "direction_labels": [
          "Vers Rue Marcel Utrillo"
        ],
        "num_cpev": "115",
        "point_id": "2023-115-PW2.1",
        "poste": "PW2.1",
        "zone_id": "176007000"
      },
      "type": "Feature"
    },
    {
      "geometry": {
        "coordinates": [
          -0.564518,
          44.773554
        ],
        "type": "Point"
      },
      "properties": {
        "adresse": "Avenue des Pyrénées",
        "campaign_year": 2023,
        "commune": "Villenave d Ornon",
        "direction_labels": [
          "Vers Rue de Montrignac"
        ],
        "num_cpev": "115",
        "point_id": "2023-115-PW2.2",
        "poste": "PW2.2",
        "zone_id": "176007000"
      },
      "type": "Feature"
    },
    {
      "geometry": {
        "coordinates": [
          -0.539178,
          44.842236
        ],
        "type": "Point"
      },
      "properties": {
        "adresse": "35 Cours Gambetta",
        "campaign_year": 2023,
        "commune": "Floirac",
        "direction_labels": [
          "Vers Avenue Jean Jaurès"
        ],
        "num_cpev": "116",
        "point_id": "2023-116-P17.1",
        "poste": "P17.1",
        "zone_id": "166009000"
      },
      "type": "Feature"
    },
    {
      "geometry": {
        "coordinates": [
          -0.539183,
          44.842289
        ],
        "type": "Point"
      },
      "properties": {
        "adresse": "35 Cours Gambetta",
        "campaign_year": 2023,
        "commune": "Floirac",
        "direction_labels": [
          "Vers Rue Marcelin Berthelot"
        ],
        "num_cpev": "116",
        "point_id": "2023-116-P17.2",
        "poste": "P17.2",
        "zone_id": "166007000"
      },
      "type": "Feature"
    },
    {
      "geometry": {
        "coordinates": [
          -0.57957,
          44.832352
        ],
        "type": "Point"
      },
      "properties": {
        "adresse": "19 Cours Aristide Briand",
        "campaign_year": 2023,
        "commune": "Bordeaux",
        "direction_labels": [
          "Vers Place de la Victoire"
        ],
        "num_cpev": "117",
        "point_id": "2023-117-P56.1",
        "poste": "P56.1",
        "zone_id": "162019000"
      },
      "type": "Feature"
    },
    {
      "geometry": {
        "coordinates": [
          -0.579554,
          44.832432
        ],
        "type": "Point"
      },
      "properties": {
        "adresse": "19 Cours Aristide Briand",
        "campaign_year": 2023,
        "commune": "Bordeaux",
        "direction_labels": [
          "Vers Cours d'Albret"
        ],
        "num_cpev": "117",
        "point_id": "2023-117-P56.2",
        "poste": "P56.2",
        "zone_id": "161006000"
      },
      "type": "Feature"
    },
    {
      "geometry": {
        "coordinates": [
          -0.573658,
          44.831107
        ],
        "type": "Point"
      },
      "properties": {
        "adresse": "116 Cours Aristide Briand",
        "campaign_year": 2023,
        "commune": "Bordeaux",
        "direction_labels": [
          "Vers Place de la Victoire"
        ],
        "num_cpev": "118",
        "point_id": "2023-118-P57.1",
        "poste": "P57.1",
        "zone_id": "161010000"
      },
      "type": "Feature"
    },
    {
      "geometry": {
        "coordinates": [
          -0.573704,
          44.831061
        ],
        "type": "Point"
      },
      "properties": {
        "adresse": "116 Cours Aristide Briand",
        "campaign_year": 2023,
        "commune": "Bordeaux",
        "direction_labels": [
          "Vers Cours d'Albret"
        ],
        "num_cpev": "118",
        "point_id": "2023-118-P57.2",
        "poste": "P57.2",
        "zone_id": "162011000"
      },
      "type": "Feature"
    },
    {
      "geometry": {
        "coordinates": [
          -0.558832,
          44.839488
        ],
        "type": "Point"
      },
      "properties": {
        "adresse": "10 Rue de la Benauge",
        "campaign_year": 2023,
        "commune": "Bordeaux",
        "direction_labels": [
          "Vers Henri Dunant"
        ],
        "num_cpev": "119",
        "point_id": "2023-119-P18.1",
        "poste": "P18.1",
        "zone_id": "166001000"
      },
      "type": "Feature"
    },
    {
      "geometry": {
        "coordinates": [
          -0.558853,
          44.83953
        ],
        "type": "Point"
      },
      "properties": {
        "adresse": "10 Rue de la Benauge",
        "campaign_year": 2023,
        "commune": "Bordeaux",
        "direction_labels": [
          "Quai Deschamps"
        ],
        "num_cpev": "119",
        "point_id": "2023-119-P18.2",
        "poste": "P18.2",
        "zone_id": "166001000"
      },
      "type": "Feature"
    },
    {
      "geometry": {
        "coordinates": [
          -0.564544,
          44.812967
        ],
        "type": "Point"
      },
      "properties": {
        "adresse": "10 Cours Victor Hugo",
        "campaign_year": 2023,
        "commune": "Bègles",
        "direction_labels": [
          "Vers Rue Roland et Marie Richon"
        ],
        "num_cpev": "120",
        "point_id": "2023-120-P79.1",
        "poste": "P79.1",
        "zone_id": "167008000"
      },
      "type": "Feature"
    },
    {
      "geometry": {
        "coordinates": [
          -0.564496,
          44.812978
        ],
        "type": "Point"
      },
      "properties": {
        "adresse": "10 Cours Victor Hugo",
        "campaign_year": 2023,
        "commune": "Bègles",
        "direction_labels": [
          "Vers Barrière de Bègles"
        ],
        "num_cpev": "120",
        "point_id": "2023-120-P79.2",
        "poste": "P79.2",
        "zone_id": "167008000"
      },
      "type": "Feature"
    },
    {
      "geometry": {
        "coordinates": [
          -0.556985,
          44.796333
        ],
        "type": "Point"
      },
      "properties": {
        "adresse": "16 Avenue Lénine",
        "campaign_year": 2023,
        "commune": "Bègles",
        "direction_labels": [
          "Vers Rue Dilly Prolongée"
        ],
        "num_cpev": "121",
        "point_id": "2023-121-PC.1",
        "poste": "PC.1",
        "zone_id": "167009000"
      },
      "type": "Feature"
    },
    {
      "geometry": {
        "coordinates": [
          -0.55702,
          44.796377
        ],
        "type": "Point"
      },
      "properties": {
        "adresse": "16 Avenue Lénine",
        "campaign_year": 2023,
        "commune": "Bègles",
        "direction_labels": [
          "Vers Rue Alexis Labro"
        ],
        "num_cpev": "121",
        "point_id": "2023-121-PC.2",
        "poste": "PC.2",
        "zone_id": "167009000"
      },
      "type": "Feature"
    },
    {
      "geometry": {
        "coordinates": [
          -0.590681,
          44.875683
        ],
        "type": "Point"
      },
      "properties": {
        "adresse": "111 Avenue Jean Jaures",
        "campaign_year": 2023,
        "commune": "Bruges",
        "direction_labels": [
          "Vers Rue Alfred Bert"
        ],
        "num_cpev": "123",
        "point_id": "2023-123-PX2.1",
        "poste": "PX2.1",
        "zone_id": "173014000"
      },
      "type": "Feature"
    },
    {
      "geometry": {
        "coordinates": [
          -0.590643,
          44.875691
        ],
        "type": "Point"
      },
      "properties": {
        "adresse": "111 Avenue Jean Jaures",
        "campaign_year": 2023,
        "commune": "Bruges",
        "direction_labels": [
          "Vers Avenue Périé"
        ],
        "num_cpev": "123",
        "point_id": "2023-123-PX2.2",
        "poste": "PX2.2",
        "zone_id": "173014000"
      },
      "type": "Feature"
    },
    {
      "geometry": {
        "coordinates": [
          -0.51562,
          44.857895
        ],
        "type": "Point"
      },
      "properties": {
        "adresse": "92 Avenue René Cassagne",
        "campaign_year": 2023,
        "commune": "Cenon",
        "direction_labels": [
          "Vers Rue du Loret"
        ],
        "num_cpev": "124",
        "point_id": "2023-124-PG1.1",
        "poste": "PG1.1",
        "zone_id": "175003000"
      },
      "type": "Feature"
    },
    {
      "geometry": {
        "coordinates": [
          -0.515481,
          44.857887
        ],
        "type": "Point"
      },
      "properties": {
        "adresse": "92 Avenue René Cassagne",
        "campaign_year": 2023,
        "commune": "Cenon",
        "direction_labels": [
          "Vers Rue Louis Mondaut"
        ],
        "num_cpev": "124",
        "point_id": "2023-124-PG1.2",
        "poste": "PG1.2",
        "zone_id": "175003000"
      },
      "type": "Feature"
    },
    {
      "geometry": {
        "coordinates": [
          -0.598657,
          44.846727
        ],
        "type": "Point"
      },
      "properties": {
        "adresse": "4 Rue de l'Ecole Normale",
        "campaign_year": 2023,
        "commune": "Bordeaux",
        "direction_labels": [
          "Vers Boulevard du Président Wilson"
        ],
        "num_cpev": "125",
        "point_id": "2023-125-P31.1",
        "poste": "P31.1",
        "zone_id": "172006000"
      },
      "type": "Feature"
    },
    {
      "geometry": {
        "coordinates": [
          -0.598625,
          44.846782
        ],
        "type": "Point"
      },
      "properties": {
        "adresse": "4 Rue de l'Ecole Normale",
        "campaign_year": 2023,
        "commune": "Bordeaux",
        "direction_labels": [
          "Vers Allée des Marronnières"
        ],
        "num_cpev": "125",
        "point_id": "2023-125-P31.2",
        "poste": "P31.2",
        "zone_id": "172006000"
      },
      "type": "Feature"
    },
    {
      "geometry": {
        "coordinates": [
          -0.630632,
          44.873609
        ],
        "type": "Point"
      },
      "properties": {
        "adresse": "79 Avenue de L'Hippodrome",
        "campaign_year": 2023,
        "commune": "Eysines",
        "direction_labels": [
          "Vers Rue du Canter"
        ],
        "num_cpev": "126",
        "point_id": "2023-126-PM2.1",
        "poste": "PM2.1",
        "zone_id": "180002000"
      },
      "type": "Feature"
    },
    {
      "geometry": {
        "coordinates": [
          -0.630632,
          44.87367
        ],
        "type": "Point"
      },
      "properties": {
        "adresse": "79 Avenue de L'Hippodrome",
        "campaign_year": 2023,
        "commune": "Eysines",
        "direction_labels": [
          "Vers Avenue du Taillan"
        ],
        "num_cpev": "126",
        "point_id": "2023-126-PM2.2",
        "poste": "PM2.2",
        "zone_id": "180002000"
      },
      "type": "Feature"
    },
    {
      "geometry": {
        "coordinates": [
          -0.56148,
          44.86637
        ],
        "type": "Point"
      },
      "properties": {
        "adresse": "Hangard 27 Rue Lucien Faure",
        "campaign_year": 2023,
        "commune": "Bordeaux",
        "direction_labels": [
          "Vers Boulevard Alfred Daney"
        ],
        "num_cpev": "128",
        "point_id": "2023-128-P39.1",
        "poste": "P39.1",
        "zone_id": "165009000"
      },
      "type": "Feature"
    },
    {
      "geometry": {
        "coordinates": [
          -0.561534,
          44.866302
        ],
        "type": "Point"
      },
      "properties": {
        "adresse": "Hangard 27 Rue Lucien Faure",
        "campaign_year": 2023,
        "commune": "Bordeaux",
        "direction_labels": [
          "Vers Pont Chaban"
        ],
        "num_cpev": "128",
        "point_id": "2023-128-P39.2",
        "poste": "P39.2",
        "zone_id": "165002000"
      },
      "type": "Feature"
    },
    {
      "geometry": {
        "coordinates": [
          -0.553067,
          44.875924
        ],
        "type": "Point"
      },
      "properties": {
        "adresse": "10 Avenue de Labarde",
        "campaign_year": 2023,
        "commune": "Bordeaux",
        "direction_labels": [
          "Vers Rue de Nantes"
        ],
        "num_cpev": "129",
        "point_id": "2023-129-P38.1",
        "poste": "P38.1",
        "zone_id": "165006000"
      },
      "type": "Feature"
    },
    {
      "geometry": {
        "coordinates": [
          -0.553137,
          44.875934
        ],
        "type": "Point"
      },
      "properties": {
        "adresse": "10 Avenue de Labarde",
        "campaign_year": 2023,
        "commune": "Bordeaux",
        "direction_labels": [
          "Vers Place René Maran"
        ],
        "num_cpev": "129",
        "point_id": "2023-129-P38.2",
        "poste": "P38.2",
        "zone_id": "165006000"
      },
      "type": "Feature"
    },
    {
      "geometry": {
        "coordinates": [
          -0.594391,
          44.828622
        ],
        "type": "Point"
      },
      "properties": {
        "adresse": "221 Boulevard Maréchal Leclerc",
        "campaign_year": 2023,
        "commune": "Bordeaux",
        "direction_labels": [
          "Vers Rue de Cheminade"
        ],
        "num_cpev": "130",
        "point_id": "2023-130-P3.1",
        "poste": "P3.1",
        "zone_id": "172002000"
      },
      "type": "Feature"
    },
    {
      "geometry": {
        "coordinates": [
          -0.594288,
          44.828695
        ],
        "type": "Point"
      },
      "properties": {
        "adresse": "221 Boulevard Maréchal Leclerc",
        "campaign_year": 2023,
        "commune": "Bordeaux",
        "direction_labels": [
          "Vers Rue Jean Dandicolle"
        ],
        "num_cpev": "130",
        "point_id": "2023-130-P3.2",
        "poste": "P3.2",
        "zone_id": "162014000"
      },
      "type": "Feature"
    },
    {
      "geometry": {
        "coordinates": [
          -0.52538,
          44.880141
        ],
        "type": "Point"
      },
      "properties": {
        "adresse": "Pont de Mireport",
        "campaign_year": 2023,
        "commune": "Lormont",
        "direction_labels": [
          "Vers Rue André Dupin"
        ],
        "num_cpev": "131",
        "point_id": "2023-131-PK1.1",
        "poste": "PK1.1",
        "zone_id": "174014000"
      },
      "type": "Feature"
    },
    {
      "geometry": {
        "coordinates": [
          -0.52535,
          44.880166
        ],
        "type": "Point"
      },
      "properties": {
        "adresse": "Pont de Mireport",
        "campaign_year": 2023,
        "commune": "Lormont",
        "direction_labels": [
          "Vers Rue Paul Courtault"
        ],
        "num_cpev": "131",
        "point_id": "2023-131-PK1.2",
        "poste": "PK1.2",
        "zone_id": "174014000"
      },
      "type": "Feature"
    },
    {
      "geometry": {
        "coordinates": [
          -0.578803,
          44.841806
        ],
        "type": "Point"
      },
      "properties": {
        "adresse": "58 Cours de l'Intendance",
        "campaign_year": 2023,
        "commune": "Bordeaux",
        "direction_labels": [
          "Vers Place Gambetta"
        ],
        "num_cpev": "132",
        "point_id": "2023-132-P47.1",
        "poste": "P47.1",
        "zone_id": "161007000"
      },
      "type": "Feature"
    },
    {
      "geometry": {
        "coordinates": [
          -0.578803,
          44.841806
        ],
        "type": "Point"
      },
      "properties": {
        "adresse": "58 Cours de l'Intendance",
        "campaign_year": 2023,
        "commune": "Bordeaux",
        "direction_labels": [
          "Vers Place de la Comédie"
        ],
        "num_cpev": "132",
        "point_id": "2023-132-P47.2",
        "poste": "P47.2",
        "zone_id": "161007000"
      },
      "type": "Feature"
    },
    {
      "geometry": {
        "coordinates": [
          -0.57452,
          44.843511
        ],
        "type": "Point"
      },
      "properties": {
        "adresse": "Cours du XXX Juillet",
        "campaign_year": 2023,
        "commune": "Bordeaux",
        "direction_labels": [
          "Vers Esprit des Lois"
        ],
        "num_cpev": "133",
        "point_id": "2023-133-P42.1",
        "poste": "P42.1",
        "zone_id": "161008000"
      },
      "type": "Feature"
    },
    {
      "geometry": {
        "coordinates": [
          -0.574435,
          44.843519
        ],
        "type": "Point"
      },
      "properties": {
        "adresse": "Cours du XXX Juillet",
        "campaign_year": 2023,
        "commune": "Bordeaux",
        "direction_labels": [
          "Vers les Allées d'Orléans"
        ],
        "num_cpev": "133",
        "point_id": "2023-133-P42.2",
        "poste": "P42.2",
        "zone_id": "161008000"
      },
      "type": "Feature"
    },
    {
      "geometry": {
        "coordinates": [
          -0.55534,
          44.85961
        ],
        "type": "Point"
      },
      "properties": {
        "adresse": "72 Quai de Bacalan",
        "campaign_year": 2023,
        "commune": "Bordeaux",
        "direction_labels": [
          "Vers Pont Chaban"
        ],
        "num_cpev": "134",
        "point_id": "2023-134-P10.1",
        "poste": "P10.1",
        "zone_id": "165001000"
      },
      "type": "Feature"
    },
    {
      "geometry": {
        "coordinates": [
          -0.555358,
          44.859641
        ],
        "type": "Point"
      },
      "properties": {
        "adresse": "72 Quai de Bacalan",
        "campaign_year": 2023,
        "commune": "Bordeaux",
        "direction_labels": [
          "Vers Rue de la Faïencerie"
        ],
        "num_cpev": "134",
        "point_id": "2023-134-P10.2",
        "poste": "P10.2",
        "zone_id": "165001000"
      },
      "type": "Feature"
    },
    {
      "geometry": {
        "coordinates": [
          -0.549664,
          44.866703
        ],
        "type": "Point"
      },
      "properties": {
        "adresse": "83 Quai de Paludate",
        "campaign_year": 2023,
        "commune": "Bordeaux",
        "direction_labels": [
          "Vers Rue de Saïgon"
        ],
        "num_cpev": "135",
        "point_id": "2023-135-P13.1",
        "poste": "P13.1",
        "zone_id": "165004000"
      },
      "type": "Feature"
    },
    {
      "geometry": {
        "coordinates": [
          -0.54971,
          44.826656
        ],
        "type": "Point"
      },
      "properties": {
        "adresse": "83 Quai de Paludate",
        "campaign_year": 2023,
        "commune": "Bordeaux",
        "direction_labels": [
          "Vers Rue de Belcier"
        ],
        "num_cpev": "135",
        "point_id": "2023-135-P13.2",
        "poste": "P13.2",
        "zone_id": "161018000"
      },
      "type": "Feature"
    },
    {
      "geometry": {
        "coordinates": [
          -0.585593,
          44.851228
        ],
        "type": "Point"
      },
      "properties": {
        "adresse": "62 Rue David Johnston",
        "campaign_year": 2023,
        "commune": "Bordeaux",
        "direction_labels": [
          "Vers Rue Cassignol"
        ],
        "num_cpev": "136",
        "point_id": "2023-136-P36.1",
        "poste": "P36.1",
        "zone_id": "163013000"
      },
      "type": "Feature"
    },
    {
      "geometry": {
        "coordinates": [
          -0.585631,
          44.851167
        ],
        "type": "Point"
      },
      "properties": {
        "adresse": "62 Rue David Johnston",
        "campaign_year": 2023,
        "commune": "Bordeaux",
        "direction_labels": [
          "Vers Rue Dardenne"
        ],
        "num_cpev": "136",
        "point_id": "2023-136-P36.2",
        "poste": "P36.2",
        "zone_id": "163013000"
      },
      "type": "Feature"
    },
    {
      "geometry": {
        "coordinates": [
          -0.573282,
          44.83795
        ],
        "type": "Point"
      },
      "properties": {
        "adresse": "36 Rue du Loup",
        "campaign_year": 2023,
        "commune": "Bordeaux",
        "direction_labels": [
          "Vers Rue Arnaud Miqueu"
        ],
        "num_cpev": "137",
        "point_id": "2023-137-PD1.1",
        "poste": "PD1.1",
        "zone_id": "161003000"
      },
      "type": "Feature"
    },
    {
      "geometry": {
        "coordinates": [
          -0.573282,
          44.83795
        ],
        "type": "Point"
      },
      "properties": {
        "adresse": "36 Rue du Loup",
        "campaign_year": 2023,
        "commune": "Bordeaux",
        "direction_labels": [
          "Vers Rue Saint Catherine"
        ],
        "num_cpev": "137",
        "point_id": "2023-137-PD1.2",
        "poste": "PD1.2",
        "zone_id": "161003000"
      },
      "type": "Feature"
    },
    {
      "geometry": {
        "coordinates": [
          -0.57226,
          44.843167
        ],
        "type": "Point"
      },
      "properties": {
        "adresse": "12 Rue Esprit des Lois",
        "campaign_year": 2023,
        "commune": "Bordeaux",
        "direction_labels": [
          "Vers Place de la Comédie"
        ],
        "num_cpev": "138",
        "point_id": "2023-138-P46,1",
        "poste": "P46,1",
        "zone_id": "161009000"
      },
      "type": "Feature"
    },
    {
      "geometry": {
        "coordinates": [
          -0.572228,
          44.843121
        ],
        "type": "Point"
      },
      "properties": {
        "adresse": "12 Rue Esprit des Lois",
        "campaign_year": 2023,
        "commune": "Bordeaux",
        "direction_labels": [
          "Vers les Quais"
        ],
        "num_cpev": "138",
        "point_id": "2023-138-P46.2",
        "poste": "P46.2",
        "zone_id": "161009000"
      },
      "type": "Feature"
    },
    {
      "geometry": {
        "coordinates": [
          -0.567135,
          44.829614
        ],
        "type": "Point"
      },
      "properties": {
        "adresse": "93 Cours de la Marne",
        "campaign_year": 2023,
        "commune": "Bordeaux",
        "direction_labels": [
          "Vers Rue Max Coyne"
        ],
        "num_cpev": "139",
        "point_id": "2023-139-PE1.1",
        "poste": "PE1.1",
        "zone_id": "162002000"
      },
      "type": "Feature"
    },
    {
      "geometry": {
        "coordinates": [
          -0.567114,
          44.829658
        ],
        "type": "Point"
      },
      "properties": {
        "adresse": "93 Cours de la Marne",
        "campaign_year": 2023,
        "commune": "Bordeaux",
        "direction_labels": [
          "Vers Impasse Saint Jean"
        ],
        "num_cpev": "139",
        "point_id": "2023-139-PE1.2",
        "poste": "PE1.2",
        "zone_id": "161015000"
      },
      "type": "Feature"
    },
    {
      "geometry": {
        "coordinates": [
          -0.587939,
          44.844106
        ],
        "type": "Point"
      },
      "properties": {
        "adresse": "40 Rue Capdeville",
        "campaign_year": 2023,
        "commune": "Bordeaux",
        "direction_labels": [
          "Vers Rue Goya"
        ],
        "num_cpev": "140",
        "point_id": "2023-140-P33.1",
        "poste": "P33.1",
        "zone_id": "163011000"
      },
      "type": "Feature"
    },
    {
      "geometry": {
        "coordinates": [
          -0.587982,
          44.844079
        ],
        "type": "Point"
      },
      "properties": {
        "adresse": "40 Rue Capdeville",
        "campaign_year": 2023,
        "commune": "Bordeaux",
        "direction_labels": [
          "Vers Rue Docteur Albert Barrad"
        ],
        "num_cpev": "140",
        "point_id": "2023-140-P33.2",
        "poste": "P33.2",
        "zone_id": "163011000"
      },
      "type": "Feature"
    },
    {
      "geometry": {
        "coordinates": [
          -0.560693,
          44.832501
        ],
        "type": "Point"
      },
      "properties": {
        "adresse": "12 Quai Sainte Croix",
        "campaign_year": 2023,
        "commune": "Bordeaux",
        "direction_labels": [
          "Vers Quinconces"
        ],
        "num_cpev": "141",
        "point_id": "2023-141-P12.1",
        "poste": "P12.1",
        "zone_id": "161015000"
      },
      "type": "Feature"
    },
    {
      "geometry": {
        "coordinates": [
          -0.560773,
          44.832783
        ],
        "type": "Point"
      },
      "properties": {
        "adresse": "12 Quai Sainte Croix",
        "campaign_year": 2023,
        "commune": "Bordeaux",
        "direction_labels": [
          "Vers Pont St Jean"
        ],
        "num_cpev": "141",
        "point_id": "2023-141-P12.2",
        "poste": "P12.2",
        "zone_id": "161015000"
      },
      "type": "Feature"
    },
    {
      "geometry": {
        "coordinates": [
          -0.592127,
          44.793967
        ],
        "type": "Point"
      },
      "properties": {
        "adresse": "Avenue de Thouars (piste cyclable)",
        "campaign_year": 2023,
        "commune": "Talence",
        "direction_labels": [
          "Vers avenue de la Marne"
        ],
        "num_cpev": "148",
        "point_id": "2023-148-PZ2.1",
        "poste": "PZ2.1",
        "zone_id": "168013000"
      },
      "type": "Feature"
    },
    {
      "geometry": {
        "coordinates": [
          -0.592096,
          44.79395
        ],
        "type": "Point"
      },
      "properties": {
        "adresse": "Avenue de Thouars (piste cyclable)",
        "campaign_year": 2023,
        "commune": "Talence",
        "direction_labels": [
          "Vers rue François Rabelais"
        ],
        "num_cpev": "148",
        "point_id": "2023-148-PZ2.2",
        "poste": "PZ2.2",
        "zone_id": "168013000"
      },
      "type": "Feature"
    },
    {
      "geometry": {
        "coordinates": [
          -0.588467,
          44.834059
        ],
        "type": "Point"
      },
      "properties": {
        "adresse": "29 Rue François de Sourdis",
        "campaign_year": 2023,
        "commune": "Bordeaux",
        "direction_labels": [
          "Vers rue Guillaume Leblanc"
        ],
        "num_cpev": "149",
        "point_id": "2023-149-P83.1",
        "poste": "P83.1",
        "zone_id": "162018000"
      },
      "type": "Feature"
    },
    {
      "geometry": {
        "coordinates": [
          -0.588405,
          44.834065
        ],
        "type": "Point"
      },
      "properties": {
        "adresse": "29 Rue François de Sourdis",
        "campaign_year": 2023,
        "commune": "Bordeaux",
        "direction_labels": [
          "Vers cours du Maréchal Juin"
        ],
        "num_cpev": "149",
        "point_id": "2023-149-P83.2",
        "poste": "P83.2",
        "zone_id": "162018000"
      },
      "type": "Feature"
    },
    {
      "geometry": {
        "coordinates": [
          -0.563096,
          44.848566
        ],
        "type": "Point"
      },
      "properties": {
        "adresse": "75 quai Queyries",
        "campaign_year": 2023,
        "commune": "Bordeaux",
        "direction_labels": [
          "Vers le Pont Chaban Delmas"
        ],
        "num_cpev": "15",
        "point_id": "2023-15-P62.1",
        "poste": "P62.1",
        "zone_id": "166002000"
      },
      "type": "Feature"
    },
    {
      "geometry": {
        "coordinates": [
          -0.563143,
          44.848584
        ],
        "type": "Point"
      },
      "properties": {
        "adresse": "75 quai Queyries",
        "campaign_year": 2023,
        "commune": "Bordeaux",
        "direction_labels": [
          "Vers le Pont de Pierre"
        ],
        "num_cpev": "15",
        "point_id": "2023-15-P62.2",
        "poste": "P62.2",
        "zone_id": "166002000"
      },
      "type": "Feature"
    },
    {
      "geometry": {
        "coordinates": [
          -0.53298,
          44.851245
        ],
        "type": "Point"
      },
      "properties": {
        "adresse": "100 cours Victor Hugo",
        "campaign_year": 2023,
        "commune": "Cenon",
        "direction_labels": [
          "Vers Boulevards de l'Entre-Deux-Mers"
        ],
        "num_cpev": "16",
        "point_id": "2023-16-P75.1",
        "poste": "P75.1",
        "zone_id": "166007000"
      },
      "type": "Feature"
    },
    {
      "geometry": {
        "coordinates": [
          -0.532933,
          44.851225
        ],
        "type": "Point"
      },
      "properties": {
        "adresse": "100 cours Victor Hugo",
        "campaign_year": 2023,
        "commune": "Cenon",
        "direction_labels": [
          "Vers Rue du Maréchal Foch"
        ],
        "num_cpev": "16",
        "point_id": "2023-16-P75.2",
        "poste": "P75.2",
        "zone_id": "166007000"
      },
      "type": "Feature"
    },
    {
      "geometry": {
        "coordinates": [
          -0.530521,
          44.838946
        ],
        "type": "Point"
      },
      "properties": {
        "adresse": "100 avenue Pasteur",
        "campaign_year": 2023,
        "commune": "Floirac",
        "direction_labels": [
          "Vers Avenue Pierre Curie"
        ],
        "num_cpev": "17",
        "point_id": "2023-17-P76.1",
        "poste": "P76.1",
        "zone_id": "166008000"
      },
      "type": "Feature"
    },
    {
      "geometry": {
        "coordinates": [
          -0.530371,
          44.83894
        ],
        "type": "Point"
      },
      "properties": {
        "adresse": "100 avenue Pasteur",
        "campaign_year": 2023,
        "commune": "Floirac",
        "direction_labels": [
          "Vers Boulevards de l'Entre-Deux-Mers"
        ],
        "num_cpev": "17",
        "point_id": "2023-17-P76.2",
        "poste": "P76.2",
        "zone_id": "166008000"
      },
      "type": "Feature"
    },
    {
      "geometry": {
        "coordinates": [
          -0.512039,
          44.819863
        ],
        "type": "Point"
      },
      "properties": {
        "adresse": "7 route de Latresne",
        "campaign_year": 2023,
        "commune": "Bouliac",
        "direction_labels": [
          "Vers Allée Sylvestre"
        ],
        "num_cpev": "18",
        "point_id": "2023-18-PE2.1",
        "poste": "PE2.1",
        "zone_id": "175013000"
      },
      "type": "Feature"
    },
    {
      "geometry": {
        "coordinates": [
          -0.512108,
          44.819849
        ],
        "type": "Point"
      },
      "properties": {
        "adresse": "7 route de Latresne",
        "campaign_year": 2023,
        "commune": "Bouliac",
        "direction_labels": [
          "Vers Chemin des Collines"
        ],
        "num_cpev": "18",
        "point_id": "2023-18-PE2.2",
        "poste": "PE2.2",
        "zone_id": "175013000"
      },
      "type": "Feature"
    },
    {
      "geometry": {
        "coordinates": [
          -0.497293,
          44.858862
        ],
        "type": "Point"
      },
      "properties": {
        "adresse": "83 avenue de l'Eglise Romane",
        "campaign_year": 2023,
        "commune": "Artigues",
        "direction_labels": [
          "Vers Allée des Aulnes"
        ],
        "num_cpev": "19",
        "point_id": "2023-19-PH1.1",
        "poste": "PH1.1",
        "zone_id": "175008000"
      },
      "type": "Feature"
    },
    {
      "geometry": {
        "coordinates": [
          -0.497242,
          44.858875
        ],
        "type": "Point"
      },
      "properties": {
        "adresse": "83 avenue de l'Eglise Romane",
        "campaign_year": 2023,
        "commune": "Artigues",
        "direction_labels": [
          "Vers Avenue Virecourt"
        ],
        "num_cpev": "19",
        "point_id": "2023-19-PH1.2",
        "poste": "PH1.2",
        "zone_id": "175008000"
      },
      "type": "Feature"
    },
    {
      "geometry": {
        "coordinates": [
          -0.592239,
          44.777394
        ],
        "type": "Point"
      },
      "properties": {
        "adresse": "121 Croix de Monjous",
        "campaign_year": 2023,
        "commune": "Gradignan",
        "direction_labels": [
          "Vers Rue de Bénédigues"
        ],
        "num_cpev": "21",
        "point_id": "2023-21-PE.1",
        "poste": "PE.1",
        "zone_id": "177002000"
      },
      "type": "Feature"
    },
    {
      "geometry": {
        "coordinates": [
          -0.612455,
          44.789182
        ],
        "type": "Point"
      },
      "properties": {
        "adresse": "11 rue Naudet",
        "campaign_year": 2023,
        "commune": "Gradignan",
        "direction_labels": [
          "Vers Rue Lucie Aubrac"
        ],
        "num_cpev": "22",
        "point_id": "2023-22-PH.1",
        "poste": "PH.1",
        "zone_id": "177008000"
      },
      "type": "Feature"
    },
    {
      "geometry": {
        "coordinates": [
          -0.612506,
          44.789172
        ],
        "type": "Point"
      },
      "properties": {
        "adresse": "11 rue Naudet",
        "campaign_year": 2023,
        "commune": "Gradignan",
        "direction_labels": [
          "Vers Rue des Tulipiers"
        ],
        "num_cpev": "22",
        "point_id": "2023-22-PH.2",
        "poste": "PH.2",
        "zone_id": "177008000"
      },
      "type": "Feature"
    },
    {
      "geometry": {
        "coordinates": [
          -0.655577,
          44.788305
        ],
        "type": "Point"
      },
      "properties": {
        "adresse": "130 avenue du Haut Lévêque",
        "campaign_year": 2023,
        "commune": "Pessac",
        "direction_labels": [
          "Vers Allée Henri Matisse"
        ],
        "num_cpev": "23",
        "point_id": "2023-23-PP2.1",
        "poste": "PP2.1",
        "zone_id": "178001000"
      },
      "type": "Feature"
    },
    {
      "geometry": {
        "coordinates": [
          -0.655668,
          44.788286
        ],
        "type": "Point"
      },
      "properties": {
        "adresse": "130 avenue du Haut Lévêque",
        "campaign_year": 2023,
        "commune": "Pessac",
        "direction_labels": [
          "Vers Avenue de Canéjan"
        ],
        "num_cpev": "23",
        "point_id": "2023-23-PP2.2",
        "poste": "PP2.2",
        "zone_id": "178002000"
      },
      "type": "Feature"
    },
    {
      "geometry": {
        "coordinates": [
          -0.599037,
          44.802578
        ],
        "type": "Point"
      },
      "properties": {
        "adresse": "14 avenue de l'Université",
        "campaign_year": 2023,
        "commune": "Talence",
        "direction_labels": [
          "Vers Avenue Roul"
        ],
        "num_cpev": "24",
        "point_id": "2023-24-PU2.1",
        "poste": "PU2.1",
        "zone_id": "168014000"
      },
      "type": "Feature"
    },
    {
      "geometry": {
        "coordinates": [
          -0.599115,
          44.802489
        ],
        "type": "Point"
      },
      "properties": {
        "adresse": "14 avenue de l'Université",
        "campaign_year": 2023,
        "commune": "Talence",
        "direction_labels": [
          "Vers Cours de la Libération"
        ],
        "num_cpev": "24",
        "point_id": "2023-24-PU2.2",
        "poste": "PU2.2",
        "zone_id": "168014000"
      },
      "type": "Feature"
    },
    {
      "geometry": {
        "coordinates": [
          -0.612223,
          44.803264
        ],
        "type": "Point"
      },
      "properties": {
        "adresse": "78 avenue du Dr Albert Schweitzer",
        "campaign_year": 2023,
        "commune": "Pessac",
        "direction_labels": [
          "Vers Avenue Fanning Lafontaine"
        ],
        "num_cpev": "25",
        "point_id": "2023-25-PJ.1",
        "poste": "PJ.1",
        "zone_id": "169006000"
      },
      "type": "Feature"
    },
    {
      "geometry": {
        "coordinates": [
          -0.612285,
          44.803329
        ],
        "type": "Point"
      },
      "properties": {
        "adresse": "78 avenue du Dr Albert Schweitzer",
        "campaign_year": 2023,
        "commune": "Pessac",
        "direction_labels": [
          "Vers Avenue Phenix Haut-Brion"
        ],
        "num_cpev": "25",
        "point_id": "2023-25-PJ.2",
        "poste": "PJ.2",
        "zone_id": "169006000"
      },
      "type": "Feature"
    },
    {
      "geometry": {
        "coordinates": [
          -0.599143,
          44.818478
        ],
        "type": "Point"
      },
      "properties": {
        "adresse": "12 rue de la Médoquine",
        "campaign_year": 2023,
        "commune": "Talence",
        "direction_labels": [
          "Vers Avenue Paul Bert"
        ],
        "num_cpev": "26",
        "point_id": "2023-26-PM.1",
        "poste": "PM.1",
        "zone_id": "168015000"
      },
      "type": "Feature"
    },
    {
      "geometry": {
        "coordinates": [
          -0.599143,
          44.818478
        ],
        "type": "Point"
      },
      "properties": {
        "adresse": "12 rue de la Médoquine",
        "campaign_year": 2023,
        "commune": "Talence",
        "direction_labels": [
          "Vers Cours Maréchal Gallieni"
        ],
        "num_cpev": "26",
        "point_id": "2023-26-PM.2",
        "poste": "PM.2",
        "zone_id": "168015000"
      },
      "type": "Feature"
    },
    {
      "geometry": {
        "coordinates": [
          -0.648021,
          44.832179
        ],
        "type": "Point"
      },
      "properties": {
        "adresse": "3 avenue de Belfort",
        "campaign_year": 2023,
        "commune": "Mérignac",
        "direction_labels": [
          "Vers Avenue de la Marne"
        ],
        "num_cpev": "27",
        "point_id": "2023-27-PR.1",
        "poste": "PR.1",
        "zone_id": "171001000"
      },
      "type": "Feature"
    },
    {
      "geometry": {
        "coordinates": [
          -0.648128,
          44.832194
        ],
        "type": "Point"
      },
      "properties": {
        "adresse": "3 avenue de Belfort",
        "campaign_year": 2023,
        "commune": "Mérignac",
        "direction_labels": [
          "Vers Avenue des Eyquems"
        ],
        "num_cpev": "27",
        "point_id": "2023-27-PR.2",
        "poste": "PR.2",
        "zone_id": "171001000"
      },
      "type": "Feature"
    },
    {
      "geometry": {
        "coordinates": [
          -0.573404,
          44.804765
        ],
        "type": "Point"
      },
      "properties": {
        "adresse": "16 chemin de Leysotte",
        "campaign_year": 2023,
        "commune": "Villenave d Ornon",
        "direction_labels": [
          "Vers Rue de la Vérité"
        ],
        "num_cpev": "28",
        "point_id": "2023-28-P80.1",
        "poste": "P80.1",
        "zone_id": "168004000"
      },
      "type": "Feature"
    },
    {
      "geometry": {
        "coordinates": [
          -0.573358,
          44.804742
        ],
        "type": "Point"
      },
      "properties": {
        "adresse": "16 chemin de Leysotte",
        "campaign_year": 2023,
        "commune": "Villenave d Ornon",
        "direction_labels": [
          "Vers Route de Toulouse"
        ],
        "num_cpev": "28",
        "point_id": "2023-28-P80.2",
        "poste": "P80.2",
        "zone_id": "168004000"
      },
      "type": "Feature"
    },
    {
      "geometry": {
        "coordinates": [
          -0.534616,
          44.876817
        ],
        "type": "Point"
      },
      "properties": {
        "adresse": "10 quai Numa Sensine",
        "campaign_year": 2023,
        "commune": "Lormont",
        "direction_labels": [
          "Vers Place Aristide Briand"
        ],
        "num_cpev": "29",
        "point_id": "2023-29-P73.1",
        "poste": "P73.1",
        "zone_id": "174014000"
      },
      "type": "Feature"
    },
    {
      "geometry": {
        "coordinates": [
          -0.534775,
          44.876859
        ],
        "type": "Point"
      },
      "properties": {
        "adresse": "10 quai Numa Sensine",
        "campaign_year": 2023,
        "commune": "Lormont",
        "direction_labels": [
          "Vers Quai de Brazza"
        ],
        "num_cpev": "29",
        "point_id": "2023-29-P73.2",
        "poste": "P73.2",
        "zone_id": "174014000"
      },
      "type": "Feature"
    },
    {
      "geometry": {
        "coordinates": [
          -0.538454,
          44.880232
        ],
        "type": "Point"
      },
      "properties": {
        "adresse": "Pont d'Aquitaine",
        "campaign_year": 2023,
        "commune": "Bordeaux",
        "direction_labels": [
          "Vers rive gauche_x000D_"
        ],
        "num_cpev": "30",
        "point_id": "2023-30-P8.1",
        "poste": "P8.1",
        "zone_id": "165007000"
      },
      "type": "Feature"
    },
    {
      "geometry": {
        "coordinates": [
          -0.538496,
          44.880114
        ],
        "type": "Point"
      },
      "properties": {
        "adresse": "Pont d'Aquitaine",
        "campaign_year": 2023,
        "commune": "Bordeaux",
        "direction_labels": [
          "Vers rive droite"
        ],
        "num_cpev": "30",
        "point_id": "2023-30-P8.2",
        "poste": "P8.2",
        "zone_id": "165007000"
      },
      "type": "Feature"
    },
    {
      "geometry": {
        "coordinates": [
          -0.562514,
          44.880516
        ],
        "type": "Point"
      },
      "properties": {
        "adresse": "Boulevard Aliénor d'Aquitaine",
        "campaign_year": 2023,
        "commune": "Bordeaux",
        "direction_labels": [
          "Vers échangeur 4"
        ],
        "num_cpev": "31",
        "point_id": "2023-31-P7.1",
        "poste": "P7.1",
        "zone_id": "165010000"
      },
      "type": "Feature"
    },
    {
      "geometry": {
        "coordinates": [
          -0.562814,
          44.880413
        ],
        "type": "Point"
      },
      "properties": {
        "adresse": "Boulevard Aliénor d'Aquitaine",
        "campaign_year": 2023,
        "commune": "Bordeaux",
        "direction_labels": [
          "Vers Place Latule_x000D_"
        ],
        "num_cpev": "31",
        "point_id": "2023-31-P7.2",
        "poste": "P7.2",
        "zone_id": "165013000"
      },
      "type": "Feature"
    },
    {
      "geometry": {
        "coordinates": [
          -0.55155,
          44.858268
        ],
        "type": "Point"
      },
      "properties": {
        "adresse": "Pont Chaban Delmas",
        "campaign_year": 2023,
        "commune": "Bordeaux",
        "direction_labels": [
          "Vers Quai Bacalan"
        ],
        "num_cpev": "32",
        "point_id": "2023-32-PI2.1",
        "poste": "PI2.1",
        "zone_id": "166002000"
      },
      "type": "Feature"
    },
    {
      "geometry": {
        "coordinates": [
          -0.551743,
          44.858169
        ],
        "type": "Point"
      },
      "properties": {
        "adresse": "Pont Chaban Delmas",
        "campaign_year": 2023,
        "commune": "Bordeaux",
        "direction_labels": [
          "Vers Quai de Brazza"
        ],
        "num_cpev": "32",
        "point_id": "2023-32-PI2.2",
        "poste": "PI2.2",
        "zone_id": "166002000"
      },
      "type": "Feature"
    },
    {
      "geometry": {
        "coordinates": [
          -0.564618,
          44.854855
        ],
        "type": "Point"
      },
      "properties": {
        "adresse": "100 quai des Chartrons",
        "campaign_year": 2023,
        "commune": "Bordeaux",
        "direction_labels": [
          "Vers Cours du Médoc"
        ],
        "num_cpev": "33",
        "point_id": "2023-33-P78.1",
        "poste": "P78.1",
        "zone_id": "164006000"
      },
      "type": "Feature"
    },
    {
      "geometry": {
        "coordinates": [
          -0.564698,
          44.854906
        ],
        "type": "Point"
      },
      "properties": {
        "adresse": "100 quai des Chartrons",
        "campaign_year": 2023,
        "commune": "Bordeaux",
        "direction_labels": [
          "Vers Cours de la Martinique"
        ],
        "num_cpev": "33",
        "point_id": "2023-33-P78.2",
        "poste": "P78.2",
        "zone_id": "164006000"
      },
      "type": "Feature"
    },
    {
      "geometry": {
        "coordinates": [
          -0.568577,
          44.860236
        ],
        "type": "Point"
      },
      "properties": {
        "adresse": "99 cours Saint-Louis",
        "campaign_year": 2023,
        "commune": "Bordeaux",
        "direction_labels": [
          "Vers Impasse Pierre-Paul Courau"
        ],
        "num_cpev": "34",
        "point_id": "2023-34-P40.1",
        "poste": "P40.1",
        "zone_id": "165002000"
      },
      "type": "Feature"
    },
    {
      "geometry": {
        "coordinates": [
          -0.568542,
          44.860219
        ],
        "type": "Point"
      },
      "properties": {
        "adresse": "99 cours Saint-Louis",
        "campaign_year": 2023,
        "commune": "Bordeaux",
        "direction_labels": [
          "Vers Cours du Médoc"
        ],
        "num_cpev": "34",
        "point_id": "2023-34-P40.2",
        "poste": "P40.2",
        "zone_id": "165002000"
      },
      "type": "Feature"
    },
    {
      "geometry": {
        "coordinates": [
          -0.575959,
          44.867106
        ],
        "type": "Point"
      },
      "properties": {
        "adresse": "Parc relais Ravezies Le Bouscat allée de Boutaut",
        "campaign_year": 2023,
        "commune": "Bordeaux",
        "direction_labels": [
          "Vers Place Ravezies"
        ],
        "num_cpev": "35",
        "point_id": "2023-35-PA1.1",
        "poste": "PA1.1",
        "zone_id": "173005000"
      },
      "type": "Feature"
    },
    {
      "geometry": {
        "coordinates": [
          -0.575691,
          44.867157
        ],
        "type": "Point"
      },
      "properties": {
        "adresse": "Parc relais Ravezies Le Bouscat allée de Boutaut",
        "campaign_year": 2023,
        "commune": "Bordeaux",
        "direction_labels": [
          "Vers Rue du Professeur Lannelongue"
        ],
        "num_cpev": "35",
        "point_id": "2023-35-PA1.2",
        "poste": "PA1.2",
        "zone_id": "165012000"
      },
      "type": "Feature"
    },
    {
      "geometry": {
        "coordinates": [
          -0.59947,
          44.865122
        ],
        "type": "Point"
      },
      "properties": {
        "adresse": "22 place Gambetta",
        "campaign_year": 2023,
        "commune": "Le Bouscat",
        "direction_labels": [
          "Vers Rue Emile Zola"
        ],
        "num_cpev": "36",
        "point_id": "2023-36-PN2.1",
        "poste": "PN2.1",
        "zone_id": "173007000"
      },
      "type": "Feature"
    },
    {
      "geometry": {
        "coordinates": [
          -0.59926,
          44.865145
        ],
        "type": "Point"
      },
      "properties": {
        "adresse": "22 place Gambetta",
        "campaign_year": 2023,
        "commune": "Le Bouscat",
        "direction_labels": [
          "Vers Avenue Léon Blum"
        ],
        "num_cpev": "36",
        "point_id": "2023-36-PN2.2",
        "poste": "PN2.2",
        "zone_id": "173007000"
      },
      "type": "Feature"
    },
    {
      "geometry": {
        "coordinates": [
          -0.624216,
          44.858472
        ],
        "type": "Point"
      },
      "properties": {
        "adresse": "359 avenue Maréchal De Lattre De Tassigny",
        "campaign_year": 2023,
        "commune": "Bordeaux",
        "direction_labels": [
          "Vers Rue Jude"
        ],
        "num_cpev": "37",
        "point_id": "2023-37-PU.1",
        "poste": "PU.1",
        "zone_id": "172021000"
      },
      "type": "Feature"
    },
    {
      "geometry": {
        "coordinates": [
          -0.624227,
          44.858369
        ],
        "type": "Point"
      },
      "properties": {
        "adresse": "359 avenue Maréchal De Lattre De Tassigny",
        "campaign_year": 2023,
        "commune": "Bordeaux",
        "direction_labels": [
          "Vers Rue Domion"
        ],
        "num_cpev": "37",
        "point_id": "2023-37-PU.2",
        "poste": "PU.2",
        "zone_id": "172021000"
      },
      "type": "Feature"
    },
    {
      "geometry": {
        "coordinates": [
          -0.618943,
          44.874672
        ],
        "type": "Point"
      },
      "properties": {
        "adresse": "427 route de Médoc",
        "campaign_year": 2023,
        "commune": "Bruges",
        "direction_labels": [
          "Vers Rue Louis Pasteur"
        ],
        "num_cpev": "38",
        "point_id": "2023-38-PV.1",
        "poste": "PV.1",
        "zone_id": "173012000"
      },
      "type": "Feature"
    },
    {
      "geometry": {
        "coordinates": [
          -0.619029,
          44.874604
        ],
        "type": "Point"
      },
      "properties": {
        "adresse": "427 route de Médoc",
        "campaign_year": 2023,
        "commune": "Bruges",
        "direction_labels": [
          "Vers Boulebards du Général Lyautey"
        ],
        "num_cpev": "38",
        "point_id": "2023-38-PV.2",
        "poste": "PV.2",
        "zone_id": "173004000"
      },
      "type": "Feature"
    },
    {
      "geometry": {
        "coordinates": [
          -0.593034,
          44.854546
        ],
        "type": "Point"
      },
      "properties": {
        "adresse": "16 boulevard Pierre 1er",
        "campaign_year": 2023,
        "commune": "Bordeaux",
        "direction_labels": [
          "Vers Avenue du Président Schuman"
        ],
        "num_cpev": "39",
        "point_id": "2023-39-P5.1",
        "poste": "P5.1",
        "zone_id": "173006000"
      },
      "type": "Feature"
    },
    {
      "geometry": {
        "coordinates": [
          -0.592885,
          44.854496
        ],
        "type": "Point"
      },
      "properties": {
        "adresse": "16 boulevard Pierre 1er",
        "campaign_year": 2023,
        "commune": "Bordeaux",
        "direction_labels": [
          "Vers Rue de Lisleferme"
        ],
        "num_cpev": "39",
        "point_id": "2023-39-P5.2",
        "poste": "P5.2",
        "zone_id": "163016000"
      },
      "type": "Feature"
    },
    {
      "geometry": {
        "coordinates": [
          -0.596359,
          44.847737
        ],
        "type": "Point"
      },
      "properties": {
        "adresse": "78 Cours Marc Nouaux",
        "campaign_year": 2023,
        "commune": "Bordeaux",
        "direction_labels": [
          "Vers Rue des Ormeux"
        ],
        "num_cpev": "40",
        "point_id": "2023-40-P32.1",
        "poste": "P32.1",
        "zone_id": "163005000"
      },
      "type": "Feature"
    },
    {
      "geometry": {
        "coordinates": [
          -0.596332,
          44.847798
        ],
        "type": "Point"
      },
      "properties": {
        "adresse": "78 Cours Marc Nouaux",
        "campaign_year": 2023,
        "commune": "Bordeaux",
        "direction_labels": [
          "Vers Boulevards Président Wilson"
        ],
        "num_cpev": "40",
        "point_id": "2023-40-P32.2",
        "poste": "P32.2",
        "zone_id": "163015000"
      },
      "type": "Feature"
    },
    {
      "geometry": {
        "coordinates": [
          -0.599126,
          44.831273
        ],
        "type": "Point"
      },
      "properties": {
        "adresse": "Rue Frantz Despagnet",
        "campaign_year": 2023,
        "commune": "Bordeaux",
        "direction_labels": [
          "Vers Boulevard Antoine Gautier_x000D_"
        ],
        "num_cpev": "41",
        "point_id": "2023-41-P26.1",
        "poste": "P26.1",
        "zone_id": "172001000"
      },
      "type": "Feature"
    },
    {
      "geometry": {
        "coordinates": [
          -0.599239,
          44.831291
        ],
        "type": "Point"
      },
      "properties": {
        "adresse": "Rue Frantz Despagnet",
        "campaign_year": 2023,
        "commune": "Bordeaux",
        "direction_labels": [
          "Vers Boulevard Pompidou_x000D_"
        ],
        "num_cpev": "41",
        "point_id": "2023-41-P26.2",
        "poste": "P26.2",
        "zone_id": "172001000"
      },
      "type": "Feature"
    },
    {
      "geometry": {
        "coordinates": [
          -0.591238,
          44.83905
        ],
        "type": "Point"
      },
      "properties": {
        "adresse": "Rue Brizard",
        "campaign_year": 2023,
        "commune": "Bordeaux",
        "direction_labels": [
          "Vers rue George Bonnac"
        ],
        "num_cpev": "42",
        "point_id": "2023-42-P29.1",
        "poste": "P29.1",
        "zone_id": "163003000"
      },
      "type": "Feature"
    },
    {
      "geometry": {
        "coordinates": [
          -0.591152,
          44.839068
        ],
        "type": "Point"
      },
      "properties": {
        "adresse": "Rue Brizard",
        "campaign_year": 2023,
        "commune": "Bordeaux",
        "direction_labels": [
          "Vers rue Judaïque_x000D_"
        ],
        "num_cpev": "42",
        "point_id": "2023-42-P29.2",
        "poste": "P29.2",
        "zone_id": "163003000"
      },
      "type": "Feature"
    },
    {
      "geometry": {
        "coordinates": [
          -0.589268,
          44.843417
        ],
        "type": "Point"
      },
      "properties": {
        "adresse": "69 rue Lachassaigne",
        "campaign_year": 2023,
        "commune": "Bordeaux",
        "direction_labels": [
          "Vers Rue Capdeville"
        ],
        "num_cpev": "43",
        "point_id": "2023-43-P34.1",
        "poste": "P34.1",
        "zone_id": "163001000"
      },
      "type": "Feature"
    },
    {
      "geometry": {
        "coordinates": [
          -0.589351,
          44.843423
        ],
        "type": "Point"
      },
      "properties": {
        "adresse": "69 rue Lachassaigne",
        "campaign_year": 2023,
        "commune": "Bordeaux",
        "direction_labels": [
          "Vers Rue Charles Monselet"
        ],
        "num_cpev": "43",
        "point_id": "2023-43-P34.2",
        "poste": "P34.2",
        "zone_id": "163001000"
      },
      "type": "Feature"
    },
    {
      "geometry": {
        "coordinates": [
          -0.578718,
          44.845654
        ],
        "type": "Point"
      },
      "properties": {
        "adresse": "9 rue Fondaudège",
        "campaign_year": 2023,
        "commune": "Bordeaux",
        "direction_labels": [
          "Vers Place Tourny"
        ],
        "num_cpev": "44",
        "point_id": "2023-44-P43.1",
        "poste": "P43.1",
        "zone_id": "163007000"
      },
      "type": "Feature"
    },
    {
      "geometry": {
        "coordinates": [
          -0.578675,
          44.845698
        ],
        "type": "Point"
      },
      "properties": {
        "adresse": "9 rue Fondaudège",
        "campaign_year": 2023,
        "commune": "Bordeaux",
        "direction_labels": [
          "Vers rue Victoire Américaine"
        ],
        "num_cpev": "44",
        "point_id": "2023-44-P43.2",
        "poste": "P43.2",
        "zone_id": "163006000"
      },
      "type": "Feature"
    },
    {
      "geometry": {
        "coordinates": [
          -0.576062,
          44.840544
        ],
        "type": "Point"
      },
      "properties": {
        "adresse": "Rue Castillon",
        "campaign_year": 2023,
        "commune": "Bordeaux",
        "direction_labels": [
          "Vers Rue Margaux_x000D_"
        ],
        "num_cpev": "45",
        "point_id": "2023-45-P48.1",
        "poste": "P48.1",
        "zone_id": "161002000"
      },
      "type": "Feature"
    },
    {
      "geometry": {
        "coordinates": [
          -0.576038,
          44.840546
        ],
        "type": "Point"
      },
      "properties": {
        "adresse": "Rue Castillon",
        "campaign_year": 2023,
        "commune": "Bordeaux",
        "direction_labels": [
          "Vers Rue de la Porte Dijeaux_x000D_"
        ],
        "num_cpev": "45",
        "point_id": "2023-45-P48.2",
        "poste": "P48.2",
        "zone_id": "161002000"
      },
      "type": "Feature"
    },
    {
      "geometry": {
        "coordinates": [
          -0.568076,
          44.837989
        ],
        "type": "Point"
      },
      "properties": {
        "adresse": "Cours Alsace Lorraine",
        "campaign_year": 2023,
        "commune": "Bordeaux",
        "direction_labels": [
          "Vers Rue Ausone"
        ],
        "num_cpev": "46",
        "point_id": "2023-46-P53.1",
        "poste": "P53.1",
        "zone_id": "161005000"
      },
      "type": "Feature"
    },
    {
      "geometry": {
        "coordinates": [
          -0.568072,
          44.837967
        ],
        "type": "Point"
      },
      "properties": {
        "adresse": "Cours Alsace Lorraine",
        "campaign_year": 2023,
        "commune": "Bordeaux",
        "direction_labels": [
          "Vers Quai Richelieu"
        ],
        "num_cpev": "46",
        "point_id": "2023-46-P53.2",
        "poste": "P53.2",
        "zone_id": "161005000"
      },
      "type": "Feature"
    },
    {
      "geometry": {
        "coordinates": [
          -0.564766,
          44.837176
        ],
        "type": "Point"
      },
      "properties": {
        "adresse": "Pont de Pierre",
        "campaign_year": 2023,
        "commune": "Bordeaux",
        "direction_labels": [
          "Vers Place Stalingrad"
        ],
        "num_cpev": "47",
        "point_id": "2023-47-P15.1",
        "poste": "P15.1",
        "zone_id": "161014000"
      },
      "type": "Feature"
    },
    {
      "geometry": {
        "coordinates": [
          -0.564884,
          44.837267
        ],
        "type": "Point"
      },
      "properties": {
        "adresse": "Pont de Pierre",
        "campaign_year": 2023,
        "commune": "Bordeaux",
        "direction_labels": [
          "Vers Porte de Bourgogne"
        ],
        "num_cpev": "47",
        "point_id": "2023-47-P15.2",
        "poste": "P15.2",
        "zone_id": "161005000"
      },
      "type": "Feature"
    },
    {
      "geometry": {
        "coordinates": [
          -0.574626,
          44.834215
        ],
        "type": "Point"
      },
      "properties": {
        "adresse": "32 cours Pasteur",
        "campaign_year": 2023,
        "commune": "Bordeaux",
        "direction_labels": [
          "Vers Place de la Victoire"
        ],
        "num_cpev": "48",
        "point_id": "2023-48-P51.1",
        "poste": "P51.1",
        "zone_id": "161010000"
      },
      "type": "Feature"
    },
    {
      "geometry": {
        "coordinates": [
          -0.574626,
          44.834215
        ],
        "type": "Point"
      },
      "properties": {
        "adresse": "32 cours Pasteur",
        "campaign_year": 2023,
        "commune": "Bordeaux",
        "direction_labels": [
          "Vers Cours Victor Hugo"
        ],
        "num_cpev": "48",
        "point_id": "2023-48-P51.2",
        "poste": "P51.2",
        "zone_id": "161010000"
      },
      "type": "Feature"
    },
    {
      "geometry": {
        "coordinates": [
          -0.580388,
          44.82903
        ],
        "type": "Point"
      },
      "properties": {
        "adresse": "Rue Lamourous",
        "campaign_year": 2023,
        "commune": "Bordeaux",
        "direction_labels": [
          "Vers Rue de Pessac_x000D_"
        ],
        "num_cpev": "49",
        "point_id": "2023-49-P58.1",
        "poste": "P58.1",
        "zone_id": "162012000"
      },
      "type": "Feature"
    },
    {
      "geometry": {
        "coordinates": [
          -0.580345,
          44.829044
        ],
        "type": "Point"
      },
      "properties": {
        "adresse": "Rue Lamourous",
        "campaign_year": 2023,
        "commune": "Bordeaux",
        "direction_labels": [
          "Vers Rue Saint Genès_x000D_"
        ],
        "num_cpev": "49",
        "point_id": "2023-49-P58.2",
        "poste": "P58.2",
        "zone_id": "162012000"
      },
      "type": "Feature"
    },
    {
      "geometry": {
        "coordinates": [
          -0.572249,
          44.829512
        ],
        "type": "Point"
      },
      "properties": {
        "adresse": "28 cours de la Somme",
        "campaign_year": 2023,
        "commune": "Bordeaux",
        "direction_labels": [
          "Vers Rue Mercière"
        ],
        "num_cpev": "50",
        "point_id": "2023-50-P22.1",
        "poste": "P22.1",
        "zone_id": "162010000"
      },
      "type": "Feature"
    },
    {
      "geometry": {
        "coordinates": [
          -0.572319,
          44.829518
        ],
        "type": "Point"
      },
      "properties": {
        "adresse": "28 cours de la Somme",
        "campaign_year": 2023,
        "commune": "Bordeaux",
        "direction_labels": [
          "Vers Rue Tiffonet"
        ],
        "num_cpev": "50",
        "point_id": "2023-50-P22.2",
        "poste": "P22.2",
        "zone_id": "162009000"
      },
      "type": "Feature"
    },
    {
      "geometry": {
        "coordinates": [
          -0.554981,
          44.831534
        ],
        "type": "Point"
      },
      "properties": {
        "adresse": "Pont Saint-Jean",
        "campaign_year": 2023,
        "commune": "Bordeaux",
        "direction_labels": [
          "Vers Rive Gauche"
        ],
        "num_cpev": "51",
        "point_id": "2023-51-P16.1",
        "poste": "P16.1",
        "zone_id": "161016000"
      },
      "type": "Feature"
    },
    {
      "geometry": {
        "coordinates": [
          -0.554847,
          44.831485
        ],
        "type": "Point"
      },
      "properties": {
        "adresse": "Pont Saint-Jean",
        "campaign_year": 2023,
        "commune": "Bordeaux",
        "direction_labels": [
          "Vers Rive Droite"
        ],
        "num_cpev": "51",
        "point_id": "2023-51-P16.2",
        "poste": "P16.2",
        "zone_id": "161016000"
      },
      "type": "Feature"
    },
    {
      "geometry": {
        "coordinates": [
          -0.559384,
          44.827795
        ],
        "type": "Point"
      },
      "properties": {
        "adresse": "Cours de la Marne",
        "campaign_year": 2023,
        "commune": "Bordeaux",
        "direction_labels": [
          "Vers Rue Saint Vincent de Paul"
        ],
        "num_cpev": "52",
        "point_id": "2023-52-P60.1",
        "poste": "P60.1",
        "zone_id": "161017000"
      },
      "type": "Feature"
    },
    {
      "geometry": {
        "coordinates": [
          -0.559336,
          44.827887
        ],
        "type": "Point"
      },
      "properties": {
        "adresse": "Cours de la Marne",
        "campaign_year": 2023,
        "commune": "Bordeaux",
        "direction_labels": [
          "Vers Rue Malbec_x000D_"
        ],
        "num_cpev": "52",
        "point_id": "2023-52-P60.2",
        "poste": "P60.2",
        "zone_id": "161016000"
      },
      "type": "Feature"
    },
    {
      "geometry": {
        "coordinates": [
          -0.582501,
          44.8221
        ],
        "type": "Point"
      },
      "properties": {
        "adresse": "202 rue Saint-Genès",
        "campaign_year": 2023,
        "commune": "Bordeaux",
        "direction_labels": [
          "Vers Rue Diaz"
        ],
        "num_cpev": "53",
        "point_id": "2023-53-P20.1",
        "poste": "P20.1",
        "zone_id": "162013000"
      },
      "type": "Feature"
    },
    {
      "geometry": {
        "coordinates": [
          -0.58257,
          44.822108
        ],
        "type": "Point"
      },
      "properties": {
        "adresse": "202 rue Saint-Genès",
        "campaign_year": 2023,
        "commune": "Bordeaux",
        "direction_labels": [
          "Vers Boulevards"
        ],
        "num_cpev": "53",
        "point_id": "2023-53-P20.2",
        "poste": "P20.2",
        "zone_id": "162013000"
      },
      "type": "Feature"
    },
    {
      "geometry": {
        "coordinates": [
          -0.5723,
          44.816581
        ],
        "type": "Point"
      },
      "properties": {
        "adresse": "Cours de la Somme SNCF",
        "campaign_year": 2023,
        "commune": "Bordeaux",
        "direction_labels": [
          "Barrière de Toulouse_x000D_"
        ],
        "num_cpev": "54",
        "point_id": "2023-54-P19.1",
        "poste": "P19.1",
        "zone_id": "162006000"
      },
      "type": "Feature"
    },
    {
      "geometry": {
        "coordinates": [
          -0.572247,
          44.816579
        ],
        "type": "Point"
      },
      "properties": {
        "adresse": "Cours de la Somme SNCF",
        "campaign_year": 2023,
        "commune": "Bordeaux",
        "direction_labels": [
          "Vers Rue Pierre de Ladime"
        ],
        "num_cpev": "54",
        "point_id": "2023-54-P19.2",
        "poste": "P19.2",
        "zone_id": "162006000"
      },
      "type": "Feature"
    },
    {
      "geometry": {
        "coordinates": [
          -0.554822,
          44.81376
        ],
        "type": "Point"
      },
      "properties": {
        "adresse": "399 boulevard J.J. Bosc",
        "campaign_year": 2023,
        "commune": "Bordeaux",
        "direction_labels": [
          "Vers rue Brascassat"
        ],
        "num_cpev": "55",
        "point_id": "2023-55-P1.1",
        "poste": "P1.1",
        "zone_id": "161019000"
      },
      "type": "Feature"
    },
    {
      "geometry": {
        "coordinates": [
          -0.554631,
          44.813726
        ],
        "type": "Point"
      },
      "properties": {
        "adresse": "399 boulevard J.J. Bosc",
        "campaign_year": 2023,
        "commune": "Bordeaux",
        "direction_labels": [
          "Vers rue des Terres Neuves"
        ],
        "num_cpev": "55",
        "point_id": "2023-55-P1.2",
        "poste": "P1.2",
        "zone_id": "167004000"
      },
      "type": "Feature"
    },
    {
      "geometry": {
        "coordinates": [
          -0.548825,
          44.814178
        ],
        "type": "Point"
      },
      "properties": {
        "adresse": "66 avenue Alexis Capelle",
        "campaign_year": 2023,
        "commune": "Bègles",
        "direction_labels": [
          "Vers Rue du Maréchal Foch"
        ],
        "num_cpev": "56",
        "point_id": "2023-56-PA.1",
        "poste": "PA.1",
        "zone_id": "167005000"
      },
      "type": "Feature"
    },
    {
      "geometry": {
        "coordinates": [
          -0.548763,
          44.814172
        ],
        "type": "Point"
      },
      "properties": {
        "adresse": "66 avenue Alexis Capelle",
        "campaign_year": 2023,
        "commune": "Bègles",
        "direction_labels": [
          "Vers Boulevards Jean-Jacques Bosc"
        ],
        "num_cpev": "56",
        "point_id": "2023-56-PA.2",
        "poste": "PA.2",
        "zone_id": "167005000"
      },
      "type": "Feature"
    },
    {
      "geometry": {
        "coordinates": [
          -0.693038,
          44.806992
        ],
        "type": "Point"
      },
      "properties": {
        "adresse": "Avenue de Courtillas / Chemin de la Princesse",
        "campaign_year": 2023,
        "commune": "Pessac",
        "direction_labels": [
          "Vers Avenue de Beutre"
        ],
        "num_cpev": "59",
        "point_id": "2023-59-PR2.1",
        "poste": "PR2.1",
        "zone_id": "179003000"
      },
      "type": "Feature"
    },
    {
      "geometry": {
        "coordinates": [
          -0.692984,
          44.806999
        ],
        "type": "Point"
      },
      "properties": {
        "adresse": "Avenue de Courtillas / Chemin de la Princesse",
        "campaign_year": 2023,
        "commune": "Pessac",
        "direction_labels": [
          "Vers Ruen Henri Yvonnet"
        ],
        "num_cpev": "59",
        "point_id": "2023-59-PR2.2",
        "poste": "PR2.2",
        "zone_id": "179003000"
      },
      "type": "Feature"
    },
    {
      "geometry": {
        "coordinates": [
          -0.509217,
          44.890335
        ],
        "type": "Point"
      },
      "properties": {
        "adresse": "41 avenue François Mitterrand",
        "campaign_year": 2023,
        "commune": "Carbon-Blanc",
        "direction_labels": [
          "Vers Avenue Jean Capdeboscq"
        ],
        "num_cpev": "6",
        "point_id": "2023-6-PM1.1",
        "poste": "PM1.1",
        "zone_id": "174005000"
      },
      "type": "Feature"
    },
    {
      "geometry": {
        "coordinates": [
          -0.509169,
          44.890327
        ],
        "type": "Point"
      },
      "properties": {
        "adresse": "41 avenue François Mitterrand",
        "campaign_year": 2023,
        "commune": "Carbon-Blanc",
        "direction_labels": [
          "Vers Avenue d'Aquitaine"
        ],
        "num_cpev": "6",
        "point_id": "2023-6-PM1.2",
        "poste": "PM1.2",
        "zone_id": "174005000"
      },
      "type": "Feature"
    },
    {
      "geometry": {
        "coordinates": [
          -0.541928,
          44.771333
        ],
        "type": "Point"
      },
      "properties": {
        "adresse": "59 avenue Maréchal de Lattre de Tassigny",
        "campaign_year": 2023,
        "commune": "Villenave d Ornon",
        "direction_labels": [
          "Vers Chemin de Galagon"
        ],
        "num_cpev": "61",
        "point_id": "2023-61-PT2.1",
        "poste": "PT2.1",
        "zone_id": "176001000"
      },
      "type": "Feature"
    },
    {
      "geometry": {
        "coordinates": [
          -0.541896,
          44.77136
        ],
        "type": "Point"
      },
      "properties": {
        "adresse": "59 avenue Maréchal de Lattre de Tassigny",
        "campaign_year": 2023,
        "commune": "Villenave d Ornon",
        "direction_labels": [
          "Vers Avenue du Général Castelnau"
        ],
        "num_cpev": "61",
        "point_id": "2023-61-PT2.2",
        "poste": "PT2.2",
        "zone_id": "176001000"
      },
      "type": "Feature"
    },
    {
      "geometry": {
        "coordinates": [
          -0.546492,
          44.87319
        ],
        "type": "Point"
      },
      "properties": {
        "adresse": "215 rue Achard",
        "campaign_year": 2023,
        "commune": "Bordeaux",
        "direction_labels": [
          "Vers Rue Charles Martin"
        ],
        "num_cpev": "62",
        "point_id": "2023-62-P9.1",
        "poste": "P9.1",
        "zone_id": "165005000"
      },
      "type": "Feature"
    },
    {
      "geometry": {
        "coordinates": [
          -0.546492,
          44.87319
        ],
        "type": "Point"
      },
      "properties": {
        "adresse": "215 rue Achard",
        "campaign_year": 2023,
        "commune": "Bordeaux",
        "direction_labels": [
          "Vers Rue Arago"
        ],
        "num_cpev": "62",
        "point_id": "2023-62-P9.2",
        "poste": "P9.2",
        "zone_id": "165005000"
      },
      "type": "Feature"
    },
    {
      "geometry": {
        "coordinates": [
          -0.612901,
          44.8818
        ],
        "type": "Point"
      },
      "properties": {
        "adresse": "87 avenue Charles de Gaulle",
        "campaign_year": 2023,
        "commune": "Bruges",
        "direction_labels": [
          "Vers Allée des Borges"
        ],
        "num_cpev": "63",
        "point_id": "2023-63-PO1.1",
        "poste": "PO1.1",
        "zone_id": "173010000"
      },
      "type": "Feature"
    },
    {
      "geometry": {
        "coordinates": [
          -0.612933,
          44.881811
        ],
        "type": "Point"
      },
      "properties": {
        "adresse": "87 avenue Charles de Gaulle",
        "campaign_year": 2023,
        "commune": "Bruges",
        "direction_labels": [
          "Vers Rue Théodore Bellemer"
        ],
        "num_cpev": "63",
        "point_id": "2023-63-PO1.2",
        "poste": "PO1.2",
        "zone_id": "173010000"
      },
      "type": "Feature"
    },
    {
      "geometry": {
        "coordinates": [
          -0.593788,
          44.854066
        ],
        "type": "Point"
      },
      "properties": {
        "adresse": "6 Avenue de la Libération de Gaulle",
        "campaign_year": 2023,
        "commune": "Le Bouscat",
        "direction_labels": [
          "Vers Avenue du Général Leclerc"
        ],
        "num_cpev": "64",
        "point_id": "2023-64-P69.1",
        "poste": "P69.1",
        "zone_id": "173001000"
      },
      "type": "Feature"
    },
    {
      "geometry": {
        "coordinates": [
          -0.593819,
          44.854039
        ],
        "type": "Point"
      },
      "properties": {
        "adresse": "6 Avenue de la Libération de Gaulle",
        "campaign_year": 2023,
        "commune": "Le Bouscat",
        "direction_labels": [
          "Vers Barrière du Médoc"
        ],
        "num_cpev": "64",
        "point_id": "2023-64-P69.2",
        "poste": "P69.2",
        "zone_id": "173001000"
      },
      "type": "Feature"
    },
    {
      "geometry": {
        "coordinates": [
          -0.599417,
          44.854767
        ],
        "type": "Point"
      },
      "properties": {
        "adresse": "109 avenue d'Eysines",
        "campaign_year": 2023,
        "commune": "Bordeaux",
        "direction_labels": [
          "Vers Rue Jacques Gerald"
        ],
        "num_cpev": "65",
        "point_id": "2023-65-P35.1",
        "poste": "P35.1",
        "zone_id": "173001000"
      },
      "type": "Feature"
    },
    {
      "geometry": {
        "coordinates": [
          -0.599452,
          44.854721
        ],
        "type": "Point"
      },
      "properties": {
        "adresse": "109 avenue d'Eysines",
        "campaign_year": 2023,
        "commune": "Bordeaux",
        "direction_labels": [
          "Vers Rue du Bocage"
        ],
        "num_cpev": "65",
        "point_id": "2023-65-P35.2",
        "poste": "P35.2",
        "zone_id": "172012000"
      },
      "type": "Feature"
    },
    {
      "geometry": {
        "coordinates": [
          -0.615561,
          44.852361
        ],
        "type": "Point"
      },
      "properties": {
        "adresse": "130 avenue Louis Barthou",
        "campaign_year": 2023,
        "commune": "Bordeaux",
        "direction_labels": [
          "Vers Rue Guenard"
        ],
        "num_cpev": "66",
        "point_id": "2023-66-PO2.1",
        "poste": "PO2.1",
        "zone_id": "172015000"
      },
      "type": "Feature"
    },
    {
      "geometry": {
        "coordinates": [
          -0.615566,
          44.852334
        ],
        "type": "Point"
      },
      "properties": {
        "adresse": "130 avenue Louis Barthou",
        "campaign_year": 2023,
        "commune": "Bordeaux",
        "direction_labels": [
          "Vers Avenue Saint-Amand"
        ],
        "num_cpev": "66",
        "point_id": "2023-66-PO2.2",
        "poste": "PO2.2",
        "zone_id": "172015000"
      },
      "type": "Feature"
    },
    {
      "geometry": {
        "coordinates": [
          -0.650362,
          44.841384
        ],
        "type": "Point"
      },
      "properties": {
        "adresse": "Avenue de l'Yser",
        "campaign_year": 2023,
        "commune": "Mérignac",
        "direction_labels": [
          "Vers Rue Frédéric Joliot Curie"
        ],
        "num_cpev": "67",
        "point_id": "2023-67-PS.1",
        "poste": "PS.1",
        "zone_id": "171010000"
      },
      "type": "Feature"
    },
    {
      "geometry": {
        "coordinates": [
          -0.650327,
          44.841335
        ],
        "type": "Point"
      },
      "properties": {
        "adresse": "Avenue de l'Yser",
        "campaign_year": 2023,
        "commune": "Mérignac",
        "direction_labels": [
          "Vers Rue Beaumarchais"
        ],
        "num_cpev": "67",
        "point_id": "2023-67-PS.2",
        "poste": "PS.2",
        "zone_id": "171010000"
      },
      "type": "Feature"
    },
    {
      "geometry": {
        "coordinates": [
          -0.604941,
          44.83024
        ],
        "type": "Point"
      },
      "properties": {
        "adresse": "21 rue de la Pelouse de Douet",
        "campaign_year": 2023,
        "commune": "Bordeaux",
        "direction_labels": [
          "Vers Rue Laurent Sens"
        ],
        "num_cpev": "68",
        "point_id": "2023-68-PO.1",
        "poste": "PO.1",
        "zone_id": "172005000"
      },
      "type": "Feature"
    },
    {
      "geometry": {
        "coordinates": [
          -0.604925,
          44.80095
        ],
        "type": "Point"
      },
      "properties": {
        "adresse": "21 rue de la Pelouse de Douet",
        "campaign_year": 2023,
        "commune": "Bordeaux",
        "direction_labels": [
          "Vers Place Amélie Raba-Léon"
        ],
        "num_cpev": "68",
        "point_id": "2023-68-PO.2",
        "poste": "PO.2",
        "zone_id": "168014000"
      },
      "type": "Feature"
    },
    {
      "geometry": {
        "coordinates": [
          -0.630266,
          44.806302
        ],
        "type": "Point"
      },
      "properties": {
        "adresse": "10 avenue Jean jaurès",
        "campaign_year": 2023,
        "commune": "Pessac",
        "direction_labels": [
          "Vers Rue Herman Lemoine"
        ],
        "num_cpev": "69",
        "point_id": "2023-69-PK.1",
        "poste": "PK.1",
        "zone_id": "169013000"
      },
      "type": "Feature"
    },
    {
      "geometry": {
        "coordinates": [
          -0.6630255,
          44.806256
        ],
        "type": "Point"
      },
      "properties": {
        "adresse": "10 avenue Jean jaurès",
        "campaign_year": 2023,
        "commune": "Pessac",
        "direction_labels": [
          "Vers Rue Nelson Mandela"
        ],
        "num_cpev": "69",
        "point_id": "2023-69-PK.2",
        "poste": "PK.2",
        "zone_id": "169016000"
      },
      "type": "Feature"
    },
    {
      "geometry": {
        "coordinates": [
          -0.590712,
          44.788865
        ],
        "type": "Point"
      },
      "properties": {
        "adresse": "240 Avenue de Thouars",
        "campaign_year": 2023,
        "commune": "Talence",
        "direction_labels": [
          "Vers Chemins des Maures"
        ],
        "num_cpev": "70",
        "point_id": "2023-70-PF.1",
        "poste": "PF.1",
        "zone_id": "168007000"
      },
      "type": "Feature"
    },
    {
      "geometry": {
        "coordinates": [
          -0.590666,
          44.788865
        ],
        "type": "Point"
      },
      "properties": {
        "adresse": "240 Avenue de Thouars",
        "campaign_year": 2023,
        "commune": "Talence",
        "direction_labels": [
          "Vers Rue Alfred de Musset"
        ],
        "num_cpev": "70",
        "point_id": "2023-70-PF.2",
        "poste": "PF.2",
        "zone_id": "168007000"
      },
      "type": "Feature"
    },
    {
      "geometry": {
        "coordinates": [
          -0.551538,
          44.807769
        ],
        "type": "Point"
      },
      "properties": {
        "adresse": "1 rue Ambroise Croizat",
        "campaign_year": 2023,
        "commune": "Bègles",
        "direction_labels": [
          "Vers Rue Léon Gambetta"
        ],
        "num_cpev": "71",
        "point_id": "2023-71-PB.1",
        "poste": "PB.1",
        "zone_id": "167004000"
      },
      "type": "Feature"
    },
    {
      "geometry": {
        "coordinates": [
          -0.551495,
          44.807783
        ],
        "type": "Point"
      },
      "properties": {
        "adresse": "1 rue Ambroise Croizat",
        "campaign_year": 2023,
        "commune": "Bègles",
        "direction_labels": [
          "Vers Rue Général Kléber"
        ],
        "num_cpev": "71",
        "point_id": "2023-71-PB.2",
        "poste": "PB.2",
        "zone_id": "167004000"
      },
      "type": "Feature"
    },
    {
      "geometry": {
        "coordinates": [
          -0.578603,
          44.8362
        ],
        "type": "Point"
      },
      "properties": {
        "adresse": "18 rue Maréchal Joffre",
        "campaign_year": 2023,
        "commune": "Bordeaux",
        "direction_labels": [
          "Vers Rue du Hâ"
        ],
        "num_cpev": "72",
        "point_id": "2023-72-P52.1",
        "poste": "P52.1",
        "zone_id": "161006000"
      },
      "type": "Feature"
    },
    {
      "geometry": {
        "coordinates": [
          -0.578552,
          44.836204
        ],
        "type": "Point"
      },
      "properties": {
        "adresse": "18 rue Maréchal Joffre",
        "campaign_year": 2023,
        "commune": "Bordeaux",
        "direction_labels": [
          "Vers Place Pey Berland"
        ],
        "num_cpev": "72",
        "point_id": "2023-72-P52.2",
        "poste": "P52.2",
        "zone_id": "161006000"
      },
      "type": "Feature"
    },
    {
      "geometry": {
        "coordinates": [
          -0.568415,
          44.835695
        ],
        "type": "Point"
      },
      "properties": {
        "adresse": "Cours Victor Hugo",
        "campaign_year": 2023,
        "commune": "Bordeaux",
        "direction_labels": [
          "Vers Cours Pasteur"
        ],
        "num_cpev": "73",
        "point_id": "2023-73-P54.1",
        "poste": "P54.1",
        "zone_id": "161005000"
      },
      "type": "Feature"
    },
    {
      "geometry": {
        "coordinates": [
          -0.568361,
          44.835596
        ],
        "type": "Point"
      },
      "properties": {
        "adresse": "Cours Victor Hugo",
        "campaign_year": 2023,
        "commune": "Bordeaux",
        "direction_labels": [
          "Vers les Quais"
        ],
        "num_cpev": "73",
        "point_id": "2023-73-P54.2",
        "poste": "P54.2",
        "zone_id": "161014000"
      },
      "type": "Feature"
    },
    {
      "geometry": {
        "coordinates": [
          -0.57807,
          44.831339
        ],
        "type": "Point"
      },
      "properties": {
        "adresse": "20 Rue Costedoat",
        "campaign_year": 2023,
        "commune": "Bordeaux",
        "direction_labels": [
          "Vers Rue Saint-Genès"
        ],
        "num_cpev": "74",
        "point_id": "2023-74-P55.1",
        "poste": "P55.1",
        "zone_id": "162012000"
      },
      "type": "Feature"
    },
    {
      "geometry": {
        "coordinates": [
          -0.57807,
          44.831339
        ],
        "type": "Point"
      },
      "properties": {
        "adresse": "20 Rue Costedoat",
        "campaign_year": 2023,
        "commune": "Bordeaux",
        "direction_labels": [
          "Vers Cours Aristide Briand"
        ],
        "num_cpev": "74",
        "point_id": "2023-74-P55.2",
        "poste": "P55.2",
        "zone_id": "162012000"
      },
      "type": "Feature"
    },
    {
      "geometry": {
        "coordinates": [
          -0.568807,
          44.827853
        ],
        "type": "Point"
      },
      "properties": {
        "adresse": "Cours de l'Yser",
        "campaign_year": 2023,
        "commune": "Bordeaux",
        "direction_labels": [
          "Vers Rue Lafontaine"
        ],
        "num_cpev": "75",
        "point_id": "2023-75-P23.1",
        "poste": "P23.1",
        "zone_id": "162002000"
      },
      "type": "Feature"
    },
    {
      "geometry": {
        "coordinates": [
          -0.568866,
          44.827868
        ],
        "type": "Point"
      },
      "properties": {
        "adresse": "Cours de l'Yser",
        "campaign_year": 2023,
        "commune": "Bordeaux",
        "direction_labels": [
          "Vers Cours de la Marne"
        ],
        "num_cpev": "75",
        "point_id": "2023-75-P23.2",
        "poste": "P23.2",
        "zone_id": "162002000"
      },
      "type": "Feature"
    },
    {
      "geometry": {
        "coordinates": [
          -0.548716,
          44.817857
        ],
        "type": "Point"
      },
      "properties": {
        "adresse": "Rue Léon Paillere",
        "campaign_year": 2023,
        "commune": "Bordeaux",
        "direction_labels": [
          "Vers Rue Carles Vernet"
        ],
        "num_cpev": "76",
        "point_id": "2023-76-P14.1",
        "poste": "P14.1",
        "zone_id": "161018000"
      },
      "type": "Feature"
    },
    {
      "geometry": {
        "coordinates": [
          -0.548791,
          44.817845
        ],
        "type": "Point"
      },
      "properties": {
        "adresse": "Rue Léon Paillere",
        "campaign_year": 2023,
        "commune": "Bordeaux",
        "direction_labels": [
          "Vers Boulevards"
        ],
        "num_cpev": "76",
        "point_id": "2023-76-P14.2",
        "poste": "P14.2",
        "zone_id": "161019000"
      },
      "type": "Feature"
    },
    {
      "geometry": {
        "coordinates": [
          -0.565901,
          44.81652
        ],
        "type": "Point"
      },
      "properties": {
        "adresse": "Rue de Bègles",
        "campaign_year": 2023,
        "commune": "Bordeaux",
        "direction_labels": [
          "Vers Rue Pelleport"
        ],
        "num_cpev": "77",
        "point_id": "2023-77-P59.1",
        "poste": "P59.1",
        "zone_id": "162005000"
      },
      "type": "Feature"
    },
    {
      "geometry": {
        "coordinates": [
          -0.565821,
          44.816536
        ],
        "type": "Point"
      },
      "properties": {
        "adresse": "Rue de Bègles",
        "campaign_year": 2023,
        "commune": "Bordeaux",
        "direction_labels": [
          "Vers Boulevard Albert 1er"
        ],
        "num_cpev": "77",
        "point_id": "2023-77-P59.2",
        "poste": "P59.2",
        "zone_id": "161021000"
      },
      "type": "Feature"
    },
    {
      "geometry": {
        "coordinates": [
          -0.572316,
          44.814629
        ],
        "type": "Point"
      },
      "properties": {
        "adresse": "4 Boulevard Albert 1er ",
        "campaign_year": 2023,
        "commune": "Bordeaux",
        "direction_labels": [
          "Vers Rue Louis Cabié"
        ],
        "num_cpev": "78",
        "point_id": "2023-78-P2.1",
        "poste": "P2.1",
        "zone_id": "162005000"
      },
      "type": "Feature"
    },
    {
      "geometry": {
        "coordinates": [
          -0.572295,
          44.814766
        ],
        "type": "Point"
      },
      "properties": {
        "adresse": "4 Boulevard Albert 1er ",
        "campaign_year": 2023,
        "commune": "Bordeaux",
        "direction_labels": [
          "Vers Cours de la Somme"
        ],
        "num_cpev": "78",
        "point_id": "2023-78-P2.2",
        "poste": "P2.2",
        "zone_id": "162005000"
      },
      "type": "Feature"
    },
    {
      "geometry": {
        "coordinates": [
          -0.57983,
          44.823431
        ],
        "type": "Point"
      },
      "properties": {
        "adresse": "Cours de l'Argonne",
        "campaign_year": 2023,
        "commune": "Bordeaux",
        "direction_labels": [
          "Vers Rue Duluc"
        ],
        "num_cpev": "79",
        "point_id": "2023-79-P21.1",
        "poste": "P21.1",
        "zone_id": "162013000"
      },
      "type": "Feature"
    },
    {
      "geometry": {
        "coordinates": [
          -0.579768,
          44.823397
        ],
        "type": "Point"
      },
      "properties": {
        "adresse": "Cours de l'Argonne",
        "campaign_year": 2023,
        "commune": "Bordeaux",
        "direction_labels": [
          "Vers Rue Paul Dénucé"
        ],
        "num_cpev": "79",
        "point_id": "2023-79-P21.2",
        "poste": "P21.2",
        "zone_id": "162008000"
      },
      "type": "Feature"
    },
    {
      "geometry": {
        "coordinates": [
          -0.589711,
          44.825179
        ],
        "type": "Point"
      },
      "properties": {
        "adresse": "Cours Marechal Gallieni",
        "campaign_year": 2023,
        "commune": "Talence",
        "direction_labels": [
          "Vers Rue François Copée"
        ],
        "num_cpev": "80",
        "point_id": "2023-80-P68.1",
        "poste": "P68.1",
        "zone_id": "172002000"
      },
      "type": "Feature"
    },
    {
      "geometry": {
        "coordinates": [
          -0.58966,
          44.825128
        ],
        "type": "Point"
      },
      "properties": {
        "adresse": "Cours Marechal Gallieni",
        "campaign_year": 2023,
        "commune": "Talence",
        "direction_labels": [
          "Vers Barrière de Pessac"
        ],
        "num_cpev": "80",
        "point_id": "2023-80-P68.2",
        "poste": "P68.2",
        "zone_id": "168008000"
      },
      "type": "Feature"
    },
    {
      "geometry": {
        "coordinates": [
          -0.588021,
          44.826184
        ],
        "type": "Point"
      },
      "properties": {
        "adresse": "Rue de Pessac",
        "campaign_year": 2023,
        "commune": "Bordeaux",
        "direction_labels": [
          "Vers Rue Commandant Charcot"
        ],
        "num_cpev": "81",
        "point_id": "2023-81-P24.1",
        "poste": "P24.1",
        "zone_id": "162014000"
      },
      "type": "Feature"
    },
    {
      "geometry": {
        "coordinates": [
          -0.587965,
          44.82615
        ],
        "type": "Point"
      },
      "properties": {
        "adresse": "Rue de Pessac",
        "campaign_year": 2023,
        "commune": "Bordeaux",
        "direction_labels": [
          "Vers Rue de Budos"
        ],
        "num_cpev": "81",
        "point_id": "2023-81-P24.2",
        "poste": "P24.2",
        "zone_id": "162013000"
      },
      "type": "Feature"
    },
    {
      "geometry": {
        "coordinates": [
          -0.592918,
          44.837661
        ],
        "type": "Point"
      },
      "properties": {
        "adresse": "Rue Georges Bonnac",
        "campaign_year": 2023,
        "commune": "Bordeaux",
        "direction_labels": [
          "Vers Rue Pierre"
        ],
        "num_cpev": "82",
        "point_id": "2023-82-P28.1",
        "poste": "P28.1",
        "zone_id": "162015000"
      },
      "type": "Feature"
    },
    {
      "geometry": {
        "coordinates": [
          -0.592959,
          44.837764
        ],
        "type": "Point"
      },
      "properties": {
        "adresse": "Rue Georges Bonnac",
        "campaign_year": 2023,
        "commune": "Bordeaux",
        "direction_labels": [
          "Vers Boulevards"
        ],
        "num_cpev": "82",
        "point_id": "2023-82-P28.2",
        "poste": "P28.2",
        "zone_id": "163003000"
      },
      "type": "Feature"
    },
    {
      "geometry": {
        "coordinates": [
          -0.598553,
          44.841522
        ],
        "type": "Point"
      },
      "properties": {
        "adresse": "230 Rue George Mandel",
        "campaign_year": 2023,
        "commune": "Bordeaux",
        "direction_labels": [
          "Vers Boulevard Président Wilson"
        ],
        "num_cpev": "83",
        "point_id": "2023-83-PC1.1",
        "poste": "PC1.1",
        "zone_id": "163004000"
      },
      "type": "Feature"
    },
    {
      "geometry": {
        "coordinates": [
          -0.598553,
          44.841522
        ],
        "type": "Point"
      },
      "properties": {
        "adresse": "230 Rue George Mandel",
        "campaign_year": 2023,
        "commune": "Bordeaux",
        "direction_labels": [
          "Vers Rue Meret"
        ],
        "num_cpev": "83",
        "point_id": "2023-83-PC1.2",
        "poste": "PC1.2",
        "zone_id": "163004000"
      },
      "type": "Feature"
    },
    {
      "geometry": {
        "coordinates": [
          -0.590818,
          44.842107
        ],
        "type": "Point"
      },
      "properties": {
        "adresse": "Rue Jean Soula",
        "campaign_year": 2023,
        "commune": "Bordeaux",
        "direction_labels": [
          "Vers Rue Lachassaigne"
        ],
        "num_cpev": "84",
        "point_id": "2023-84-P82.1",
        "poste": "P82.1",
        "zone_id": "163002000"
      },
      "type": "Feature"
    },
    {
      "geometry": {
        "coordinates": [
          -0.590743,
          44.842143
        ],
        "type": "Point"
      },
      "properties": {
        "adresse": "Rue Jean Soula",
        "campaign_year": 2023,
        "commune": "Bordeaux",
        "direction_labels": [
          "Vers Rue Georges Mandel"
        ],
        "num_cpev": "84",
        "point_id": "2023-84-P82.2",
        "poste": "P82.2",
        "zone_id": "163002000"
      },
      "type": "Feature"
    },
    {
      "geometry": {
        "coordinates": [
          -0.580935,
          44.840387
        ],
        "type": "Point"
      },
      "properties": {
        "adresse": "Rue du Dr Charles Nancel Penard",
        "campaign_year": 2023,
        "commune": "Bordeaux",
        "direction_labels": [
          "Vers Cours d'Albret"
        ],
        "num_cpev": "85",
        "point_id": "2023-85-P49.1",
        "poste": "P49.1",
        "zone_id": "161007000"
      },
      "type": "Feature"
    },
    {
      "geometry": {
        "coordinates": [
          -0.580812,
          44.840341
        ],
        "type": "Point"
      },
      "properties": {
        "adresse": "Rue du Dr Charles Nancel Penard",
        "campaign_year": 2023,
        "commune": "Bordeaux",
        "direction_labels": [
          "Vers Place Gambetta"
        ],
        "num_cpev": "85",
        "point_id": "2023-85-P49.2",
        "poste": "P49.2",
        "zone_id": "161007000"
      },
      "type": "Feature"
    },
    {
      "geometry": {
        "coordinates": [
          -0.575343,
          44.843822
        ],
        "type": "Point"
      },
      "properties": {
        "adresse": "Allées de Tourny",
        "campaign_year": 2023,
        "commune": "Bordeaux",
        "direction_labels": [
          "Vers Place Tourny"
        ],
        "num_cpev": "86",
        "point_id": "2023-86-P45.1",
        "poste": "P45.1",
        "zone_id": "161008000"
      },
      "type": "Feature"
    },
    {
      "geometry": {
        "coordinates": [
          -0.575794,
          44.84356
        ],
        "type": "Point"
      },
      "properties": {
        "adresse": "Allées de Tourny",
        "campaign_year": 2023,
        "commune": "Bordeaux",
        "direction_labels": [
          "Vers Place de la Comédie"
        ],
        "num_cpev": "86",
        "point_id": "2023-86-P45.2",
        "poste": "P45.2",
        "zone_id": "161008000"
      },
      "type": "Feature"
    },
    {
      "geometry": {
        "coordinates": [
          -0.571076,
          44.847531
        ],
        "type": "Point"
      },
      "properties": {
        "adresse": "10 Quai Louis XVIII",
        "campaign_year": 2023,
        "commune": "Bordeaux",
        "direction_labels": [
          "Vers Allées de Chartres"
        ],
        "num_cpev": "87",
        "point_id": "2023-87-P11.1",
        "poste": "P11.1",
        "zone_id": "161009000"
      },
      "type": "Feature"
    },
    {
      "geometry": {
        "coordinates": [
          -0.570658,
          44.84752
        ],
        "type": "Point"
      },
      "properties": {
        "adresse": "10 Quai Louis XVIII",
        "campaign_year": 2023,
        "commune": "Bordeaux",
        "direction_labels": [
          "Vers Pont Chaban"
        ],
        "num_cpev": "87",
        "point_id": "2023-87-P11.2",
        "poste": "P11.2",
        "zone_id": "164002000"
      },
      "type": "Feature"
    },
    {
      "geometry": {
        "coordinates": [
          -0.574316,
          44.85361
        ],
        "type": "Point"
      },
      "properties": {
        "adresse": "Cours Evrard de Fayolle",
        "campaign_year": 2023,
        "commune": "Bordeaux",
        "direction_labels": [
          "Vers Rue Cantemerle"
        ],
        "num_cpev": "88",
        "point_id": "2023-88-P41.1",
        "poste": "P41.1",
        "zone_id": "164003000"
      },
      "type": "Feature"
    },
    {
      "geometry": {
        "coordinates": [
          -0.574249,
          44.853611
        ],
        "type": "Point"
      },
      "properties": {
        "adresse": "Cours Evrard de Fayolle",
        "campaign_year": 2023,
        "commune": "Bordeaux",
        "direction_labels": [
          "Vers Rue du Jardin Public"
        ],
        "num_cpev": "88",
        "point_id": "2023-88-P41.2",
        "poste": "P41.2",
        "zone_id": "164003000"
      },
      "type": "Feature"
    },
    {
      "geometry": {
        "coordinates": [
          -0.569921,
          44.868471
        ],
        "type": "Point"
      },
      "properties": {
        "adresse": "100 Boulevard A. Daney",
        "campaign_year": 2023,
        "commune": "Bordeaux",
        "direction_labels": [
          "Vers Rue du Professeur Lannelongue"
        ],
        "num_cpev": "89",
        "point_id": "2023-89-P6.1",
        "poste": "P6.1",
        "zone_id": "165003000"
      },
      "type": "Feature"
    },
    {
      "geometry": {
        "coordinates": [
          -0.569814,
          44.868391
        ],
        "type": "Point"
      },
      "properties": {
        "adresse": "100 Boulevard A. Daney",
        "campaign_year": 2023,
        "commune": "Bordeaux",
        "direction_labels": [
          "Vers Rue Lucien Faure"
        ],
        "num_cpev": "89",
        "point_id": "2023-89-P6.2",
        "poste": "P6.2",
        "zone_id": "165003000"
      },
      "type": "Feature"
    },
    {
      "geometry": {
        "coordinates": [
          -0.628774,
          44.881276
        ],
        "type": "Point"
      },
      "properties": {
        "adresse": "76 avenue du Médoc",
        "campaign_year": 2023,
        "commune": "Eysines",
        "direction_labels": [
          "Vers Rue du Couvent"
        ],
        "num_cpev": "90",
        "point_id": "2023-90-PL2.1",
        "poste": "PL2.1",
        "zone_id": "173012000"
      },
      "type": "Feature"
    },
    {
      "geometry": {
        "coordinates": [
          -0.628846,
          44.881211
        ],
        "type": "Point"
      },
      "properties": {
        "adresse": "76 avenue du Médoc",
        "campaign_year": 2023,
        "commune": "Eysines",
        "direction_labels": [
          "Vers Echangeur 7"
        ],
        "num_cpev": "90",
        "point_id": "2023-90-PL2.2",
        "poste": "PL2.2",
        "zone_id": "180008000"
      },
      "type": "Feature"
    },
    {
      "geometry": {
        "coordinates": [
          -0.503401,
          44.813724
        ],
        "type": "Point"
      },
      "properties": {
        "adresse": "3 rue de l'Esplanade",
        "campaign_year": 2023,
        "commune": "Bouliac",
        "direction_labels": [
          "Vers Cote du Piquet"
        ],
        "num_cpev": "92",
        "point_id": "2023-92-PF2.1",
        "poste": "PF2.1",
        "zone_id": "175013000"
      },
      "type": "Feature"
    },
    {
      "geometry": {
        "coordinates": [
          -0.503354,
          44.813731
        ],
        "type": "Point"
      },
      "properties": {
        "adresse": "3 rue de l'Esplanade",
        "campaign_year": 2023,
        "commune": "Bouliac",
        "direction_labels": [
          "Vers Rue Brochard"
        ],
        "num_cpev": "92",
        "point_id": "2023-92-PF2.2",
        "poste": "PF2.2",
        "zone_id": "175013000"
      },
      "type": "Feature"
    },
    {
      "geometry": {
        "coordinates": [
          -0.528285,
          44.829549
        ],
        "type": "Point"
      },
      "properties": {
        "adresse": "23 rue Jules Guesde",
        "campaign_year": 2023,
        "commune": "Floirac",
        "direction_labels": [
          "Vers Rue Emile Combes"
        ],
        "num_cpev": "93",
        "point_id": "2023-93-P77.1",
        "poste": "P77.1",
        "zone_id": "166011000"
      },
      "type": "Feature"
    },
    {
      "geometry": {
        "coordinates": [
          -0.528242,
          44.829519
        ],
        "type": "Point"
      },
      "properties": {
        "adresse": "23 rue Jules Guesde",
        "campaign_year": 2023,
        "commune": "Floirac",
        "direction_labels": [
          "Vers Avenue Gaston Cabannes"
        ],
        "num_cpev": "93",
        "point_id": "2023-93-P77.2",
        "poste": "P77.2",
        "zone_id": "166011000"
      },
      "type": "Feature"
    },
    {
      "geometry": {
        "coordinates": [
          -0.546467,
          44.848366
        ],
        "type": "Point"
      },
      "properties": {
        "adresse": "254 avenue Thiers",
        "campaign_year": 2023,
        "commune": "Bordeaux",
        "direction_labels": [
          "Vers 4 Pavillons"
        ],
        "num_cpev": "94",
        "point_id": "2023-94-P61.1",
        "poste": "P61.1",
        "zone_id": "166005000"
      },
      "type": "Feature"
    },
    {
      "geometry": {
        "coordinates": [
          -0.546617,
          44.848503
        ],
        "type": "Point"
      },
      "properties": {
        "adresse": "254 avenue Thiers",
        "campaign_year": 2023,
        "commune": "Bordeaux",
        "direction_labels": [
          "Vers le Pont de Pierre"
        ],
        "num_cpev": "94",
        "point_id": "2023-94-P61.2",
        "poste": "P61.2",
        "zone_id": "166005000"
      },
      "type": "Feature"
    },
    {
      "geometry": {
        "coordinates": [
          -0.508876,
          44.853432
        ],
        "type": "Point"
      },
      "properties": {
        "adresse": "Arrêt de bus Goya avenue Jean Zay",
        "campaign_year": 2023,
        "commune": "Cenon",
        "direction_labels": [
          "Vers Avenue Georges Clemenceau"
        ],
        "num_cpev": "95",
        "point_id": "2023-95-PF1.1",
        "poste": "PF1.1",
        "zone_id": "175004000"
      },
      "type": "Feature"
    },
    {
      "geometry": {
        "coordinates": [
          -0.508868,
          44.853464
        ],
        "type": "Point"
      },
      "properties": {
        "adresse": "Arrêt de bus Goya avenue Jean Zay",
        "campaign_year": 2023,
        "commune": "Cenon",
        "direction_labels": [
          "Vers Rue Francisco de Goya"
        ],
        "num_cpev": "95",
        "point_id": "2023-95-PF1.2",
        "poste": "PF1.2",
        "zone_id": "175004000"
      },
      "type": "Feature"
    },
    {
      "geometry": {
        "coordinates": [
          -0.50004,
          44.878506
        ],
        "type": "Point"
      },
      "properties": {
        "adresse": "Entrée agglomération Chemin des Tabernottes",
        "campaign_year": 2023,
        "commune": "Lormont",
        "direction_labels": [
          "Vers Rue Jean Cocteau"
        ],
        "num_cpev": "96",
        "point_id": "2023-96-PJ1.1",
        "poste": "PJ1.1",
        "zone_id": "174018000"
      },
      "type": "Feature"
    },
    {
      "geometry": {
        "coordinates": [
          -0.499981,
          44.878586
        ],
        "type": "Point"
      },
      "properties": {
        "adresse": "Entrée agglomération Chemin des Tabernottes",
        "campaign_year": 2023,
        "commune": "Lormont",
        "direction_labels": [
          "Vers Route d'Yvrac"
        ],
        "num_cpev": "96",
        "point_id": "2023-96-PJ1.2",
        "poste": "PJ1.2",
        "zone_id": "174018000"
      },
      "type": "Feature"
    }
  ],
  "type": "FeatureCollection"
}
