{
  "features": [
    {
      "geometry": {
        "coordinates": [
          [
            [
              [
                -0.5742963058263433,
                44.84048656251237
              ],
              [
                -0.5751531722672302,
                44.840063184942075
              ],
              [
                -0.5749265487724691,
                44.83879323154686
              ],
              [
                -0.5757878523290236,
                44.83872109977952
              ],
              [
                -0.5755244909792351,
                44.83742699806675
              ],
              [
                -0.5762540008665964,
                44.837379142484046
              ],
              [
                -0.5763465719496256,
                44.83819533888957
              ],
              [
                -0.5778461574099604,
                44.838073977947545
              ],
              [
                -0.5786356480609234,
                44.84181580068083
              ],
              [
                -0.5745409431667412,
                44.84216679608006
              ],
              [
                -0.5742963058263433,
                44.84048656251237
              ]
            ]
          ]
        ],
        "type": "MultiPolygon"
      },
      "properties": {
        "commune": "BORDEAUX",
        "has_2021": true,
        "has_2022": true,
        "has_2023": true,
        "n_observations": 24,
        "n_years_available": 3,
        "years_available": [
          2021,
          2022,
          2023
        ],
        "zone_id": "161002000"
      },
      "type": "Feature"
    },
    {
      "geometry": {
        "coordinates": [
          [
            [
              [
                -0.5703060516497142,
                44.84268355472113
              ],
              [
                -0.5700029171400156,
                44.84198043645988
              ],
              [
                -0.5705505109436867,
                44.841786160395166
              ],
              [
                -0.5704020961273568,
                44.84138536382342
              ],
              [
                -0.5718036685718804,
                44.84083549388114
              ],
              [
                -0.5719259113370443,
                44.84052610391226
              ],
              [
                -0.5720638058584044,
                44.83974834364032
              ],
              [
                -0.5718179461560744,
                44.837694204074246
              ],
              [
                -0.5738077116649436,
                44.837533639223984
              ],
              [
                -0.5745409431667412,
                44.84216679608006
              ],
              [
                -0.5703060516497142,
                44.84268355472113
              ]
            ]
          ]
        ],
        "type": "MultiPolygon"
      },
      "properties": {
        "commune": "BORDEAUX",
        "has_2021": true,
        "has_2022": true,
        "has_2023": true,
        "n_observations": 24,
        "n_years_available": 3,
        "years_available": [
          2021,
          2022,
          2023
        ],
        "zone_id": "161003000"
      },
      "type": "Feature"
    },
    {
      "geometry": {
        "coordinates": [
          [
            [
              [
                -0.5737028913001155,
                44.83696023383646
              ],
              [
                -0.5738077116649436,
                44.837533639223984
              ],
              [
                -0.5673965054383858,
                44.83806187077449
              ],
              [
                -0.5666053977650204,
                44.83801153920599
              ],
              [
                -0.5646206247529558,
                44.83937051916271
              ],
              [
                -0.5630701063622442,
                44.838310905658794
              ],
              [
                -0.566787856774789,
                44.8360977374628
              ],
              [
                -0.570243825897849,
                44.83515197868577
              ],
              [
                -0.5713354499414017,
                44.83498791980707
              ],
              [
                -0.5733542806587327,
                44.83490761055755
              ],
              [
                -0.5737028913001155,
                44.83696023383646
              ]
            ]
          ]
        ],
        "type": "MultiPolygon"
      },
      "properties": {
        "commune": "BORDEAUX",
        "has_2021": true,
        "has_2022": true,
        "has_2023": true,
        "n_observations": 24,
        "n_years_available": 3,
        "years_available": [
          2021,
          2022,
          2023
        ],
        "zone_id": "161005000"
      },
      "type": "Feature"
    },
    {
      "geometry": {
        "coordinates": [
          [
            [
              [
                -0.5809935078853902,
                44.83630055957942
              ],
              [
                -0.5810369130691903,
                44.8364244965954
              ],
              [
                -0.5787445597229481,
                44.83710591519127
              ],
              [
                -0.5738077116649436,
                44.837533639223984
              ],
              [
                -0.5733542806587327,
                44.83490761055755
              ],
              [
                -0.575071312941572,
                44.83507852389858
              ],
              [
                -0.57723742918829,
                44.83245629799641
              ],
              [
                -0.5772583306343162,
                44.831889662087114
              ],
              [
                -0.5796251451168394,
                44.83240175137503
              ],
              [
                -0.5809935078853902,
                44.83630055957942
              ]
            ]
          ]
        ],
        "type": "MultiPolygon"
      },
      "properties": {
        "commune": "BORDEAUX",
        "has_2021": true,
        "has_2022": true,
        "has_2023": true,
        "n_observations": 24,
        "n_years_available": 3,
        "years_available": [
          2021,
          2022,
          2023
        ],
        "zone_id": "161006000"
      },
      "type": "Feature"
    },
    {
      "geometry": {
        "coordinates": [
          [
            [
              [
                -0.5816401781445685,
                44.83831649338285
              ],
              [
                -0.5826939250190588,
                44.8415108437708
              ],
              [
                -0.5786356480609234,
                44.84181580068083
              ],
              [
                -0.5778461574099604,
                44.838073977947545
              ],
              [
                -0.5763465719496256,
                44.83819533888957
              ],
              [
                -0.5762540008665964,
                44.837379142484046
              ],
              [
                -0.5787445597229481,
                44.83710591519127
              ],
              [
                -0.5810369130691903,
                44.8364244965954
              ],
              [
                -0.5816401781445685,
                44.83831649338285
              ]
            ]
          ]
        ],
        "type": "MultiPolygon"
      },
      "properties": {
        "commune": "BORDEAUX",
        "has_2021": true,
        "has_2022": true,
        "has_2023": true,
        "n_observations": 24,
        "n_years_available": 3,
        "years_available": [
          2021,
          2022,
          2023
        ],
        "zone_id": "161007000"
      },
      "type": "Feature"
    },
    {
      "geometry": {
        "coordinates": [
          [
            [
              [
                -0.5776826811016036,
                44.845541392737076
              ],
              [
                -0.5768007482759061,
                44.845172294285256
              ],
              [
                -0.5751847341946396,
                44.845335748897526
              ],
              [
                -0.5747397507803697,
                44.84480133592515
              ],
              [
                -0.5739569244055639,
                44.8446080663341
              ],
              [
                -0.5736616439237009,
                44.842912073011334
              ],
              [
                -0.5739461838336054,
                44.84290313847358
              ],
              [
                -0.5738061896044824,
                44.84227173665106
              ],
              [
                -0.5800714901699274,
                44.84170632648707
              ],
              [
                -0.578176442726821,
                44.84490659160784
              ],
              [
                -0.577612461118229,
                44.845002240217845
              ],
              [
                -0.577795985561167,
                44.84535778583129
              ],
              [
                -0.5776826811016036,
                44.845541392737076
              ]
            ]
          ]
        ],
        "type": "MultiPolygon"
      },
      "properties": {
        "commune": "BORDEAUX",
        "has_2021": true,
        "has_2022": true,
        "has_2023": true,
        "n_observations": 24,
        "n_years_available": 3,
        "years_available": [
          2021,
          2022,
          2023
        ],
        "zone_id": "161008000"
      },
      "type": "Feature"
    },
    {
      "geometry": {
        "coordinates": [
          [
            [
              [
                -0.5738061896044824,
                44.84227173665106
              ],
              [
                -0.5739461838336054,
                44.84290313847358
              ],
              [
                -0.5736616439237009,
                44.842912073011334
              ],
              [
                -0.5739569244055639,
                44.8446080663341
              ],
              [
                -0.5747397507803697,
                44.84480133592515
              ],
              [
                -0.5751847341946396,
                44.845335748897526
              ],
              [
                -0.5768007482759061,
                44.845172294285256
              ],
              [
                -0.5776826811016036,
                44.845541392737076
              ],
              [
                -0.5756472810417435,
                44.848816666918616
              ],
              [
                -0.5728503325895524,
                44.84918076989455
              ],
              [
                -0.5707811745859775,
                44.84863909605122
              ],
              [
                -0.571164369616357,
                44.847035982434605
              ],
              [
                -0.5710836710874754,
                44.84576693761106
              ],
              [
                -0.5677973336823153,
                44.845705960678785
              ],
              [
                -0.5676705558407055,
                44.843810229501045
              ],
              [
                -0.5705425379618703,
                44.84333471486474
              ],
              [
                -0.5703060516497142,
                44.84268355472113
              ],
              [
                -0.5738061896044824,
                44.84227173665106
              ]
            ]
          ]
        ],
        "type": "MultiPolygon"
      },
      "properties": {
        "commune": "BORDEAUX",
        "has_2021": true,
        "has_2022": true,
        "has_2023": true,
        "n_observations": 24,
        "n_years_available": 3,
        "years_available": [
          2021,
          2022,
          2023
        ],
        "zone_id": "161009000"
      },
      "type": "Feature"
    },
    {
      "geometry": {
        "coordinates": [
          [
            [
              [
                -0.575749129178213,
                44.831559746916966
              ],
              [
                -0.5772583306343162,
                44.831889662087114
              ],
              [
                -0.57723742918829,
                44.83245629799641
              ],
              [
                -0.575071312941572,
                44.83507852389858
              ],
              [
                -0.5733542806587327,
                44.83490761055755
              ],
              [
                -0.5725883813498404,
                44.83103080068683
              ],
              [
                -0.5732779521677558,
                44.83102112973369
              ],
              [
                -0.575749129178213,
                44.831559746916966
              ]
            ]
          ]
        ],
        "type": "MultiPolygon"
      },
      "properties": {
        "commune": "BORDEAUX",
        "has_2021": true,
        "has_2022": true,
        "has_2023": true,
        "n_observations": 24,
        "n_years_available": 3,
        "years_available": [
          2021,
          2022,
          2023
        ],
        "zone_id": "161010000"
      },
      "type": "Feature"
    },
    {
      "geometry": {
        "coordinates": [
          [
            [
              [
                -0.5667820674728139,
                44.83388931853597
              ],
              [
                -0.5688143354804139,
                44.83369649849664
              ],
              [
                -0.5688734079203313,
                44.833116208797776
              ],
              [
                -0.569674779782276,
                44.83318737215199
              ],
              [
                -0.5695205616900354,
                44.83535014421757
              ],
              [
                -0.566787856774789,
                44.8360977374628
              ],
              [
                -0.5630701063622442,
                44.838310905658794
              ],
              [
                -0.5590178931040479,
                44.8353911930905
              ],
              [
                -0.5617952942397965,
                44.833231823390896
              ],
              [
                -0.5644106654356588,
                44.83514404160143
              ],
              [
                -0.5650596599887829,
                44.834713125945456
              ],
              [
                -0.5654102046839299,
                44.83464962685241
              ],
              [
                -0.5665665639028933,
                44.834987315388894
              ],
              [
                -0.5667820674728139,
                44.83388931853597
              ]
            ]
          ]
        ],
        "type": "MultiPolygon"
      },
      "properties": {
        "commune": "BORDEAUX",
        "has_2021": true,
        "has_2022": true,
        "has_2023": true,
        "n_observations": 24,
        "n_years_available": 3,
        "years_available": [
          2021,
          2022,
          2023
        ],
        "zone_id": "161014000"
      },
      "type": "Feature"
    },
    {
      "geometry": {
        "coordinates": [
          [
            [
              [
                -0.560103003256577,
                44.83308876440528
              ],
              [
                -0.5606202009332562,
                44.832516157623246
              ],
              [
                -0.5587491679571611,
                44.83133158098026
              ],
              [
                -0.5608009990466759,
                44.828216827521295
              ],
              [
                -0.5698870043563735,
                44.830255310171616
              ],
              [
                -0.5698442156799376,
                44.83087847922557
              ],
              [
                -0.5683485124452091,
                44.83081846648914
              ],
              [
                -0.5682579238027863,
                44.83102777182977
              ],
              [
                -0.5676191760072297,
                44.8309014188091
              ],
              [
                -0.56742923614375,
                44.831401465306946
              ],
              [
                -0.5635575938134506,
                44.83186210843499
              ],
              [
                -0.5590178931040479,
                44.8353911930905
              ],
              [
                -0.5575985812571702,
                44.83444171915122
              ],
              [
                -0.5591490424922682,
                44.833763848510365
              ],
              [
                -0.560103003256577,
                44.83308876440528
              ]
            ]
          ]
        ],
        "type": "MultiPolygon"
      },
      "properties": {
        "commune": "BORDEAUX",
        "has_2021": true,
        "has_2022": true,
        "has_2023": true,
        "n_observations": 24,
        "n_years_available": 3,
        "years_available": [
          2021,
          2022,
          2023
        ],
        "zone_id": "161015000"
      },
      "type": "Feature"
    },
    {
      "geometry": {
        "coordinates": [
          [
            [
              [
                -0.5565626047446451,
                44.82723113698599
              ],
              [
                -0.560840168938532,
                44.82815322034772
              ],
              [
                -0.5587491679571611,
                44.83133158098026
              ],
              [
                -0.5606202009332562,
                44.832516157623246
              ],
              [
                -0.5591490424922682,
                44.833763848510365
              ],
              [
                -0.5575985812571702,
                44.83444171915122
              ],
              [
                -0.5519137781682864,
                44.83169224405662
              ],
              [
                -0.5545857438088536,
                44.82912548857707
              ],
              [
                -0.5549758633293685,
                44.829305802010296
              ],
              [
                -0.5565626047446451,
                44.82723113698599
              ]
            ]
          ]
        ],
        "type": "MultiPolygon"
      },
      "properties": {
        "commune": "BORDEAUX",
        "has_2021": true,
        "has_2022": true,
        "has_2023": true,
        "n_observations": 24,
        "n_years_available": 3,
        "years_available": [
          2021,
          2022,
          2023
        ],
        "zone_id": "161016000"
      },
      "type": "Feature"
    },
    {
      "geometry": {
        "coordinates": [
          [
            [
              [
                -0.560840168938532,
                44.82815322034772
              ],
              [
                -0.5565626047446451,
                44.82723113698599
              ],
              [
                -0.5569166190907341,
                44.8264750114326
              ],
              [
                -0.557382394851137,
                44.82619147104163
              ],
              [
                -0.5573858502139544,
                44.82598498954074
              ],
              [
                -0.5580874279416115,
                44.82588585405639
              ],
              [
                -0.5590905555829212,
                44.826426850210886
              ],
              [
                -0.561057969476508,
                44.82488023011165
              ],
              [
                -0.562842335607267,
                44.82540061364106
              ],
              [
                -0.5622579150583018,
                44.82583039907724
              ],
              [
                -0.560840168938532,
                44.82815322034772
              ]
            ]
          ]
        ],
        "type": "MultiPolygon"
      },
      "properties": {
        "commune": "BORDEAUX",
        "has_2021": true,
        "has_2022": true,
        "has_2023": true,
        "n_observations": 24,
        "n_years_available": 3,
        "years_available": [
          2021,
          2022,
          2023
        ],
        "zone_id": "161017000"
      },
      "type": "Feature"
    },
    {
      "geometry": {
        "coordinates": [
          [
            [
              [
                -0.5497150881507649,
                44.82025379918602
              ],
              [
                -0.5491912208338705,
                44.820619382002405
              ],
              [
                -0.5498336615452178,
                44.82082679031279
              ],
              [
                -0.5502548035188949,
                44.82115847487773
              ],
              [
                -0.5508229444402536,
                44.82115200480609
              ],
              [
                -0.5550302793223948,
                44.82228434994894
              ],
              [
                -0.5550981745615404,
                44.82333571415817
              ],
              [
                -0.5546753694352553,
                44.823238396228916
              ],
              [
                -0.5544328676935788,
                44.82905018304257
              ],
              [
                -0.5545857438088536,
                44.82912548857707
              ],
              [
                -0.5519137781682864,
                44.83169224405662
              ],
              [
                -0.5441725671033828,
                44.8278564364206
              ],
              [
                -0.5374943139295688,
                44.822885781907594
              ],
              [
                -0.5484885481356713,
                44.817073872619
              ],
              [
                -0.5497150881507649,
                44.82025379918602
              ]
            ]
          ]
        ],
        "type": "MultiPolygon"
      },
      "properties": {
        "commune": "BORDEAUX",
        "has_2021": true,
        "has_2022": true,
        "has_2023": true,
        "n_observations": 24,
        "n_years_available": 3,
        "years_available": [
          2021,
          2022,
          2023
        ],
        "zone_id": "161018000"
      },
      "type": "Feature"
    },
    {
      "geometry": {
        "coordinates": [
          [
            [
              [
                -0.5503611555147594,
                44.819796932901035
              ],
              [
                -0.5505882296627579,
                44.820103324297605
              ],
              [
                -0.5498336615452178,
                44.82082679031279
              ],
              [
                -0.5491912208338705,
                44.820619382002405
              ],
              [
                -0.5497150881507649,
                44.82025379918602
              ],
              [
                -0.5484885481356713,
                44.817073872619
              ],
              [
                -0.5565084458890578,
                44.81273244731028
              ],
              [
                -0.5573545945076688,
                44.81245835939311
              ],
              [
                -0.5587272992802849,
                44.81246298644912
              ],
              [
                -0.5584937923879504,
                44.81387284114622
              ],
              [
                -0.5586331990704874,
                44.813953966446434
              ],
              [
                -0.5584398804989319,
                44.81420079827965
              ],
              [
                -0.5503611555147594,
                44.819796932901035
              ]
            ]
          ]
        ],
        "type": "MultiPolygon"
      },
      "properties": {
        "commune": "BORDEAUX",
        "has_2021": true,
        "has_2022": true,
        "has_2023": true,
        "n_observations": 24,
        "n_years_available": 3,
        "years_available": [
          2021,
          2022,
          2023
        ],
        "zone_id": "161019000"
      },
      "type": "Feature"
    },
    {
      "geometry": {
        "coordinates": [
          [
            [
              [
                -0.5658559636748185,
                44.816560486899526
              ],
              [
                -0.5636819052004196,
                44.81660191734708
              ],
              [
                -0.5621555250464549,
                44.8161539189163
              ],
              [
                -0.5611273701609238,
                44.81557011125727
              ],
              [
                -0.5601832672029861,
                44.81463810553439
              ],
              [
                -0.5596376064782892,
                44.813663577162735
              ],
              [
                -0.5593996831801095,
                44.812564211925384
              ],
              [
                -0.5646637278208044,
                44.813453748742894
              ],
              [
                -0.5658559636748185,
                44.816560486899526
              ]
            ]
          ]
        ],
        "type": "MultiPolygon"
      },
      "properties": {
        "commune": "BORDEAUX",
        "has_2021": true,
        "has_2022": true,
        "has_2023": true,
        "n_observations": 24,
        "n_years_available": 3,
        "years_available": [
          2021,
          2022,
          2023
        ],
        "zone_id": "161021000"
      },
      "type": "Feature"
    },
    {
      "geometry": {
        "coordinates": [
          [
            [
              [
                -0.5692090810901121,
                44.826962329574684
              ],
              [
                -0.5702111148162231,
                44.827007551770485
              ],
              [
                -0.5698870043563735,
                44.830255310171616
              ],
              [
                -0.5608009990466759,
                44.828216827521295
              ],
              [
                -0.5622579150583018,
                44.82583039907724
              ],
              [
                -0.562842335607267,
                44.82540061364106
              ],
              [
                -0.5649498162538781,
                44.82675868422258
              ],
              [
                -0.5692090810901121,
                44.826962329574684
              ]
            ]
          ]
        ],
        "type": "MultiPolygon"
      },
      "properties": {
        "commune": "BORDEAUX",
        "has_2021": true,
        "has_2022": true,
        "has_2023": true,
        "n_observations": 24,
        "n_years_available": 3,
        "years_available": [
          2021,
          2022,
          2023
        ],
        "zone_id": "162002000"
      },
      "type": "Feature"
    },
    {
      "geometry": {
        "coordinates": [
          [
            [
              [
                -0.5659351637522455,
                44.81676913322919
              ],
              [
                -0.5646637278208044,
                44.813453748742894
              ],
              [
                -0.5645716185980055,
                44.813328468706054
              ],
              [
                -0.5645548760701555,
                44.81309526642758
              ],
              [
                -0.5649200067092155,
                44.81293968467025
              ],
              [
                -0.5650707346525113,
                44.81268173361106
              ],
              [
                -0.5655957054572929,
                44.8126261231299
              ],
              [
                -0.5679373563152988,
                44.81244995245812
              ],
              [
                -0.5704388194856193,
                44.81144831762088
              ],
              [
                -0.5738514109395707,
                44.810917502084976
              ],
              [
                -0.5738601986754772,
                44.81141594380532
              ],
              [
                -0.5736357162488279,
                44.81236368341893
              ],
              [
                -0.5726097408029212,
                44.81476612035305
              ],
              [
                -0.572249450689531,
                44.81658562903348
              ],
              [
                -0.5676151725135277,
                44.81632659164531
              ],
              [
                -0.56762459005158,
                44.81655438061532
              ],
              [
                -0.5659351637522455,
                44.81676913322919
              ]
            ]
          ]
        ],
        "type": "MultiPolygon"
      },
      "properties": {
        "commune": "BORDEAUX",
        "has_2021": true,
        "has_2022": true,
        "has_2023": true,
        "n_observations": 24,
        "n_years_available": 3,
        "years_available": [
          2021,
          2022,
          2023
        ],
        "zone_id": "162005000"
      },
      "type": "Feature"
    },
    {
      "geometry": {
        "coordinates": [
          [
            [
              [
                -0.5759255236012434,
                44.81845894836726
              ],
              [
                -0.5753042000717031,
                44.818664583559965
              ],
              [
                -0.57227247847744,
                44.8189786257638
              ],
              [
                -0.5722071948895235,
                44.81675738897162
              ],
              [
                -0.5726097408029212,
                44.81476612035305
              ],
              [
                -0.573515699863612,
                44.812726246398256
              ],
              [
                -0.5738822370186828,
                44.812735179815355
              ],
              [
                -0.5740203868682129,
                44.812956942865206
              ],
              [
                -0.5744478598304327,
                44.81460145336233
              ],
              [
                -0.5756665330191569,
                44.816638623082355
              ],
              [
                -0.58280524911522,
                44.82118302302741
              ],
              [
                -0.5825222794317081,
                44.82176800403031
              ],
              [
                -0.5801511559527353,
                44.82309107770533
              ],
              [
                -0.5780756663411505,
                44.82138167896516
              ],
              [
                -0.5777679782070763,
                44.82058864212461
              ],
              [
                -0.5763931607134002,
                44.81844650064609
              ],
              [
                -0.5759255236012434,
                44.81845894836726
              ]
            ]
          ]
        ],
        "type": "MultiPolygon"
      },
      "properties": {
        "commune": "BORDEAUX",
        "has_2021": true,
        "has_2022": true,
        "has_2023": true,
        "n_observations": 24,
        "n_years_available": 3,
        "years_available": [
          2021,
          2022,
          2023
        ],
        "zone_id": "162006000"
      },
      "type": "Feature"
    },
    {
      "geometry": {
        "coordinates": [
          [
            [
              [
                -0.5756032949913837,
                44.82755933097355
              ],
              [
                -0.5755517338216607,
                44.82730773365834
              ],
              [
                -0.5724296103812533,
                44.82710195737361
              ],
              [
                -0.5725715386948081,
                44.82328239765308
              ],
              [
                -0.5751131533384453,
                44.82324192819982
              ],
              [
                -0.5758271541514595,
                44.8228808758827
              ],
              [
                -0.5768261154640226,
                44.821666260439
              ],
              [
                -0.5780756663411505,
                44.82138167896516
              ],
              [
                -0.5801511559527353,
                44.82309107770533
              ],
              [
                -0.5756032949913837,
                44.82755933097355
              ]
            ]
          ]
        ],
        "type": "MultiPolygon"
      },
      "properties": {
        "commune": "BORDEAUX",
        "has_2021": true,
        "has_2022": true,
        "has_2023": true,
        "n_observations": 24,
        "n_years_available": 3,
        "years_available": [
          2021,
          2022,
          2023
        ],
        "zone_id": "162008000"
      },
      "type": "Feature"
    },
    {
      "geometry": {
        "coordinates": [
          [
            [
              [
                -0.5725568053079753,
                44.83057250929334
              ],
              [
                -0.5722910331675334,
                44.82949327082665
              ],
              [
                -0.5724722208234422,
                44.82710483410796
              ],
              [
                -0.5755517338216607,
                44.82730773365834
              ],
              [
                -0.5756032949913837,
                44.82755933097355
              ],
              [
                -0.5744240498369643,
                44.82847151758118
              ],
              [
                -0.5725568053079753,
                44.83057250929334
              ]
            ]
          ]
        ],
        "type": "MultiPolygon"
      },
      "properties": {
        "commune": "BORDEAUX",
        "has_2021": true,
        "has_2022": true,
        "has_2023": true,
        "n_observations": 24,
        "n_years_available": 3,
        "years_available": [
          2021,
          2022,
          2023
        ],
        "zone_id": "162009000"
      },
      "type": "Feature"
    },
    {
      "geometry": {
        "coordinates": [
          [
            [
              [
                -0.5724722208234422,
                44.82710483410796
              ],
              [
                -0.5722910331675334,
                44.82949327082665
              ],
              [
                -0.5725568053079753,
                44.83057250929334
              ],
              [
                -0.5719766535172099,
                44.83101172038582
              ],
              [
                -0.5698442156799376,
                44.83087847922557
              ],
              [
                -0.5702111148162231,
                44.827007551770485
              ],
              [
                -0.5724722208234422,
                44.82710483410796
              ]
            ]
          ]
        ],
        "type": "MultiPolygon"
      },
      "properties": {
        "commune": "BORDEAUX",
        "has_2021": true,
        "has_2022": true,
        "has_2023": true,
        "n_observations": 24,
        "n_years_available": 3,
        "years_available": [
          2021,
          2022,
          2023
        ],
        "zone_id": "162010000"
      },
      "type": "Feature"
    },
    {
      "geometry": {
        "coordinates": [
          [
            [
              [
                -0.5757665149512537,
                44.8274378171892
              ],
              [
                -0.575735683636998,
                44.82757129518161
              ],
              [
                -0.5763238002890543,
                44.82803447494172
              ],
              [
                -0.5765126188692875,
                44.82851506762072
              ],
              [
                -0.5768641117360611,
                44.83089026467507
              ],
              [
                -0.5771176344337418,
                44.83089373558083
              ],
              [
                -0.5772583306343162,
                44.831889662087114
              ],
              [
                -0.5732779521677558,
                44.83102112973369
              ],
              [
                -0.5725883813498404,
                44.83103080068683
              ],
              [
                -0.5726088347994941,
                44.8311544699994
              ],
              [
                -0.5719766535172099,
                44.83101172038582
              ],
              [
                -0.572286756901406,
                44.8306700380953
              ],
              [
                -0.5727295865830175,
                44.830523356265616
              ],
              [
                -0.5744240498369643,
                44.82847151758118
              ],
              [
                -0.5757665149512537,
                44.8274378171892
              ]
            ]
          ]
        ],
        "type": "MultiPolygon"
      },
      "properties": {
        "commune": "BORDEAUX",
        "has_2021": true,
        "has_2022": true,
        "has_2023": true,
        "n_observations": 24,
        "n_years_available": 3,
        "years_available": [
          2021,
          2022,
          2023
        ],
        "zone_id": "162011000"
      },
      "type": "Feature"
    },
    {
      "geometry": {
        "coordinates": [
          [
            [
              [
                -0.5788761888798739,
                44.82581614838153
              ],
              [
                -0.5807820587282702,
                44.82623316532955
              ],
              [
                -0.5806905511384585,
                44.82640647875539
              ],
              [
                -0.5820858892162765,
                44.82673900914222
              ],
              [
                -0.582798840662597,
                44.82729551461319
              ],
              [
                -0.5823837098545691,
                44.82757747801439
              ],
              [
                -0.583510911782665,
                44.82860908732122
              ],
              [
                -0.5800138341785998,
                44.830411882556334
              ],
              [
                -0.5783046952040245,
                44.8308798343615
              ],
              [
                -0.5778723995328389,
                44.83202574607892
              ],
              [
                -0.5772583306343162,
                44.831889662087114
              ],
              [
                -0.5771176344337418,
                44.83089373558083
              ],
              [
                -0.5768641117360611,
                44.83089026467507
              ],
              [
                -0.5765126188692875,
                44.82851506762072
              ],
              [
                -0.5763238002890543,
                44.82803447494172
              ],
              [
                -0.575735683636998,
                44.82757129518161
              ],
              [
                -0.5776865220604972,
                44.82554989854782
              ],
              [
                -0.5788761888798739,
                44.82581614838153
              ]
            ]
          ]
        ],
        "type": "MultiPolygon"
      },
      "properties": {
        "commune": "BORDEAUX",
        "has_2021": true,
        "has_2022": true,
        "has_2023": true,
        "n_observations": 24,
        "n_years_available": 3,
        "years_available": [
          2021,
          2022,
          2023
        ],
        "zone_id": "162012000"
      },
      "type": "Feature"
    },
    {
      "geometry": {
        "coordinates": [
          [
            [
              [
                -0.583510911782665,
                44.82860908732122
              ],
              [
                -0.5823837098545691,
                44.82757747801439
              ],
              [
                -0.582798840662597,
                44.82729551461319
              ],
              [
                -0.5820858892162765,
                44.82673900914222
              ],
              [
                -0.5806905511384585,
                44.82640647875539
              ],
              [
                -0.5807820587282702,
                44.82623316532955
              ],
              [
                -0.5776865220604972,
                44.82554989854782
              ],
              [
                -0.5801511559527353,
                44.82309107770533
              ],
              [
                -0.5825222794317081,
                44.82176800403031
              ],
              [
                -0.58280524911522,
                44.82118302302741
              ],
              [
                -0.5892724752942362,
                44.82532507920603
              ],
              [
                -0.5864379668836591,
                44.82724455625204
              ],
              [
                -0.583510911782665,
                44.82860908732122
              ]
            ]
          ]
        ],
        "type": "MultiPolygon"
      },
      "properties": {
        "commune": "BORDEAUX",
        "has_2021": true,
        "has_2022": true,
        "has_2023": true,
        "n_observations": 24,
        "n_years_available": 3,
        "years_available": [
          2021,
          2022,
          2023
        ],
        "zone_id": "162013000"
      },
      "type": "Feature"
    },
    {
      "geometry": {
        "coordinates": [
          [
            [
              [
                -0.5932253532566092,
                44.827865655338286
              ],
              [
                -0.5949129324567085,
                44.82896458812448
              ],
              [
                -0.5877433016964827,
                44.83211600132585
              ],
              [
                -0.5858820297629764,
                44.82750313587469
              ],
              [
                -0.5892724752942362,
                44.82532507920603
              ],
              [
                -0.5932253532566092,
                44.827865655338286
              ]
            ]
          ]
        ],
        "type": "MultiPolygon"
      },
      "properties": {
        "commune": "BORDEAUX",
        "has_2021": true,
        "has_2022": true,
        "has_2023": true,
        "n_observations": 24,
        "n_years_available": 3,
        "years_available": [
          2021,
          2022,
          2023
        ],
        "zone_id": "162014000"
      },
      "type": "Feature"
    },
    {
      "geometry": {
        "coordinates": [
          [
            [
              [
                -0.590682626218586,
                44.838229643772635
              ],
              [
                -0.5891948098667448,
                44.83592013364411
              ],
              [
                -0.5877433016964827,
                44.83211600132585
              ],
              [
                -0.5949129324567085,
                44.82896458812448
              ],
              [
                -0.5985401995911249,
                44.83131637941071
              ],
              [
                -0.5989596322186446,
                44.83661480186104
              ],
              [
                -0.5952822379245033,
                44.83694678483525
              ],
              [
                -0.5920841479494423,
                44.83794093407477
              ],
              [
                -0.590682626218586,
                44.838229643772635
              ]
            ]
          ]
        ],
        "type": "MultiPolygon"
      },
      "properties": {
        "commune": "BORDEAUX",
        "has_2021": true,
        "has_2022": true,
        "has_2023": true,
        "n_observations": 24,
        "n_years_available": 3,
        "years_available": [
          2021,
          2022,
          2023
        ],
        "zone_id": "162015000"
      },
      "type": "Feature"
    },
    {
      "geometry": {
        "coordinates": [
          [
            [
              [
                -0.5886281036992798,
                44.83442571260003
              ],
              [
                -0.5810562111414294,
                44.83648478257401
              ],
              [
                -0.5805007083184455,
                44.8348898111442
              ],
              [
                -0.5873500749664667,
                44.8311355203076
              ],
              [
                -0.5886281036992798,
                44.83442571260003
              ]
            ]
          ]
        ],
        "type": "MultiPolygon"
      },
      "properties": {
        "commune": "BORDEAUX",
        "has_2021": false,
        "has_2022": false,
        "has_2023": true,
        "n_observations": 8,
        "n_years_available": 1,
        "years_available": [
          2023
        ],
        "zone_id": "162018000"
      },
      "type": "Feature"
    },
    {
      "geometry": {
        "coordinates": [
          [
            [
              [
                -0.5820523219911101,
                44.83407547166799
              ],
              [
                -0.5805007083184455,
                44.8348898111442
              ],
              [
                -0.5796251451168394,
                44.83240175137503
              ],
              [
                -0.5778723995328389,
                44.83202574607892
              ],
              [
                -0.5783046952040245,
                44.8308798343615
              ],
              [
                -0.5800138341785998,
                44.830411882556334
              ],
              [
                -0.5858820297629764,
                44.82750313587469
              ],
              [
                -0.5873500749664667,
                44.8311355203076
              ],
              [
                -0.5820523219911101,
                44.83407547166799
              ]
            ]
          ]
        ],
        "type": "MultiPolygon"
      },
      "properties": {
        "commune": "BORDEAUX",
        "has_2021": true,
        "has_2022": true,
        "has_2023": true,
        "n_observations": 24,
        "n_years_available": 3,
        "years_available": [
          2021,
          2022,
          2023
        ],
        "zone_id": "162019000"
      },
      "type": "Feature"
    },
    {
      "geometry": {
        "coordinates": [
          [
            [
              [
                -0.5863267030408187,
                44.84309811116284
              ],
              [
                -0.5941794867699431,
                44.8420895208865
              ],
              [
                -0.5941995011317079,
                44.84211555475476
              ],
              [
                -0.5935546328340354,
                44.84549902638137
              ],
              [
                -0.59186396289164,
                44.845111262693536
              ],
              [
                -0.5889049457296259,
                44.84414623703587
              ],
              [
                -0.5873773367107153,
                44.84397036317648
              ],
              [
                -0.5863267030408187,
                44.84309811116284
              ]
            ]
          ]
        ],
        "type": "MultiPolygon"
      },
      "properties": {
        "commune": "BORDEAUX",
        "has_2021": true,
        "has_2022": true,
        "has_2023": true,
        "n_observations": 24,
        "n_years_available": 3,
        "years_available": [
          2021,
          2022,
          2023
        ],
        "zone_id": "163001000"
      },
      "type": "Feature"
    },
    {
      "geometry": {
        "coordinates": [
          [
            [
              [
                -0.5941794867699431,
                44.8420895208865
              ],
              [
                -0.5863267030408187,
                44.84309811116284
              ],
              [
                -0.5859701654271284,
                44.84246846139801
              ],
              [
                -0.5831968427666835,
                44.84147023902288
              ],
              [
                -0.5922920030777896,
                44.84073438109976
              ],
              [
                -0.5936774766066109,
                44.84157992833182
              ],
              [
                -0.5941794867699431,
                44.8420895208865
              ]
            ]
          ]
        ],
        "type": "MultiPolygon"
      },
      "properties": {
        "commune": "BORDEAUX",
        "has_2021": true,
        "has_2022": true,
        "has_2023": true,
        "n_observations": 24,
        "n_years_available": 3,
        "years_available": [
          2021,
          2022,
          2023
        ],
        "zone_id": "163002000"
      },
      "type": "Feature"
    },
    {
      "geometry": {
        "coordinates": [
          [
            [
              [
                -0.5992641310997933,
                44.83978461611522
              ],
              [
                -0.5992994431739993,
                44.840216073038654
              ],
              [
                -0.5851254085687252,
                44.84132140539198
              ],
              [
                -0.5862229010922697,
                44.840058389465305
              ],
              [
                -0.5862962167283448,
                44.83975953141963
              ],
              [
                -0.5868354143175535,
                44.83967353683654
              ],
              [
                -0.5872891347519961,
                44.839400252285174
              ],
              [
                -0.590682626218586,
                44.838229643772635
              ],
              [
                -0.5920841479494423,
                44.83794093407477
              ],
              [
                -0.5948693993952145,
                44.83704855713353
              ],
              [
                -0.5963244253192409,
                44.836784137160286
              ],
              [
                -0.5989596322186446,
                44.83661480186104
              ],
              [
                -0.5992641310997933,
                44.83978461611522
              ]
            ]
          ]
        ],
        "type": "MultiPolygon"
      },
      "properties": {
        "commune": "BORDEAUX",
        "has_2021": true,
        "has_2022": true,
        "has_2023": true,
        "n_observations": 24,
        "n_years_available": 3,
        "years_available": [
          2021,
          2022,
          2023
        ],
        "zone_id": "163003000"
      },
      "type": "Feature"
    },
    {
      "geometry": {
        "coordinates": [
          [
            [
              [
                -0.5994664550360111,
                44.841947219636424
              ],
              [
                -0.5947121645066167,
                44.84284263028012
              ],
              [
                -0.5939824685420073,
                44.84183324613698
              ],
              [
                -0.5922920030777896,
                44.84073438109976
              ],
              [
                -0.5992994431739993,
                44.840216073038654
              ],
              [
                -0.5994664550360111,
                44.841947219636424
              ]
            ]
          ]
        ],
        "type": "MultiPolygon"
      },
      "properties": {
        "commune": "BORDEAUX",
        "has_2021": true,
        "has_2022": true,
        "has_2023": true,
        "n_observations": 24,
        "n_years_available": 3,
        "years_available": [
          2021,
          2022,
          2023
        ],
        "zone_id": "163004000"
      },
      "type": "Feature"
    },
    {
      "geometry": {
        "coordinates": [
          [
            [
              [
                -0.5941960182973879,
                44.842111024427375
              ],
              [
                -0.594287875213126,
                44.84213485268887
              ],
              [
                -0.5947121645066167,
                44.84284263028012
              ],
              [
                -0.5994664550360111,
                44.841947219636424
              ],
              [
                -0.5996380503452043,
                44.843284726329905
              ],
              [
                -0.597634284669897,
                44.84825177664157
              ],
              [
                -0.5945503722895142,
                44.84710166590945
              ],
              [
                -0.5935546328340354,
                44.84549902638137
              ],
              [
                -0.5941960182973879,
                44.842111024427375
              ]
            ]
          ]
        ],
        "type": "MultiPolygon"
      },
      "properties": {
        "commune": "BORDEAUX",
        "has_2021": true,
        "has_2022": true,
        "has_2023": true,
        "n_observations": 24,
        "n_years_available": 3,
        "years_available": [
          2021,
          2022,
          2023
        ],
        "zone_id": "163005000"
      },
      "type": "Feature"
    },
    {
      "geometry": {
        "coordinates": [
          [
            [
              [
                -0.5777179074701172,
                44.844946829167355
              ],
              [
                -0.5813920347242048,
                44.84761202108222
              ],
              [
                -0.5804899264916721,
                44.848227008793245
              ],
              [
                -0.5800596579425372,
                44.84823540782317
              ],
              [
                -0.5800221679688001,
                44.847864462578045
              ],
              [
                -0.5791381225077251,
                44.847572116536554
              ],
              [
                -0.57675436697719,
                44.84702350780958
              ],
              [
                -0.577795985561167,
                44.84535778583129
              ],
              [
                -0.5775960896635491,
                44.84518309668715
              ],
              [
                -0.5777179074701172,
                44.844946829167355
              ]
            ]
          ]
        ],
        "type": "MultiPolygon"
      },
      "properties": {
        "commune": "BORDEAUX",
        "has_2021": true,
        "has_2022": true,
        "has_2023": true,
        "n_observations": 24,
        "n_years_available": 3,
        "years_available": [
          2021,
          2022,
          2023
        ],
        "zone_id": "163006000"
      },
      "type": "Feature"
    },
    {
      "geometry": {
        "coordinates": [
          [
            [
              [
                -0.5782388329676571,
                44.844800067459815
              ],
              [
                -0.5817016499408764,
                44.84432324320995
              ],
              [
                -0.5818701849118233,
                44.84585264606341
              ],
              [
                -0.5817677266730297,
                44.84680946828768
              ],
              [
                -0.5812311191149891,
                44.84748817496202
              ],
              [
                -0.5777179074701172,
                44.844946829167355
              ],
              [
                -0.5782388329676571,
                44.844800067459815
              ]
            ]
          ]
        ],
        "type": "MultiPolygon"
      },
      "properties": {
        "commune": "BORDEAUX",
        "has_2021": true,
        "has_2022": true,
        "has_2023": true,
        "n_observations": 24,
        "n_years_available": 3,
        "years_available": [
          2021,
          2022,
          2023
        ],
        "zone_id": "163007000"
      },
      "type": "Feature"
    },
    {
      "geometry": {
        "coordinates": [
          [
            [
              [
                -0.5886109982261813,
                44.84412694963466
              ],
              [
                -0.5889049457296259,
                44.84414623703587
              ],
              [
                -0.5880743033782303,
                44.84617484473839
              ],
              [
                -0.5871492203100245,
                44.84932315798984
              ],
              [
                -0.586232624569511,
                44.85016664426978
              ],
              [
                -0.5835551581660238,
                44.84904820421486
              ],
              [
                -0.5827824770425999,
                44.84855582238816
              ],
              [
                -0.5833659123120453,
                44.84810885088555
              ],
              [
                -0.5854110387944611,
                44.845337148300544
              ],
              [
                -0.585943638862654,
                44.84489005154343
              ],
              [
                -0.5873773367107153,
                44.84397036317648
              ],
              [
                -0.5886109982261813,
                44.84412694963466
              ]
            ]
          ]
        ],
        "type": "MultiPolygon"
      },
      "properties": {
        "commune": "BORDEAUX",
        "has_2021": true,
        "has_2022": true,
        "has_2023": true,
        "n_observations": 24,
        "n_years_available": 3,
        "years_available": [
          2021,
          2022,
          2023
        ],
        "zone_id": "163011000"
      },
      "type": "Feature"
    },
    {
      "geometry": {
        "coordinates": [
          [
            [
              [
                -0.5913784585208938,
                44.85251380593532
              ],
              [
                -0.5883969127730052,
                44.8533213662888
              ],
              [
                -0.5867589217235797,
                44.853941220452775
              ],
              [
                -0.5867766972176125,
                44.854120912875544
              ],
              [
                -0.5862251704285928,
                44.85413513614454
              ],
              [
                -0.5839177637827179,
                44.855006371584
              ],
              [
                -0.5832347869188078,
                44.85502489851358
              ],
              [
                -0.5800734454413249,
                44.8531188911363
              ],
              [
                -0.5834844911247147,
                44.85058081664119
              ],
              [
                -0.5847565955320957,
                44.85097864697357
              ],
              [
                -0.585820243913689,
                44.850275482092954
              ],
              [
                -0.586232624569511,
                44.85016664426978
              ],
              [
                -0.5900572644136683,
                44.85166700819888
              ],
              [
                -0.5913784585208938,
                44.85251380593532
              ]
            ]
          ]
        ],
        "type": "MultiPolygon"
      },
      "properties": {
        "commune": "BORDEAUX",
        "has_2021": true,
        "has_2022": true,
        "has_2023": true,
        "n_observations": 24,
        "n_years_available": 3,
        "years_available": [
          2021,
          2022,
          2023
        ],
        "zone_id": "163013000"
      },
      "type": "Feature"
    },
    {
      "geometry": {
        "coordinates": [
          [
            [
              [
                -0.5943487361604619,
                44.852697868627764
              ],
              [
                -0.5934875411590296,
                44.853870354598605
              ],
              [
                -0.5900572644136683,
                44.85166700819888
              ],
              [
                -0.5923709432458739,
                44.852361780223326
              ],
              [
                -0.5916840628198559,
                44.84675471227841
              ],
              [
                -0.59186396289164,
                44.845111262693536
              ],
              [
                -0.5935546328340354,
                44.84549902638137
              ],
              [
                -0.5945503722895142,
                44.84710166590945
              ],
              [
                -0.597634284669897,
                44.84825177664157
              ],
              [
                -0.5943487361604619,
                44.852697868627764
              ]
            ]
          ]
        ],
        "type": "MultiPolygon"
      },
      "properties": {
        "commune": "BORDEAUX",
        "has_2021": true,
        "has_2022": true,
        "has_2023": true,
        "n_observations": 24,
        "n_years_available": 3,
        "years_available": [
          2021,
          2022,
          2023
        ],
        "zone_id": "163015000"
      },
      "type": "Feature"
    },
    {
      "geometry": {
        "coordinates": [
          [
            [
              [
                -0.5930290909503897,
                44.85357791787234
              ],
              [
                -0.5934875411590296,
                44.853870354598605
              ],
              [
                -0.5894667160331376,
                44.85925219213144
              ],
              [
                -0.586701876969107,
                44.85719215599704
              ],
              [
                -0.5832347869188078,
                44.85502489851358
              ],
              [
                -0.5839177637827179,
                44.855006371584
              ],
              [
                -0.5862251704285928,
                44.85413513614454
              ],
              [
                -0.5867766972176125,
                44.854120912875544
              ],
              [
                -0.5867589217235797,
                44.853941220452775
              ],
              [
                -0.5883969127730052,
                44.8533213662888
              ],
              [
                -0.591391658115498,
                44.85252239764212
              ],
              [
                -0.5930290909503897,
                44.85357791787234
              ]
            ]
          ]
        ],
        "type": "MultiPolygon"
      },
      "properties": {
        "commune": "BORDEAUX",
        "has_2021": true,
        "has_2022": true,
        "has_2023": true,
        "n_observations": 24,
        "n_years_available": 3,
        "years_available": [
          2021,
          2022,
          2023
        ],
        "zone_id": "163016000"
      },
      "type": "Feature"
    },
    {
      "geometry": {
        "coordinates": [
          [
            [
              [
                -0.5744953297840445,
                44.850699334181776
              ],
              [
                -0.572231177373635,
                44.85015363898639
              ],
              [
                -0.5718024462228151,
                44.850903284923334
              ],
              [
                -0.5710950346625612,
                44.85056489603498
              ],
              [
                -0.5668404544462079,
                44.849382815028406
              ],
              [
                -0.5675293673817471,
                44.84802807354746
              ],
              [
                -0.5677973336823153,
                44.845705960678785
              ],
              [
                -0.5710836710874754,
                44.84576693761106
              ],
              [
                -0.571164369616357,
                44.847035982434605
              ],
              [
                -0.5707811745859775,
                44.84863909605122
              ],
              [
                -0.5728503325895524,
                44.84918076989455
              ],
              [
                -0.5756472810417435,
                44.848816666918616
              ],
              [
                -0.5744953297840445,
                44.850699334181776
              ]
            ]
          ]
        ],
        "type": "MultiPolygon"
      },
      "properties": {
        "commune": "BORDEAUX",
        "has_2021": true,
        "has_2022": true,
        "has_2023": true,
        "n_observations": 24,
        "n_years_available": 3,
        "years_available": [
          2021,
          2022,
          2023
        ],
        "zone_id": "164002000"
      },
      "type": "Feature"
    },
    {
      "geometry": {
        "coordinates": [
          [
            [
              [
                -0.5722786185757541,
                44.854332762597686
              ],
              [
                -0.5700247432312998,
                44.85333916766948
              ],
              [
                -0.5714160195948144,
                44.851627957710036
              ],
              [
                -0.5734695339907762,
                44.85241981779314
              ],
              [
                -0.5751340911679484,
                44.84964972831853
              ],
              [
                -0.5769493684287654,
                44.850222994814935
              ],
              [
                -0.5739005459723003,
                44.85510879408361
              ],
              [
                -0.5722786185757541,
                44.854332762597686
              ]
            ]
          ]
        ],
        "type": "MultiPolygon"
      },
      "properties": {
        "commune": "BORDEAUX",
        "has_2021": true,
        "has_2022": true,
        "has_2023": true,
        "n_observations": 24,
        "n_years_available": 3,
        "years_available": [
          2021,
          2022,
          2023
        ],
        "zone_id": "164003000"
      },
      "type": "Feature"
    },
    {
      "geometry": {
        "coordinates": [
          [
            [
              [
                -0.5669572530788144,
                44.858342445136
              ],
              [
                -0.5637866878187324,
                44.85568555963561
              ],
              [
                -0.5584716906236954,
                44.85816966308551
              ],
              [
                -0.55795195549298,
                44.857587957759655
              ],
              [
                -0.5559633086225038,
                44.85631781229649
              ],
              [
                -0.5609068727153204,
                44.854271160313495
              ],
              [
                -0.5632160085207835,
                44.85288481858922
              ],
              [
                -0.5651524709674481,
                44.85145542007677
              ],
              [
                -0.5670874618766668,
                44.852077249386134
              ],
              [
                -0.5722786185757541,
                44.854332762597686
              ],
              [
                -0.5687993705024349,
                44.85993246247679
              ],
              [
                -0.5669572530788144,
                44.858342445136
              ]
            ]
          ]
        ],
        "type": "MultiPolygon"
      },
      "properties": {
        "commune": "BORDEAUX",
        "has_2021": true,
        "has_2022": true,
        "has_2023": true,
        "n_observations": 24,
        "n_years_available": 3,
        "years_available": [
          2021,
          2022,
          2023
        ],
        "zone_id": "164006000"
      },
      "type": "Feature"
    },
    {
      "geometry": {
        "coordinates": [
          [
            [
              [
                -0.5511511988208639,
                44.86224985586947
              ],
              [
                -0.5506976579605943,
                44.861991330788605
              ],
              [
                -0.5509995098437755,
                44.861696004868726
              ],
              [
                -0.5479194721242326,
                44.86020113752802
              ],
              [
                -0.5521674980940641,
                44.85798694152217
              ],
              [
                -0.5559633086225038,
                44.85631781229649
              ],
              [
                -0.55795195549298,
                44.857587957759655
              ],
              [
                -0.5584716906236954,
                44.85816966308551
              ],
              [
                -0.5637866878187324,
                44.85568555963561
              ],
              [
                -0.5669572530788144,
                44.858342445136
              ],
              [
                -0.5584580248442189,
                44.86429055751291
              ],
              [
                -0.5553625214151316,
                44.861715770426805
              ],
              [
                -0.5533112439394084,
                44.86292156525996
              ],
              [
                -0.5516831674603802,
                44.86178583812915
              ],
              [
                -0.5511511988208639,
                44.86224985586947
              ]
            ]
          ]
        ],
        "type": "MultiPolygon"
      },
      "properties": {
        "commune": "BORDEAUX",
        "has_2021": true,
        "has_2022": true,
        "has_2023": true,
        "n_observations": 24,
        "n_years_available": 3,
        "years_available": [
          2021,
          2022,
          2023
        ],
        "zone_id": "165001000"
      },
      "type": "Feature"
    },
    {
      "geometry": {
        "coordinates": [
          [
            [
              [
                -0.5669572530788144,
                44.858342445136
              ],
              [
                -0.5687993705024349,
                44.85993246247679
              ],
              [
                -0.5638442410758407,
                44.86784797923397
              ],
              [
                -0.5584580248442189,
                44.86429055751291
              ],
              [
                -0.5669572530788144,
                44.858342445136
              ]
            ]
          ]
        ],
        "type": "MultiPolygon"
      },
      "properties": {
        "commune": "BORDEAUX",
        "has_2021": true,
        "has_2022": true,
        "has_2023": true,
        "n_observations": 24,
        "n_years_available": 3,
        "years_available": [
          2021,
          2022,
          2023
        ],
        "zone_id": "165002000"
      },
      "type": "Feature"
    },
    {
      "geometry": {
        "coordinates": [
          [
            [
              [
                -0.5759436666577374,
                44.86563991361223
              ],
              [
                -0.5762442412198664,
                44.865821353963085
              ],
              [
                -0.5667557343541381,
                44.869806587427284
              ],
              [
                -0.5638442410758407,
                44.86784797923397
              ],
              [
                -0.5687993705024349,
                44.85993246247679
              ],
              [
                -0.5756387730125773,
                44.86564795741121
              ],
              [
                -0.5759436666577374,
                44.86563991361223
              ]
            ]
          ]
        ],
        "type": "MultiPolygon"
      },
      "properties": {
        "commune": "BORDEAUX",
        "has_2021": true,
        "has_2022": true,
        "has_2023": true,
        "n_observations": 24,
        "n_years_available": 3,
        "years_available": [
          2021,
          2022,
          2023
        ],
        "zone_id": "165003000"
      },
      "type": "Feature"
    },
    {
      "geometry": {
        "coordinates": [
          [
            [
              [
                -0.5535292022479185,
                44.87469252787217
              ],
              [
                -0.5493652357715585,
                44.8735853946038
              ],
              [
                -0.550796894510792,
                44.86990492678648
              ],
              [
                -0.5477827528201018,
                44.86943984013881
              ],
              [
                -0.5494919010031041,
                44.86468770709286
              ],
              [
                -0.5534292016133173,
                44.86592527628733
              ],
              [
                -0.5549874985508955,
                44.86791846589699
              ],
              [
                -0.5545727921881864,
                44.873095936434346
              ],
              [
                -0.5535292022479185,
                44.87469252787217
              ]
            ]
          ]
        ],
        "type": "MultiPolygon"
      },
      "properties": {
        "commune": "BORDEAUX",
        "has_2021": true,
        "has_2022": true,
        "has_2023": true,
        "n_observations": 24,
        "n_years_available": 3,
        "years_available": [
          2021,
          2022,
          2023
        ],
        "zone_id": "165004000"
      },
      "type": "Feature"
    },
    {
      "geometry": {
        "coordinates": [
          [
            [
              [
                -0.5477827528201018,
                44.86943984013881
              ],
              [
                -0.550796894510792,
                44.86990492678648
              ],
              [
                -0.5493652357715585,
                44.8735853946038
              ],
              [
                -0.5535292022479185,
                44.87469252787217
              ],
              [
                -0.5532915284978965,
                44.87548113799463
              ],
              [
                -0.5511558091877259,
                44.8763822496602
              ],
              [
                -0.5453261843192048,
                44.87543483286729
              ],
              [
                -0.5468951048915023,
                44.87224384271513
              ],
              [
                -0.5477827528201018,
                44.86943984013881
              ]
            ]
          ]
        ],
        "type": "MultiPolygon"
      },
      "properties": {
        "commune": "BORDEAUX",
        "has_2021": true,
        "has_2022": true,
        "has_2023": true,
        "n_observations": 24,
        "n_years_available": 3,
        "years_available": [
          2021,
          2022,
          2023
        ],
        "zone_id": "165005000"
      },
      "type": "Feature"
    },
    {
      "geometry": {
        "coordinates": [
          [
            [
              [
                -0.5530058133048815,
                44.87561192971736
              ],
              [
                -0.5532915284978965,
                44.87548113799463
              ],
              [
                -0.552492142988233,
                44.87864939265013
              ],
              [
                -0.5509708531524387,
                44.882271536131384
              ],
              [
                -0.5424737094731492,
                44.880746905506065
              ],
              [
                -0.5429974549123133,
                44.87938366637178
              ],
              [
                -0.5453261843192048,
                44.87543483286729
              ],
              [
                -0.5511558091877259,
                44.8763822496602
              ],
              [
                -0.5530058133048815,
                44.87561192971736
              ]
            ]
          ]
        ],
        "type": "MultiPolygon"
      },
      "properties": {
        "commune": "BORDEAUX",
        "has_2021": true,
        "has_2022": true,
        "has_2023": true,
        "n_observations": 24,
        "n_years_available": 3,
        "years_available": [
          2021,
          2022,
          2023
        ],
        "zone_id": "165006000"
      },
      "type": "Feature"
    },
    {
      "geometry": {
        "coordinates": [
          [
            [
              [
                -0.5411738590058104,
                44.86885894472845
              ],
              [
                -0.5476524887818783,
                44.86990033811033
              ],
              [
                -0.5462467133018942,
                44.873656117215326
              ],
              [
                -0.5429974549123133,
                44.87938366637178
              ],
              [
                -0.5422436360466959,
                44.88149865191538
              ],
              [
                -0.5364597327885398,
                44.88047818670019
              ],
              [
                -0.5399438445819794,
                44.87416199895584
              ],
              [
                -0.5404699103053953,
                44.872815903105796
              ],
              [
                -0.5411738590058104,
                44.86885894472845
              ]
            ]
          ]
        ],
        "type": "MultiPolygon"
      },
      "properties": {
        "commune": "BORDEAUX",
        "has_2021": true,
        "has_2022": true,
        "has_2023": true,
        "n_observations": 24,
        "n_years_available": 3,
        "years_available": [
          2021,
          2022,
          2023
        ],
        "zone_id": "165007000"
      },
      "type": "Feature"
    },
    {
      "geometry": {
        "coordinates": [
          [
            [
              [
                -0.5667133965576497,
                44.869850685520284
              ],
              [
                -0.5533123424482279,
                44.87538044104603
              ],
              [
                -0.5535950568822914,
                44.874507998361715
              ],
              [
                -0.5545727921881864,
                44.873095936434346
              ],
              [
                -0.5549874985508955,
                44.86791846589699
              ],
              [
                -0.5534292016133173,
                44.86592527628733
              ],
              [
                -0.5494919010031041,
                44.86468770709286
              ],
              [
                -0.5508625752366324,
                44.8625358516925
              ],
              [
                -0.5516831674603802,
                44.86178583812915
              ],
              [
                -0.5533112439394084,
                44.86292156525996
              ],
              [
                -0.5553625214151316,
                44.861715770426805
              ],
              [
                -0.5584580248442189,
                44.86429055751291
              ],
              [
                -0.5665425557454179,
                44.869604369090865
              ],
              [
                -0.5667133965576497,
                44.869850685520284
              ]
            ]
          ]
        ],
        "type": "MultiPolygon"
      },
      "properties": {
        "commune": "BORDEAUX",
        "has_2021": true,
        "has_2022": true,
        "has_2023": true,
        "n_observations": 24,
        "n_years_available": 3,
        "years_available": [
          2021,
          2022,
          2023
        ],
        "zone_id": "165009000"
      },
      "type": "Feature"
    },
    {
      "geometry": {
        "coordinates": [
          [
            [
              [
                -0.5550575970739607,
                44.883321688488216
              ],
              [
                -0.5510387581520053,
                44.88259549453199
              ],
              [
                -0.5506468658024603,
                44.8822091156405
              ],
              [
                -0.5509708531524387,
                44.882271536131384
              ],
              [
                -0.5519692103779319,
                44.880040581961836
              ],
              [
                -0.5533123424482279,
                44.87538044104603
              ],
              [
                -0.5667133965576497,
                44.869850685520284
              ],
              [
                -0.5625008341522928,
                44.88124146080053
              ],
              [
                -0.5624580281081962,
                44.88212422936273
              ],
              [
                -0.5619861880292745,
                44.883019065000234
              ],
              [
                -0.5611344417028433,
                44.88367994973479
              ],
              [
                -0.5599324224498703,
                44.88393659933139
              ],
              [
                -0.5576719768598086,
                44.883815358986396
              ],
              [
                -0.5575687971715804,
                44.88390694972603
              ],
              [
                -0.5550575970739607,
                44.883321688488216
              ]
            ]
          ]
        ],
        "type": "MultiPolygon"
      },
      "properties": {
        "commune": "BORDEAUX",
        "has_2021": true,
        "has_2022": true,
        "has_2023": true,
        "n_observations": 24,
        "n_years_available": 3,
        "years_available": [
          2021,
          2022,
          2023
        ],
        "zone_id": "165010000"
      },
      "type": "Feature"
    },
    {
      "geometry": {
        "coordinates": [
          [
            [
              [
                -0.5758921510498157,
                44.86759465733188
              ],
              [
                -0.5770416697822505,
                44.87725787941672
              ],
              [
                -0.57467383726594,
                44.87819312493596
              ],
              [
                -0.5738672861201057,
                44.87876432473897
              ],
              [
                -0.569626090350294,
                44.87729391246233
              ],
              [
                -0.5693837158062928,
                44.877009649845455
              ],
              [
                -0.5690700234278782,
                44.87708109603137
              ],
              [
                -0.5690186838179582,
                44.877289078380315
              ],
              [
                -0.5683122276226491,
                44.87736229118286
              ],
              [
                -0.5638920094717448,
                44.87751871867389
              ],
              [
                -0.5667557343541381,
                44.869806587427284
              ],
              [
                -0.5755571985729256,
                44.8660192186498
              ],
              [
                -0.5758092908518507,
                44.866256230933296
              ],
              [
                -0.5758921510498157,
                44.86759465733188
              ]
            ]
          ]
        ],
        "type": "MultiPolygon"
      },
      "properties": {
        "commune": "BORDEAUX",
        "has_2021": true,
        "has_2022": true,
        "has_2023": true,
        "n_observations": 24,
        "n_years_available": 3,
        "years_available": [
          2021,
          2022,
          2023
        ],
        "zone_id": "165012000"
      },
      "type": "Feature"
    },
    {
      "geometry": {
        "coordinates": [
          [
            [
              [
                -0.5802055981564191,
                44.906556135021816
              ],
              [
                -0.5804818434565717,
                44.90893175261879
              ],
              [
                -0.5797161783404969,
                44.90882529435582
              ],
              [
                -0.580119869069974,
                44.90807683637708
              ],
              [
                -0.5799804191281984,
                44.907819895118145
              ],
              [
                -0.5777362433933241,
                44.90777057525603
              ],
              [
                -0.5770649685239727,
                44.90802207533077
              ],
              [
                -0.5769606431877047,
                44.908951913633665
              ],
              [
                -0.5752175291858289,
                44.909025175559044
              ],
              [
                -0.5741301763875702,
                44.90883760058982
              ],
              [
                -0.5733234375459813,
                44.90915557183576
              ],
              [
                -0.5713206268298856,
                44.90937050572298
              ],
              [
                -0.5707490619351094,
                44.909556506822284
              ],
              [
                -0.5703155453199402,
                44.91001841753729
              ],
              [
                -0.5697371687062145,
                44.91007842506278
              ],
              [
                -0.5695214653474469,
                44.910336684654396
              ],
              [
                -0.5694756388610794,
                44.911390070210466
              ],
              [
                -0.5703940119023089,
                44.911987803226985
              ],
              [
                -0.5708782960626585,
                44.912541842138985
              ],
              [
                -0.5702933440847511,
                44.91273735737577
              ],
              [
                -0.5689590009003636,
                44.91289733994346
              ],
              [
                -0.566257190848072,
                44.912834555667985
              ],
              [
                -0.5649644443545752,
                44.912571437566505
              ],
              [
                -0.5634891985312119,
                44.912708019256264
              ],
              [
                -0.5618625303878002,
                44.912597993602496
              ],
              [
                -0.5614195810845685,
                44.912853700604984
              ],
              [
                -0.5608284036535806,
                44.913670186468345
              ],
              [
                -0.5603215214816635,
                44.91391725711168
              ],
              [
                -0.5575584913144099,
                44.91361107318084
              ],
              [
                -0.5564306644164028,
                44.913866249343386
              ],
              [
                -0.555285516251316,
                44.91448956641259
              ],
              [
                -0.5540774984133984,
                44.91488152770869
              ],
              [
                -0.552793373488193,
                44.91457296373936
              ],
              [
                -0.551825291065391,
                44.91396844580098
              ],
              [
                -0.5514193997800467,
                44.91396893519341
              ],
              [
                -0.5506678721047054,
                44.914358793557824
              ],
              [
                -0.5501689871388903,
                44.91551491219857
              ],
              [
                -0.5470363763664595,
                44.91618094266736
              ],
              [
                -0.5449004203178889,
                44.91134902987229
              ],
              [
                -0.5390811675369948,
                44.90093499847175
              ],
              [
                -0.5370474268659434,
                44.89472708802829
              ],
              [
                -0.5494800272780417,
                44.89397161175693
              ],
              [
                -0.5492211949169956,
                44.89348775545381
              ],
              [
                -0.5489307805839939,
                44.889579272370106
              ],
              [
                -0.5492470495180547,
                44.887365636991575
              ],
              [
                -0.5499089174970521,
                44.88474253888243
              ],
              [
                -0.5540064447174096,
                44.88576587995517
              ],
              [
                -0.5550186288765544,
                44.883314493309115
              ],
              [
                -0.5575687971715804,
                44.88390694972603
              ],
              [
                -0.5576719768598086,
                44.883815358986396
              ],
              [
                -0.560272268204723,
                44.88391850017941
              ],
              [
                -0.5611344417028433,
                44.88367994973479
              ],
              [
                -0.5619861880292745,
                44.883019065000234
              ],
              [
                -0.5624580281081962,
                44.88212422936273
              ],
              [
                -0.5625008341522928,
                44.88124146080053
              ],
              [
                -0.5638920094717448,
                44.87751871867389
              ],
              [
                -0.5683122276226491,
                44.87736229118286
              ],
              [
                -0.5690186838179582,
                44.877289078380315
              ],
              [
                -0.5690700234278782,
                44.87708109603137
              ],
              [
                -0.5693837158062928,
                44.877009649845455
              ],
              [
                -0.569626090350294,
                44.87729391246233
              ],
              [
                -0.5738672861201057,
                44.87876432473897
              ],
              [
                -0.57467383726594,
                44.87819312493596
              ],
              [
                -0.5770416697822505,
                44.87725787941672
              ],
              [
                -0.5802055981564191,
                44.906556135021816
              ]
            ]
          ]
        ],
        "type": "MultiPolygon"
      },
      "properties": {
        "commune": "BORDEAUX",
        "has_2021": true,
        "has_2022": true,
        "has_2023": true,
        "n_observations": 24,
        "n_years_available": 3,
        "years_available": [
          2021,
          2022,
          2023
        ],
        "zone_id": "165013000"
      },
      "type": "Feature"
    },
    {
      "geometry": {
        "coordinates": [
          [
            [
              [
                -0.5469754998804016,
                44.84141514794063
              ],
              [
                -0.5434208896370608,
                44.84241558324058
              ],
              [
                -0.5429413878090251,
                44.84244618430009
              ],
              [
                -0.5418081870614272,
                44.84197232638095
              ],
              [
                -0.5477747790932115,
                44.83582260367934
              ],
              [
                -0.5342423211733113,
                44.82825538255872
              ],
              [
                -0.5333253194176666,
                44.82787274074313
              ],
              [
                -0.5365365612449877,
                44.82611570530135
              ],
              [
                -0.5345611999250126,
                44.82434920203373
              ],
              [
                -0.5374943139295688,
                44.822885781907594
              ],
              [
                -0.5441725671033828,
                44.8278564364206
              ],
              [
                -0.5573212840313403,
                44.83428301906238
              ],
              [
                -0.5630701063622442,
                44.838310905658794
              ],
              [
                -0.5548819978298012,
                44.84336821668529
              ],
              [
                -0.5515403615615541,
                44.84064719035083
              ],
              [
                -0.5482963058462963,
                44.84102861299382
              ],
              [
                -0.5469754998804016,
                44.84141514794063
              ]
            ]
          ],
          [
            [
              [
                -0.5417797775473049,
                44.841963301746546
              ],
              [
                -0.5416465049918157,
                44.842100045429824
              ],
              [
                -0.541645296556001,
                44.84210098382467
              ],
              [
                -0.5417797775473049,
                44.841963301746546
              ]
            ]
          ]
        ],
        "type": "MultiPolygon"
      },
      "properties": {
        "commune": "BORDEAUX",
        "has_2021": true,
        "has_2022": true,
        "has_2023": true,
        "n_observations": 24,
        "n_years_available": 3,
        "years_available": [
          2021,
          2022,
          2023
        ],
        "zone_id": "166001000"
      },
      "type": "Feature"
    },
    {
      "geometry": {
        "coordinates": [
          [
            [
              [
                -0.5678129417245465,
                44.84591094475861
              ],
              [
                -0.5673500527633545,
                44.84853499044644
              ],
              [
                -0.5662523032585188,
                44.85019975117876
              ],
              [
                -0.5650602353702184,
                44.85153857021071
              ],
              [
                -0.5629995088803722,
                44.85302689534783
              ],
              [
                -0.5606713786451827,
                44.85439499972489
              ],
              [
                -0.5526572859491296,
                44.85775762954812
              ],
              [
                -0.5488141039417777,
                44.85968043104616
              ],
              [
                -0.5472695735503059,
                44.86064458038587
              ],
              [
                -0.5447434075900431,
                44.86282066036594
              ],
              [
                -0.5441048117812136,
                44.86356387468472
              ],
              [
                -0.5428811626319066,
                44.86551991773739
              ],
              [
                -0.5411762281535105,
                44.868845878693456
              ],
              [
                -0.5367025911162663,
                44.868225192526815
              ],
              [
                -0.5366709746880852,
                44.86736187045248
              ],
              [
                -0.5373814936811994,
                44.86397671310413
              ],
              [
                -0.537356042847618,
                44.86323039128794
              ],
              [
                -0.5377161023192727,
                44.86259072520616
              ],
              [
                -0.5390030884733977,
                44.85759918760791
              ],
              [
                -0.5397903150826708,
                44.856197857735026
              ],
              [
                -0.5407979488613041,
                44.85491748786046
              ],
              [
                -0.5421465464869373,
                44.85390024883252
              ],
              [
                -0.5435216024060725,
                44.853204741883616
              ],
              [
                -0.5430696367599981,
                44.853009195730245
              ],
              [
                -0.5512598465337267,
                44.847906719083255
              ],
              [
                -0.5495365507506986,
                44.846658642561955
              ],
              [
                -0.5630701063622442,
                44.838310905658794
              ],
              [
                -0.5663103008556296,
                44.84072391870533
              ],
              [
                -0.5674725359549587,
                44.84308660511634
              ],
              [
                -0.5677564916626081,
                44.844126510423365
              ],
              [
                -0.5678129417245465,
                44.84591094475861
              ]
            ]
          ]
        ],
        "type": "MultiPolygon"
      },
      "properties": {
        "commune": "BORDEAUX",
        "has_2021": true,
        "has_2022": true,
        "has_2023": true,
        "n_observations": 24,
        "n_years_available": 3,
        "years_available": [
          2021,
          2022,
          2023
        ],
        "zone_id": "166002000"
      },
      "type": "Feature"
    },
    {
      "geometry": {
        "coordinates": [
          [
            [
              [
                -0.5392103246690848,
                44.85598204547514
              ],
              [
                -0.5387366651365271,
                44.85373507020335
              ],
              [
                -0.5374810316415061,
                44.849672716509616
              ],
              [
                -0.5374431496489641,
                44.84818777284566
              ],
              [
                -0.5376863776157731,
                44.84728230748394
              ],
              [
                -0.5412873333449159,
                44.847412555837835
              ],
              [
                -0.5410239401339935,
                44.8468108248425
              ],
              [
                -0.5413918177617835,
                44.846597242343584
              ],
              [
                -0.5469743922134604,
                44.84657114561946
              ],
              [
                -0.5468742020678562,
                44.84829397215142
              ],
              [
                -0.5495365507506986,
                44.846658642561955
              ],
              [
                -0.5512598465337267,
                44.847906719083255
              ],
              [
                -0.5430696367599981,
                44.853009195730245
              ],
              [
                -0.5435216024060725,
                44.853204741883616
              ],
              [
                -0.5421465464869373,
                44.85390024883252
              ],
              [
                -0.5407979488613041,
                44.85491748786046
              ],
              [
                -0.5397903150826708,
                44.856197857735026
              ],
              [
                -0.5390030884733977,
                44.85759918760791
              ],
              [
                -0.5392103246690848,
                44.85598204547514
              ]
            ]
          ]
        ],
        "type": "MultiPolygon"
      },
      "properties": {
        "commune": "BORDEAUX",
        "has_2021": true,
        "has_2022": true,
        "has_2023": true,
        "n_observations": 24,
        "n_years_available": 3,
        "years_available": [
          2021,
          2022,
          2023
        ],
        "zone_id": "166005000"
      },
      "type": "Feature"
    },
    {
      "geometry": {
        "coordinates": [
          [
            [
              [
                -0.5412925726769781,
                44.84235463229297
              ],
              [
                -0.5396000973553151,
                44.84409941418374
              ],
              [
                -0.5399682315802472,
                44.844294066023984
              ],
              [
                -0.5386036466569908,
                44.84565606509548
              ],
              [
                -0.5376863776157731,
                44.84728230748394
              ],
              [
                -0.5364702055723332,
                44.84716345231029
              ],
              [
                -0.5344733178941934,
                44.84888805933872
              ],
              [
                -0.5340266978266123,
                44.8496412921493
              ],
              [
                -0.5335480523395714,
                44.851678867266465
              ],
              [
                -0.533408513591499,
                44.85358854143268
              ],
              [
                -0.5335956900597946,
                44.85629896150175
              ],
              [
                -0.5310051308291439,
                44.8578594190864
              ],
              [
                -0.5301809972050161,
                44.85855705173578
              ],
              [
                -0.5294318292751297,
                44.858008642005494
              ],
              [
                -0.5295692190566742,
                44.85698946965792
              ],
              [
                -0.5294502312278704,
                44.85614516077585
              ],
              [
                -0.5283645339016791,
                44.85528118441921
              ],
              [
                -0.5288424848591381,
                44.854901012201616
              ],
              [
                -0.5296859759544255,
                44.8550778092551
              ],
              [
                -0.5305402403323829,
                44.853471703592895
              ],
              [
                -0.5306336338996042,
                44.85281988176628
              ],
              [
                -0.5304795795663522,
                44.85278781753042
              ],
              [
                -0.5302978141768743,
                44.85299991438527
              ],
              [
                -0.5313633065843512,
                44.850401159982624
              ],
              [
                -0.5310724863694584,
                44.8501499447195
              ],
              [
                -0.5316496885085841,
                44.84969803988492
              ],
              [
                -0.5324964497851323,
                44.8472098268948
              ],
              [
                -0.5318093507842176,
                44.845410299384845
              ],
              [
                -0.532455285169279,
                44.8451860464471
              ],
              [
                -0.5323694780955719,
                44.84499053640147
              ],
              [
                -0.531442937687849,
                44.844437829726644
              ],
              [
                -0.5305135473347271,
                44.84359866447643
              ],
              [
                -0.5392886037605348,
                44.842254644156256
              ],
              [
                -0.5412925726769781,
                44.84235463229297
              ]
            ]
          ]
        ],
        "type": "MultiPolygon"
      },
      "properties": {
        "commune": "CENON",
        "has_2021": true,
        "has_2022": true,
        "has_2023": true,
        "n_observations": 24,
        "n_years_available": 3,
        "years_available": [
          2021,
          2022,
          2023
        ],
        "zone_id": "166007000"
      },
      "type": "Feature"
    },
    {
      "geometry": {
        "coordinates": [
          [
            [
              [
                -0.5374753544630387,
                44.838728215456456
              ],
              [
                -0.5375622791526812,
                44.83894179319398
              ],
              [
                -0.5333076862540342,
                44.83886290551833
              ],
              [
                -0.5303357379897473,
                44.839120697847726
              ],
              [
                -0.5305739174350184,
                44.84018731682772
              ],
              [
                -0.5299101427253184,
                44.84020844638669
              ],
              [
                -0.5292267905453985,
                44.83915148838479
              ],
              [
                -0.5290520273895688,
                44.83568455860804
              ],
              [
                -0.5301663217083197,
                44.8355995546428
              ],
              [
                -0.530238381166189,
                44.83624255272111
              ],
              [
                -0.536271621932827,
                44.83695062401184
              ],
              [
                -0.5367392632723429,
                44.83695644987517
              ],
              [
                -0.5371763021716706,
                44.83659372100551
              ],
              [
                -0.5389290499795539,
                44.83600785361703
              ],
              [
                -0.5413385595982015,
                44.837801051901444
              ],
              [
                -0.5385483905836296,
                44.838448851789515
              ],
              [
                -0.538491174440079,
                44.83830470273129
              ],
              [
                -0.537402087871528,
                44.838549434022745
              ],
              [
                -0.5374753544630387,
                44.838728215456456
              ]
            ]
          ]
        ],
        "type": "MultiPolygon"
      },
      "properties": {
        "commune": "FLOIRAC",
        "has_2021": true,
        "has_2022": true,
        "has_2023": true,
        "n_observations": 24,
        "n_years_available": 3,
        "years_available": [
          2021,
          2022,
          2023
        ],
        "zone_id": "166008000"
      },
      "type": "Feature"
    },
    {
      "geometry": {
        "coordinates": [
          [
            [
              [
                -0.5414668121595374,
                44.84206248897439
              ],
              [
                -0.5412925726769781,
                44.84235463229297
              ],
              [
                -0.5392886037605348,
                44.842254644156256
              ],
              [
                -0.5297253212214253,
                44.84373634023557
              ],
              [
                -0.5295227558548424,
                44.84333366542663
              ],
              [
                -0.5296036832083975,
                44.84264791009516
              ],
              [
                -0.5294291878504439,
                44.84253180533241
              ],
              [
                -0.5297530028281554,
                44.841576118730764
              ],
              [
                -0.5295758508616004,
                44.84085449849539
              ],
              [
                -0.5299368158187131,
                44.84081321744066
              ],
              [
                -0.5299101427253184,
                44.84020844638669
              ],
              [
                -0.5305739174350184,
                44.84018731682772
              ],
              [
                -0.5303357379897473,
                44.839120697847726
              ],
              [
                -0.5333076862540342,
                44.83886290551833
              ],
              [
                -0.5375622791526812,
                44.83894179319398
              ],
              [
                -0.537402087871528,
                44.838549434022745
              ],
              [
                -0.538491174440079,
                44.83830470273129
              ],
              [
                -0.5385483905836296,
                44.838448851789515
              ],
              [
                -0.5413385595982015,
                44.837801051901444
              ],
              [
                -0.541929604988298,
                44.83831484662464
              ],
              [
                -0.5424680429787229,
                44.8391609568548
              ],
              [
                -0.5426357346870662,
                44.840152373506
              ],
              [
                -0.5425387355063731,
                44.840823330031505
              ],
              [
                -0.5420733321451177,
                44.84105625722103
              ],
              [
                -0.5414668121595374,
                44.84206248897439
              ]
            ]
          ]
        ],
        "type": "MultiPolygon"
      },
      "properties": {
        "commune": "FLOIRAC",
        "has_2021": true,
        "has_2022": true,
        "has_2023": true,
        "n_observations": 24,
        "n_years_available": 3,
        "years_available": [
          2021,
          2022,
          2023
        ],
        "zone_id": "166009000"
      },
      "type": "Feature"
    },
    {
      "geometry": {
        "coordinates": [
          [
            [
              [
                -0.5447464713232334,
                44.83893498839641
              ],
              [
                -0.5428572843568304,
                44.840792425968274
              ],
              [
                -0.5418081870614272,
                44.84197232638095
              ],
              [
                -0.5417797775473049,
                44.841963301746546
              ],
              [
                -0.5413062714986476,
                44.84244978000557
              ],
              [
                -0.5412595288336026,
                44.84249267075307
              ],
              [
                -0.5420733321451177,
                44.84105625722103
              ],
              [
                -0.5425387355063731,
                44.840823330031505
              ],
              [
                -0.5424680429787229,
                44.8391609568548
              ],
              [
                -0.541929604988298,
                44.83831484662464
              ],
              [
                -0.540558706652213,
                44.8371256713461
              ],
              [
                -0.5389290499795539,
                44.83600785361703
              ],
              [
                -0.5371763021716706,
                44.83659372100551
              ],
              [
                -0.5367392632723429,
                44.83695644987517
              ],
              [
                -0.536271621932827,
                44.83695062401184
              ],
              [
                -0.530238381166189,
                44.83624255272111
              ],
              [
                -0.5301663217083197,
                44.8355995546428
              ],
              [
                -0.5290520273895688,
                44.83568455860804
              ],
              [
                -0.5293264658074452,
                44.83531627391637
              ],
              [
                -0.5286354406348525,
                44.833973732427516
              ],
              [
                -0.5277001639876387,
                44.83283648200694
              ],
              [
                -0.5270502184718177,
                44.83236867290806
              ],
              [
                -0.5264149764893047,
                44.832155417016445
              ],
              [
                -0.5256108174462645,
                44.83126892013321
              ],
              [
                -0.5262610255181425,
                44.83095538762463
              ],
              [
                -0.5271949139956474,
                44.83015600231991
              ],
              [
                -0.5244287082997044,
                44.82902286076817
              ],
              [
                -0.5228479152899018,
                44.82802852403238
              ],
              [
                -0.5214422370961316,
                44.82528393025516
              ],
              [
                -0.521085537108161,
                44.82300706937152
              ],
              [
                -0.5208371154581519,
                44.822599495822764
              ],
              [
                -0.5193164632773108,
                44.821531102833966
              ],
              [
                -0.5174467208452322,
                44.82206633698819
              ],
              [
                -0.5162926439192859,
                44.822239919495225
              ],
              [
                -0.5157457830205896,
                44.82218241448646
              ],
              [
                -0.5134782279339799,
                44.82135852606791
              ],
              [
                -0.5156008983581861,
                44.82108127274648
              ],
              [
                -0.5173629629454619,
                44.820567503068006
              ],
              [
                -0.5198153942658945,
                44.81894501357359
              ],
              [
                -0.5216676372303797,
                44.818779869989015
              ],
              [
                -0.5228959104942597,
                44.819305914428156
              ],
              [
                -0.5239230391319222,
                44.81935076171616
              ],
              [
                -0.5256425310592172,
                44.81811818006159
              ],
              [
                -0.5292951312607866,
                44.8171052212111
              ],
              [
                -0.5299727717621622,
                44.81674658164709
              ],
              [
                -0.5327680532829718,
                44.81603484569655
              ],
              [
                -0.5355411791653026,
                44.82054363164793
              ],
              [
                -0.5374943139295688,
                44.822885781907594
              ],
              [
                -0.5345611999250126,
                44.82434920203373
              ],
              [
                -0.5365365612449877,
                44.82611570530135
              ],
              [
                -0.5333253194176666,
                44.82787274074313
              ],
              [
                -0.5342423211733113,
                44.82825538255872
              ],
              [
                -0.5477747790932115,
                44.83582260367934
              ],
              [
                -0.5447464713232334,
                44.83893498839641
              ]
            ]
          ]
        ],
        "type": "MultiPolygon"
      },
      "properties": {
        "commune": "FLOIRAC",
        "has_2021": true,
        "has_2022": true,
        "has_2023": true,
        "n_observations": 24,
        "n_years_available": 3,
        "years_available": [
          2021,
          2022,
          2023
        ],
        "zone_id": "166011000"
      },
      "type": "Feature"
    },
    {
      "geometry": {
        "coordinates": [
          [
            [
              [
                -0.5554999126668922,
                44.813281213996206
              ],
              [
                -0.5484885481356713,
                44.817073872619
              ],
              [
                -0.5491996628856203,
                44.8112760423929
              ],
              [
                -0.548993558682516,
                44.80749290341542
              ],
              [
                -0.5515814924039352,
                44.80767768367754
              ],
              [
                -0.5517949554219841,
                44.80911103728449
              ],
              [
                -0.5514551585135297,
                44.80962393278586
              ],
              [
                -0.5513370446739526,
                44.81077947286007
              ],
              [
                -0.5516857450827708,
                44.81140905453283
              ],
              [
                -0.551883838779631,
                44.811557716846075
              ],
              [
                -0.5541412505501622,
                44.81193868986897
              ],
              [
                -0.5554999126668922,
                44.813281213996206
              ]
            ]
          ]
        ],
        "type": "MultiPolygon"
      },
      "properties": {
        "commune": "BEGLES",
        "has_2021": true,
        "has_2022": true,
        "has_2023": true,
        "n_observations": 24,
        "n_years_available": 3,
        "years_available": [
          2021,
          2022,
          2023
        ],
        "zone_id": "167004000"
      },
      "type": "Feature"
    },
    {
      "geometry": {
        "coordinates": [
          [
            [
              [
                -0.5484885481356713,
                44.817073872619
              ],
              [
                -0.5374943139295688,
                44.822885781907594
              ],
              [
                -0.5351171762482522,
                44.81992445192428
              ],
              [
                -0.530021353860306,
                44.81153509184679
              ],
              [
                -0.5330285205530644,
                44.81073542434267
              ],
              [
                -0.5335242259501815,
                44.81128923704366
              ],
              [
                -0.5347313715697514,
                44.81091636871888
              ],
              [
                -0.5370875601312199,
                44.80953175508973
              ],
              [
                -0.5383116424425165,
                44.807780376475755
              ],
              [
                -0.5421623577694338,
                44.80765377175079
              ],
              [
                -0.5420797357438377,
                44.808772069693156
              ],
              [
                -0.548993558682516,
                44.80749290341542
              ],
              [
                -0.5491996628856203,
                44.8112760423929
              ],
              [
                -0.5484885481356713,
                44.817073872619
              ]
            ]
          ]
        ],
        "type": "MultiPolygon"
      },
      "properties": {
        "commune": "BEGLES",
        "has_2021": true,
        "has_2022": true,
        "has_2023": true,
        "n_observations": 24,
        "n_years_available": 3,
        "years_available": [
          2021,
          2022,
          2023
        ],
        "zone_id": "167005000"
      },
      "type": "Feature"
    },
    {
      "geometry": {
        "coordinates": [
          [
            [
              [
                -0.564635034894194,
                44.81343984216705
              ],
              [
                -0.5593702509635448,
                44.81255862378515
              ],
              [
                -0.558661893478647,
                44.80951174964886
              ],
              [
                -0.5572796248958687,
                44.805637574357306
              ],
              [
                -0.5576473718349754,
                44.80564643065493
              ],
              [
                -0.5594395552937539,
                44.8065802537997
              ],
              [
                -0.5617433870060079,
                44.80857278058594
              ],
              [
                -0.5622891393469306,
                44.809332184319445
              ],
              [
                -0.5645349573816865,
                44.80873179543377
              ],
              [
                -0.5662988067345696,
                44.80961325701055
              ],
              [
                -0.5688379512023534,
                44.81030300122256
              ],
              [
                -0.5693625724609328,
                44.81017168740736
              ],
              [
                -0.5701114384383332,
                44.80950320729911
              ],
              [
                -0.5738260959771428,
                44.80874986605722
              ],
              [
                -0.5738514109395707,
                44.810917502084976
              ],
              [
                -0.5704388194856193,
                44.81144831762088
              ],
              [
                -0.5679373563152988,
                44.81244995245812
              ],
              [
                -0.5655354194412199,
                44.81262529602551
              ],
              [
                -0.5650558471484481,
                44.812661466177154
              ],
              [
                -0.5649167914965497,
                44.812934947283075
              ],
              [
                -0.5645469445835866,
                44.813092755302364
              ],
              [
                -0.5645512642332711,
                44.81331390930965
              ],
              [
                -0.564635034894194,
                44.81343984216705
              ]
            ]
          ]
        ],
        "type": "MultiPolygon"
      },
      "properties": {
        "commune": "BEGLES",
        "has_2021": true,
        "has_2022": true,
        "has_2023": true,
        "n_observations": 24,
        "n_years_available": 3,
        "years_available": [
          2021,
          2022,
          2023
        ],
        "zone_id": "167008000"
      },
      "type": "Feature"
    },
    {
      "geometry": {
        "coordinates": [
          [
            [
              [
                -0.5575001568248699,
                44.800123885822885
              ],
              [
                -0.5581404075282581,
                44.80297832206951
              ],
              [
                -0.5594395552937539,
                44.8065802537997
              ],
              [
                -0.5576473718349754,
                44.80564643065493
              ],
              [
                -0.5572663586293616,
                44.80564609648478
              ],
              [
                -0.5529852934932947,
                44.793483333981165
              ],
              [
                -0.5512650795608803,
                44.78801398216478
              ],
              [
                -0.5518087690203017,
                44.78782530769531
              ],
              [
                -0.5517600804840567,
                44.78711492460583
              ],
              [
                -0.5526891333166593,
                44.78675710753778
              ],
              [
                -0.5527981642655464,
                44.7864408520429
              ],
              [
                -0.553848154015463,
                44.78693527940655
              ],
              [
                -0.5543204612077359,
                44.78579811533255
              ],
              [
                -0.5561407623250718,
                44.78532610795976
              ],
              [
                -0.556314689429127,
                44.78575485588494
              ],
              [
                -0.5584564386406705,
                44.785384185995085
              ],
              [
                -0.5578763550730759,
                44.78369684409525
              ],
              [
                -0.560251335119404,
                44.78319425747003
              ],
              [
                -0.5661155438905381,
                44.783435569819524
              ],
              [
                -0.5667718765164402,
                44.79072613238939
              ],
              [
                -0.5674324697716608,
                44.79368371030534
              ],
              [
                -0.5681502136465189,
                44.796586615739386
              ],
              [
                -0.5696219938612684,
                44.79939077065442
              ],
              [
                -0.5671000192504281,
                44.7995025991557
              ],
              [
                -0.5670745373816429,
                44.799242073861336
              ],
              [
                -0.5660632919615856,
                44.79922415219195
              ],
              [
                -0.5656966282505547,
                44.79899080906384
              ],
              [
                -0.5637710648498734,
                44.798905864092546
              ],
              [
                -0.5637473730467807,
                44.798213525678655
              ],
              [
                -0.5635770094311021,
                44.798101849243245
              ],
              [
                -0.5629290344382591,
                44.79780371623949
              ],
              [
                -0.5610851853810882,
                44.79759077497628
              ],
              [
                -0.5609082970927995,
                44.79831560694232
              ],
              [
                -0.5576267131801653,
                44.797924487971564
              ],
              [
                -0.5575001568248699,
                44.800123885822885
              ]
            ]
          ]
        ],
        "type": "MultiPolygon"
      },
      "properties": {
        "commune": "BEGLES",
        "has_2021": true,
        "has_2022": true,
        "has_2023": true,
        "n_observations": 24,
        "n_years_available": 3,
        "years_available": [
          2021,
          2022,
          2023
        ],
        "zone_id": "167009000"
      },
      "type": "Feature"
    },
    {
      "geometry": {
        "coordinates": [
          [
            [
              [
                -0.5771262606918316,
                44.78329687286119
              ],
              [
                -0.5754267120418722,
                44.78480721772851
              ],
              [
                -0.5761210227016436,
                44.78553558038522
              ],
              [
                -0.570973560557115,
                44.786701044885426
              ],
              [
                -0.5692284522878261,
                44.78691951536808
              ],
              [
                -0.5665249389639527,
                44.78767256777622
              ],
              [
                -0.565971712041073,
                44.782126160173554
              ],
              [
                -0.56845423241527,
                44.78102512944616
              ],
              [
                -0.5715463135479497,
                44.779085154488676
              ],
              [
                -0.5775532316002495,
                44.780362184705304
              ],
              [
                -0.5771356964927907,
                44.780482069233855
              ],
              [
                -0.5762044927208797,
                44.78034444337742
              ],
              [
                -0.5757608382954275,
                44.780571440485154
              ],
              [
                -0.5771262606918316,
                44.78329687286119
              ]
            ]
          ]
        ],
        "type": "MultiPolygon"
      },
      "properties": {
        "commune": "VILLENAVE-D'ORNON",
        "has_2021": true,
        "has_2022": true,
        "has_2023": true,
        "n_observations": 24,
        "n_years_available": 3,
        "years_available": [
          2021,
          2022,
          2023
        ],
        "zone_id": "167013000"
      },
      "type": "Feature"
    },
    {
      "geometry": {
        "coordinates": [
          [
            [
              [
                -0.5805325895131216,
                44.8027753666849
              ],
              [
                -0.5803918327460809,
                44.80322876377598
              ],
              [
                -0.5807773147691576,
                44.803596591911145
              ],
              [
                -0.5810648315907703,
                44.80425513354316
              ],
              [
                -0.5828780161656726,
                44.80485535597622
              ],
              [
                -0.580923925121137,
                44.80810172395297
              ],
              [
                -0.5806691348934473,
                44.8080558762119
              ],
              [
                -0.5807579553649818,
                44.80855681545653
              ],
              [
                -0.5765455554068944,
                44.810180818026524
              ],
              [
                -0.5762341505706351,
                44.81006287368804
              ],
              [
                -0.5738782621875861,
                44.810683168374155
              ],
              [
                -0.5738447595113448,
                44.80874659769046
              ],
              [
                -0.5736295708337154,
                44.8082634798901
              ],
              [
                -0.5726323037589457,
                44.80596296673169
              ],
              [
                -0.5731352601845771,
                44.804933755698436
              ],
              [
                -0.5737189272409071,
                44.80425971793247
              ],
              [
                -0.5741345157124554,
                44.80325045185568
              ],
              [
                -0.5771551098541285,
                44.79885951248473
              ],
              [
                -0.5808061859622468,
                44.79517180008168
              ],
              [
                -0.5813141398400208,
                44.79523913006723
              ],
              [
                -0.5815810380317263,
                44.79596957376188
              ],
              [
                -0.5809995032294913,
                44.79766916930621
              ],
              [
                -0.5827675272447066,
                44.79883679223672
              ],
              [
                -0.5815015074533334,
                44.80002322659818
              ],
              [
                -0.5805325895131216,
                44.8027753666849
              ]
            ]
          ]
        ],
        "type": "MultiPolygon"
      },
      "properties": {
        "commune": "TALENCE",
        "has_2021": true,
        "has_2022": true,
        "has_2023": true,
        "n_observations": 24,
        "n_years_available": 3,
        "years_available": [
          2021,
          2022,
          2023
        ],
        "zone_id": "168004000"
      },
      "type": "Feature"
    },
    {
      "geometry": {
        "coordinates": [
          [
            [
              [
                -0.5919097157842149,
                44.79381568372511
              ],
              [
                -0.5889783328294164,
                44.79409173433041
              ],
              [
                -0.5865121801123896,
                44.79408423259058
              ],
              [
                -0.585748607013347,
                44.79397913474127
              ],
              [
                -0.58449640065239,
                44.79323823408544
              ],
              [
                -0.5859226261740574,
                44.79196644403329
              ],
              [
                -0.5872739385242403,
                44.789519986784185
              ],
              [
                -0.5870460902238612,
                44.78830971740002
              ],
              [
                -0.5873854861069576,
                44.78756150916445
              ],
              [
                -0.589236767770366,
                44.78718167352401
              ],
              [
                -0.5907986614742713,
                44.7870850662593
              ],
              [
                -0.5908893571558729,
                44.78931542802136
              ],
              [
                -0.5913677407300127,
                44.79046436107827
              ],
              [
                -0.5915512473826697,
                44.79278088233593
              ],
              [
                -0.5919097157842149,
                44.79381568372511
              ]
            ]
          ]
        ],
        "type": "MultiPolygon"
      },
      "properties": {
        "commune": "TALENCE",
        "has_2021": true,
        "has_2022": true,
        "has_2023": true,
        "n_observations": 24,
        "n_years_available": 3,
        "years_available": [
          2021,
          2022,
          2023
        ],
        "zone_id": "168007000"
      },
      "type": "Feature"
    },
    {
      "geometry": {
        "coordinates": [
          [
            [
              [
                -0.5959612788401641,
                44.82049233130146
              ],
              [
                -0.5956650720344144,
                44.820631258872524
              ],
              [
                -0.5940081942939276,
                44.82183246883656
              ],
              [
                -0.5931053529626984,
                44.82318032454046
              ],
              [
                -0.5901802477873455,
                44.82489136376351
              ],
              [
                -0.5892724752942362,
                44.82532507920603
              ],
              [
                -0.5861044088825635,
                44.82331058068247
              ],
              [
                -0.5863199362181665,
                44.82087554912988
              ],
              [
                -0.5887057583060511,
                44.820560430192764
              ],
              [
                -0.5879720306421994,
                44.818608621859774
              ],
              [
                -0.5884482096508586,
                44.81864999427538
              ],
              [
                -0.5883416716873441,
                44.81811178356545
              ],
              [
                -0.5935620436822195,
                44.81792736716011
              ],
              [
                -0.5938378554948401,
                44.818794521474594
              ],
              [
                -0.5940777454735183,
                44.8190408842699
              ],
              [
                -0.5943733021556857,
                44.8188708405658
              ],
              [
                -0.5959612788401641,
                44.82049233130146
              ]
            ]
          ]
        ],
        "type": "MultiPolygon"
      },
      "properties": {
        "commune": "TALENCE",
        "has_2021": true,
        "has_2022": true,
        "has_2023": true,
        "n_observations": 24,
        "n_years_available": 3,
        "years_available": [
          2021,
          2022,
          2023
        ],
        "zone_id": "168008000"
      },
      "type": "Feature"
    },
    {
      "geometry": {
        "coordinates": [
          [
            [
              [
                -0.5861044088825635,
                44.82331058068247
              ],
              [
                -0.5847565336931618,
                44.822411434777266
              ],
              [
                -0.578701127909197,
                44.81853967297455
              ],
              [
                -0.5804161627991701,
                44.81777325816363
              ],
              [
                -0.5848549523597494,
                44.81825972072294
              ],
              [
                -0.5850886570367778,
                44.81789257064959
              ],
              [
                -0.5883416716873441,
                44.81811178356545
              ],
              [
                -0.5884482096508586,
                44.81864999427538
              ],
              [
                -0.5879720306421994,
                44.818608621859774
              ],
              [
                -0.5887057583060511,
                44.820560430192764
              ],
              [
                -0.5863199362181665,
                44.82087554912988
              ],
              [
                -0.5861044088825635,
                44.82331058068247
              ]
            ]
          ]
        ],
        "type": "MultiPolygon"
      },
      "properties": {
        "commune": "TALENCE",
        "has_2021": true,
        "has_2022": true,
        "has_2023": true,
        "n_observations": 24,
        "n_years_available": 3,
        "years_available": [
          2021,
          2022,
          2023
        ],
        "zone_id": "168009000"
      },
      "type": "Feature"
    },
    {
      "geometry": {
        "coordinates": [
          [
            [
              [
                -0.5914012018201982,
                44.807779864891025
              ],
              [
                -0.5922888084693725,
                44.80540700138536
              ],
              [
                -0.5885056023756798,
                44.804625605832875
              ],
              [
                -0.5893276152455897,
                44.80294783642715
              ],
              [
                -0.5929700953177894,
                44.80368779555715
              ],
              [
                -0.5937713799570001,
                44.801866512773124
              ],
              [
                -0.5933213082067161,
                44.80051031416531
              ],
              [
                -0.5963530503420926,
                44.79853203619509
              ],
              [
                -0.598161315933446,
                44.79927450057211
              ],
              [
                -0.595868342370395,
                44.800631415982245
              ],
              [
                -0.5997694183720015,
                44.80317516744919
              ],
              [
                -0.6000471470872287,
                44.804939829426154
              ],
              [
                -0.6003701767895449,
                44.80504292817987
              ],
              [
                -0.599816276508839,
                44.805980201508255
              ],
              [
                -0.5963756585929813,
                44.805964818722245
              ],
              [
                -0.5944320621687454,
                44.80627749549922
              ],
              [
                -0.5939243036722889,
                44.8064526253302
              ],
              [
                -0.5924365835324644,
                44.80751836060515
              ],
              [
                -0.5914012018201982,
                44.807779864891025
              ]
            ]
          ]
        ],
        "type": "MultiPolygon"
      },
      "properties": {
        "commune": "TALENCE",
        "has_2021": true,
        "has_2022": true,
        "has_2023": true,
        "n_observations": 24,
        "n_years_available": 3,
        "years_available": [
          2021,
          2022,
          2023
        ],
        "zone_id": "168011000"
      },
      "type": "Feature"
    },
    {
      "geometry": {
        "coordinates": [
          [
            [
              [
                -0.6037635371590413,
                44.79580456121119
              ],
              [
                -0.6001884406861454,
                44.79810867027635
              ],
              [
                -0.598035049528289,
                44.79684789261923
              ],
              [
                -0.5966881011326589,
                44.79646990574012
              ],
              [
                -0.5923258489639737,
                44.79622655883887
              ],
              [
                -0.5924020468680807,
                44.79526063342325
              ],
              [
                -0.5915512473826697,
                44.79278088233593
              ],
              [
                -0.5913677407300127,
                44.79046436107827
              ],
              [
                -0.5908893571558729,
                44.78931542802136
              ],
              [
                -0.5907986614742713,
                44.7870850662593
              ],
              [
                -0.5918036301390351,
                44.78696873750093
              ],
              [
                -0.5933097038991936,
                44.787027989483605
              ],
              [
                -0.5952829520750417,
                44.78679544742428
              ],
              [
                -0.5959936213086932,
                44.78688503642176
              ],
              [
                -0.5979446953834179,
                44.78766981990279
              ],
              [
                -0.5988187219504155,
                44.78819571694668
              ],
              [
                -0.6006802740316023,
                44.78947811306099
              ],
              [
                -0.6019731104977655,
                44.790711295897125
              ],
              [
                -0.6021768126251387,
                44.79077051337613
              ],
              [
                -0.6025386191562436,
                44.79039196444137
              ],
              [
                -0.6046284847663559,
                44.79051589926477
              ],
              [
                -0.6052796864443576,
                44.79042625079048
              ],
              [
                -0.6052606330704497,
                44.79248970839043
              ],
              [
                -0.6050057498815874,
                44.79388227114862
              ],
              [
                -0.6046669324898618,
                44.79486234477617
              ],
              [
                -0.6037635371590413,
                44.79580456121119
              ]
            ]
          ]
        ],
        "type": "MultiPolygon"
      },
      "properties": {
        "commune": "TALENCE",
        "has_2021": false,
        "has_2022": false,
        "has_2023": true,
        "n_observations": 8,
        "n_years_available": 1,
        "years_available": [
          2023
        ],
        "zone_id": "168013000"
      },
      "type": "Feature"
    },
    {
      "geometry": {
        "coordinates": [
          [
            [
              [
                -0.6000726438235405,
                44.79810547717553
              ],
              [
                -0.6037635371590413,
                44.79580456121119
              ],
              [
                -0.6075449249047045,
                44.79836745968688
              ],
              [
                -0.6062330177797602,
                44.799878227637016
              ],
              [
                -0.6059685730661803,
                44.80088545012234
              ],
              [
                -0.6057273732641874,
                44.80249305660766
              ],
              [
                -0.6055515368166675,
                44.80758370813003
              ],
              [
                -0.6045730338169457,
                44.807960728548416
              ],
              [
                -0.6014041461782175,
                44.8078022993847
              ],
              [
                -0.6008167601647805,
                44.8074663313879
              ],
              [
                -0.6003748746195613,
                44.807703273306764
              ],
              [
                -0.6002680985224838,
                44.808327681022085
              ],
              [
                -0.5992662395147961,
                44.80828272725013
              ],
              [
                -0.5986829883444137,
                44.80850539819632
              ],
              [
                -0.5964695422590384,
                44.80871692433456
              ],
              [
                -0.5956105855506905,
                44.80896469094345
              ],
              [
                -0.5946971196859907,
                44.80962701970297
              ],
              [
                -0.5943672011515551,
                44.810328915340925
              ],
              [
                -0.5936320112122001,
                44.810295122171254
              ],
              [
                -0.5913372681890464,
                44.81066144254858
              ],
              [
                -0.5914012018201982,
                44.807779864891025
              ],
              [
                -0.5924365835324644,
                44.80751836060515
              ],
              [
                -0.5939243036722889,
                44.8064526253302
              ],
              [
                -0.5944320621687454,
                44.80627749549922
              ],
              [
                -0.5963756585929813,
                44.805964818722245
              ],
              [
                -0.599816276508839,
                44.805980201508255
              ],
              [
                -0.6003701767895449,
                44.80504292817987
              ],
              [
                -0.6000471470872287,
                44.804939829426154
              ],
              [
                -0.5997694183720015,
                44.80317516744919
              ],
              [
                -0.595868342370395,
                44.800631415982245
              ],
              [
                -0.6000726438235405,
                44.79810547717553
              ]
            ]
          ]
        ],
        "type": "MultiPolygon"
      },
      "properties": {
        "commune": "TALENCE",
        "has_2021": true,
        "has_2022": true,
        "has_2023": true,
        "n_observations": 24,
        "n_years_available": 3,
        "years_available": [
          2021,
          2022,
          2023
        ],
        "zone_id": "168014000"
      },
      "type": "Feature"
    },
    {
      "geometry": {
        "coordinates": [
          [
            [
              [
                -0.6098572433150476,
                44.8134720607383
              ],
              [
                -0.6111892970787073,
                44.81451744274377
              ],
              [
                -0.6081862458352147,
                44.81631682799765
              ],
              [
                -0.6064500388052488,
                44.8169834530233
              ],
              [
                -0.6052768257403869,
                44.8172487285583
              ],
              [
                -0.6034551685406346,
                44.81822366351959
              ],
              [
                -0.6021180607868297,
                44.81873668816058
              ],
              [
                -0.6007377498038756,
                44.81895361198011
              ],
              [
                -0.5994060797046346,
                44.818881527445185
              ],
              [
                -0.5959725169127891,
                44.820485742810014
              ],
              [
                -0.5943733021556857,
                44.8188708405658
              ],
              [
                -0.5940777454735183,
                44.8190408842699
              ],
              [
                -0.5938378554948401,
                44.818794521474594
              ],
              [
                -0.5920431587582895,
                44.81401830747962
              ],
              [
                -0.5945766624403918,
                44.81387846593276
              ],
              [
                -0.5964194910320454,
                44.81355105452304
              ],
              [
                -0.5996206374881494,
                44.812646811095014
              ],
              [
                -0.6007043218789107,
                44.81254585308604
              ],
              [
                -0.600186941959853,
                44.80968851173791
              ],
              [
                -0.6003748746195613,
                44.807703273306764
              ],
              [
                -0.6008167601647805,
                44.8074663313879
              ],
              [
                -0.6014041461782175,
                44.8078022993847
              ],
              [
                -0.6045730338169457,
                44.807960728548416
              ],
              [
                -0.6055515368166675,
                44.80758370813003
              ],
              [
                -0.6055845548917288,
                44.8094184556777
              ],
              [
                -0.6057704473649618,
                44.81032266798255
              ],
              [
                -0.6061451929969474,
                44.81093416014917
              ],
              [
                -0.6071608635929717,
                44.81078034499428
              ],
              [
                -0.6069422785249239,
                44.81118219886531
              ],
              [
                -0.6098572433150476,
                44.8134720607383
              ]
            ]
          ]
        ],
        "type": "MultiPolygon"
      },
      "properties": {
        "commune": "TALENCE",
        "has_2021": true,
        "has_2022": true,
        "has_2023": true,
        "n_observations": 24,
        "n_years_available": 3,
        "years_available": [
          2021,
          2022,
          2023
        ],
        "zone_id": "168015000"
      },
      "type": "Feature"
    },
    {
      "geometry": {
        "coordinates": [
          [
            [
              [
                -0.6165694075230664,
                44.80289686261913
              ],
              [
                -0.6164278085962754,
                44.8033142166265
              ],
              [
                -0.6180972303121547,
                44.80381945825987
              ],
              [
                -0.6198162922076931,
                44.80403464943014
              ],
              [
                -0.6205291992832093,
                44.80387971547941
              ],
              [
                -0.6216157195124259,
                44.80412095902051
              ],
              [
                -0.6234542933242297,
                44.804224009912886
              ],
              [
                -0.6225155913351073,
                44.805608317187904
              ],
              [
                -0.622424033770516,
                44.80603408517165
              ],
              [
                -0.6242150035717673,
                44.807303062272865
              ],
              [
                -0.6092409941949685,
                44.81300633886768
              ],
              [
                -0.6069422785249239,
                44.81118219886531
              ],
              [
                -0.6071608635929717,
                44.81078034499428
              ],
              [
                -0.6061451929969474,
                44.81093416014917
              ],
              [
                -0.6057717103321931,
                44.81032262794749
              ],
              [
                -0.6055858178392908,
                44.80941841564468
              ],
              [
                -0.6055515368166675,
                44.80758370813003
              ],
              [
                -0.6080831909741982,
                44.8057249250004
              ],
              [
                -0.6113884296651111,
                44.80463758281768
              ],
              [
                -0.6119960314639734,
                44.80341550040502
              ],
              [
                -0.6127527628883279,
                44.80289970232535
              ],
              [
                -0.615805080577454,
                44.80254867033834
              ],
              [
                -0.6165038214408795,
                44.80213378102949
              ],
              [
                -0.6168693284956245,
                44.8016370595381
              ],
              [
                -0.6165694075230664,
                44.80289686261913
              ]
            ]
          ]
        ],
        "type": "MultiPolygon"
      },
      "properties": {
        "commune": "PESSAC",
        "has_2021": true,
        "has_2022": true,
        "has_2023": true,
        "n_observations": 24,
        "n_years_available": 3,
        "years_available": [
          2021,
          2022,
          2023
        ],
        "zone_id": "169006000"
      },
      "type": "Feature"
    },
    {
      "geometry": {
        "coordinates": [
          [
            [
              [
                -0.626849067420823,
                44.80618696122496
              ],
              [
                -0.6368991861701778,
                44.802455749927915
              ],
              [
                -0.6376180165400142,
                44.80285992582251
              ],
              [
                -0.6386927875444509,
                44.803163842394355
              ],
              [
                -0.6383533958939127,
                44.805533932255116
              ],
              [
                -0.6388910028970552,
                44.80681592974816
              ],
              [
                -0.6397079889075944,
                44.80746776404533
              ],
              [
                -0.6399679361159518,
                44.80948616334284
              ],
              [
                -0.6382427768834004,
                44.81010068968532
              ],
              [
                -0.6382707141889993,
                44.810864070859466
              ],
              [
                -0.6373343817803856,
                44.81085428846443
              ],
              [
                -0.6358690765621895,
                44.81063196336346
              ],
              [
                -0.635505189091946,
                44.80880524748908
              ],
              [
                -0.6337543415554571,
                44.809159192229885
              ],
              [
                -0.6328788549049864,
                44.80911040576243
              ],
              [
                -0.6329228032729104,
                44.810377925171274
              ],
              [
                -0.6333517494220925,
                44.81107768986711
              ],
              [
                -0.6274080768142221,
                44.81179599553403
              ],
              [
                -0.6268686033393891,
                44.80947939962204
              ],
              [
                -0.6257391743285167,
                44.80798866875179
              ],
              [
                -0.6261580939309243,
                44.80777037402071
              ],
              [
                -0.6242150035717673,
                44.807303062272865
              ],
              [
                -0.6270014281765265,
                44.806262869238296
              ],
              [
                -0.626849067420823,
                44.80618696122496
              ]
            ]
          ]
        ],
        "type": "MultiPolygon"
      },
      "properties": {
        "commune": "PESSAC",
        "has_2021": true,
        "has_2022": true,
        "has_2023": true,
        "n_observations": 24,
        "n_years_available": 3,
        "years_available": [
          2021,
          2022,
          2023
        ],
        "zone_id": "169013000"
      },
      "type": "Feature"
    },
    {
      "geometry": {
        "coordinates": [
          [
            [
              [
                -0.6644200839033607,
                44.812514631681566
              ],
              [
                -0.6632598256487879,
                44.8101969877276
              ],
              [
                -0.6602562060002269,
                44.810773925613425
              ],
              [
                -0.6590509580759457,
                44.81120304193467
              ],
              [
                -0.6592663670277785,
                44.811691671684834
              ],
              [
                -0.6566201141663661,
                44.81221611437944
              ],
              [
                -0.655833469789086,
                44.810362853975825
              ],
              [
                -0.6534413345570719,
                44.81080491633754
              ],
              [
                -0.6503434718440191,
                44.810790776010656
              ],
              [
                -0.6494553978855993,
                44.809086850969464
              ],
              [
                -0.6491290662929238,
                44.80560329068797
              ],
              [
                -0.6572418787167071,
                44.8050619168501
              ],
              [
                -0.6611426743314649,
                44.80586231680763
              ],
              [
                -0.6615169903190181,
                44.805059587136356
              ],
              [
                -0.6624804907507015,
                44.80426337872485
              ],
              [
                -0.6698136577030427,
                44.808885150956684
              ],
              [
                -0.670883552732438,
                44.809970935219845
              ],
              [
                -0.6716543605599854,
                44.811146811876064
              ],
              [
                -0.6722738854047703,
                44.81301267171827
              ],
              [
                -0.6718009607510674,
                44.812925600637286
              ],
              [
                -0.6650350478402306,
                44.81361368207564
              ],
              [
                -0.6644200839033607,
                44.812514631681566
              ]
            ]
          ]
        ],
        "type": "MultiPolygon"
      },
      "properties": {
        "commune": "PESSAC",
        "has_2021": true,
        "has_2022": true,
        "has_2023": true,
        "n_observations": 24,
        "n_years_available": 3,
        "years_available": [
          2021,
          2022,
          2023
        ],
        "zone_id": "169016000"
      },
      "type": "Feature"
    },
    {
      "geometry": {
        "coordinates": [
          [
            [
              [
                -0.6542249162994535,
                44.82641020717614
              ],
              [
                -0.6536318597002537,
                44.826444116668895
              ],
              [
                -0.6542200282980589,
                44.82913768325366
              ],
              [
                -0.6540901031026747,
                44.83027485266145
              ],
              [
                -0.6544454483764642,
                44.832172968937115
              ],
              [
                -0.6529530076586457,
                44.83290625423181
              ],
              [
                -0.6500096404099449,
                44.833203303963806
              ],
              [
                -0.6466506564578062,
                44.832600860943444
              ],
              [
                -0.6405527133151615,
                44.83282827546326
              ],
              [
                -0.6396464405772111,
                44.829594420319246
              ],
              [
                -0.6382850266549245,
                44.82752467745977
              ],
              [
                -0.637552226019412,
                44.82588857889588
              ],
              [
                -0.638993184105675,
                44.82588547200472
              ],
              [
                -0.6424617567254852,
                44.82496309440714
              ],
              [
                -0.6442395466839954,
                44.8246460025387
              ],
              [
                -0.6456651356897624,
                44.82479653614141
              ],
              [
                -0.6491712760164411,
                44.824162096599146
              ],
              [
                -0.6511851795196303,
                44.82323321262797
              ],
              [
                -0.6565372559381195,
                44.82274954443622
              ],
              [
                -0.6565943403442469,
                44.82366513570356
              ],
              [
                -0.6562963954472241,
                44.823679485508315
              ],
              [
                -0.656093413778508,
                44.82419904249321
              ],
              [
                -0.6563038724306267,
                44.82673195533032
              ],
              [
                -0.6542249162994535,
                44.82641020717614
              ]
            ]
          ]
        ],
        "type": "MultiPolygon"
      },
      "properties": {
        "commune": "MERIGNAC",
        "has_2021": true,
        "has_2022": true,
        "has_2023": true,
        "n_observations": 24,
        "n_years_available": 3,
        "years_available": [
          2021,
          2022,
          2023
        ],
        "zone_id": "171001000"
      },
      "type": "Feature"
    },
    {
      "geometry": {
        "coordinates": [
          [
            [
              [
                -0.6582972335054995,
                44.84694807820584
              ],
              [
                -0.6560207176961832,
                44.84955665927788
              ],
              [
                -0.6552199772845793,
                44.84924509889944
              ],
              [
                -0.6534821513067469,
                44.84917522385678
              ],
              [
                -0.6529171267823488,
                44.84901985544279
              ],
              [
                -0.6517253537610367,
                44.848268685781534
              ],
              [
                -0.6492657587225972,
                44.846274006594356
              ],
              [
                -0.6476077363185643,
                44.845657016675474
              ],
              [
                -0.64630319599819,
                44.84459041992771
              ],
              [
                -0.6450652596949923,
                44.8443715310621
              ],
              [
                -0.6461544717868066,
                44.84298294624873
              ],
              [
                -0.6466821312179616,
                44.84174521804268
              ],
              [
                -0.6516079477573795,
                44.84110721849675
              ],
              [
                -0.65520373782716,
                44.84137005478094
              ],
              [
                -0.6547371003486605,
                44.842355253290414
              ],
              [
                -0.6554923525831812,
                44.842514230284536
              ],
              [
                -0.6555647867784395,
                44.84317880120444
              ],
              [
                -0.6568861714947223,
                44.84351110462878
              ],
              [
                -0.6572173509473853,
                44.843791256993434
              ],
              [
                -0.6587066495200862,
                44.84420903996372
              ],
              [
                -0.6596607902992343,
                44.84429106023105
              ],
              [
                -0.6593880616075732,
                44.84533391422109
              ],
              [
                -0.6582972335054995,
                44.84694807820584
              ]
            ]
          ]
        ],
        "type": "MultiPolygon"
      },
      "properties": {
        "commune": "MERIGNAC",
        "has_2021": true,
        "has_2022": true,
        "has_2023": true,
        "n_observations": 24,
        "n_years_available": 3,
        "years_available": [
          2021,
          2022,
          2023
        ],
        "zone_id": "171010000"
      },
      "type": "Feature"
    },
    {
      "geometry": {
        "coordinates": [
          [
            [
              [
                -0.6363768685582414,
                44.85491160998897
              ],
              [
                -0.6361291775712906,
                44.8547656590357
              ],
              [
                -0.6365261007432169,
                44.85367467842863
              ],
              [
                -0.6369843398802548,
                44.853725439474104
              ],
              [
                -0.6370981628795688,
                44.85348830583446
              ],
              [
                -0.6370996057872657,
                44.851868644588016
              ],
              [
                -0.6377307066310763,
                44.84993446817362
              ],
              [
                -0.6390959704270106,
                44.84750306538086
              ],
              [
                -0.6407086807447874,
                44.848341522108434
              ],
              [
                -0.6427995922199063,
                44.85102182673097
              ],
              [
                -0.6445933023403829,
                44.850937654499845
              ],
              [
                -0.6451804649757168,
                44.85248748805597
              ],
              [
                -0.6506355401489816,
                44.85391518269668
              ],
              [
                -0.6549731264940521,
                44.85409408324779
              ],
              [
                -0.6547439493915329,
                44.85524452457829
              ],
              [
                -0.6550262591832643,
                44.856739422617416
              ],
              [
                -0.6495915428028209,
                44.8561568053067
              ],
              [
                -0.639145427237396,
                44.85627736060455
              ],
              [
                -0.6375269473734071,
                44.85654582892377
              ],
              [
                -0.6369353526766499,
                44.85637321271022
              ],
              [
                -0.6372511299360177,
                44.8554192270012
              ],
              [
                -0.6363768685582414,
                44.85491160998897
              ]
            ]
          ]
        ],
        "type": "MultiPolygon"
      },
      "properties": {
        "commune": "MERIGNAC",
        "has_2021": true,
        "has_2022": true,
        "has_2023": true,
        "n_observations": 24,
        "n_years_available": 3,
        "years_available": [
          2021,
          2022,
          2023
        ],
        "zone_id": "171011000"
      },
      "type": "Feature"
    },
    {
      "geometry": {
        "coordinates": [
          [
            [
              [
                -0.6382419276245023,
                44.86069448700021
              ],
              [
                -0.6386686030744227,
                44.85992603960176
              ],
              [
                -0.6383490228448142,
                44.85986355574896
              ],
              [
                -0.6387321410749585,
                44.8592056812827
              ],
              [
                -0.6372211993056407,
                44.858633287707605
              ],
              [
                -0.637281632105279,
                44.85835281825062
              ],
              [
                -0.638554299777984,
                44.856833875618314
              ],
              [
                -0.6375269473734071,
                44.85654582892377
              ],
              [
                -0.6385536303372678,
                44.856356182925126
              ],
              [
                -0.6437579600586407,
                44.85616197642911
              ],
              [
                -0.6495915428028209,
                44.8561568053067
              ],
              [
                -0.6571550533558045,
                44.85702404991297
              ],
              [
                -0.6604667641797647,
                44.85744699609003
              ],
              [
                -0.6572510183567705,
                44.86025334033418
              ],
              [
                -0.655496394487459,
                44.860786150103785
              ],
              [
                -0.655108270543361,
                44.86064393644438
              ],
              [
                -0.6543377167816846,
                44.86091622484851
              ],
              [
                -0.654045894741509,
                44.86159104541398
              ],
              [
                -0.6531454538449958,
                44.86156120683678
              ],
              [
                -0.6530954548226795,
                44.862759762653475
              ],
              [
                -0.6462963883831118,
                44.86246693997867
              ],
              [
                -0.64507797539041,
                44.86216633859277
              ],
              [
                -0.6423395233583272,
                44.861133247004155
              ],
              [
                -0.6382419276245023,
                44.86069448700021
              ]
            ]
          ]
        ],
        "type": "MultiPolygon"
      },
      "properties": {
        "commune": "MERIGNAC",
        "has_2021": true,
        "has_2022": true,
        "has_2023": true,
        "n_observations": 24,
        "n_years_available": 3,
        "years_available": [
          2021,
          2022,
          2023
        ],
        "zone_id": "171015000"
      },
      "type": "Feature"
    },
    {
      "geometry": {
        "coordinates": [
          [
            [
              [
                -0.6022174673841505,
                44.83219111461698
              ],
              [
                -0.6021545168524313,
                44.83243560867226
              ],
              [
                -0.6063887400248633,
                44.833086562921025
              ],
              [
                -0.6092763966137821,
                44.83316292427712
              ],
              [
                -0.6105477875708708,
                44.83355237607858
              ],
              [
                -0.6088889489319442,
                44.83661213078464
              ],
              [
                -0.6067576238767528,
                44.83697525988317
              ],
              [
                -0.605023469075709,
                44.8364809756315
              ],
              [
                -0.6032781034766237,
                44.836266455919166
              ],
              [
                -0.60221784819271,
                44.83628551851707
              ],
              [
                -0.6008037742123167,
                44.83659285953663
              ],
              [
                -0.5989596322186446,
                44.83661480186104
              ],
              [
                -0.5985401995911249,
                44.83131637941071
              ],
              [
                -0.6027688966353256,
                44.83040309057533
              ],
              [
                -0.6022174673841505,
                44.83219111461698
              ]
            ]
          ]
        ],
        "type": "MultiPolygon"
      },
      "properties": {
        "commune": "BORDEAUX",
        "has_2021": true,
        "has_2022": true,
        "has_2023": true,
        "n_observations": 24,
        "n_years_available": 3,
        "years_available": [
          2021,
          2022,
          2023
        ],
        "zone_id": "172001000"
      },
      "type": "Feature"
    },
    {
      "geometry": {
        "coordinates": [
          [
            [
              [
                -0.598415184727525,
                44.823119890274484
              ],
              [
                -0.6000831489028428,
                44.8235974386185
              ],
              [
                -0.5987045255204495,
                44.825047324547356
              ],
              [
                -0.597203921655496,
                44.82609549846794
              ],
              [
                -0.5966147371867427,
                44.826722988339185
              ],
              [
                -0.5989627313222238,
                44.82682251336866
              ],
              [
                -0.5997282366181046,
                44.82671199901544
              ],
              [
                -0.6009259703332782,
                44.8271030715277
              ],
              [
                -0.601482654460037,
                44.82711472934294
              ],
              [
                -0.6017158759090341,
                44.82723508376448
              ],
              [
                -0.603091962328591,
                44.82957518439518
              ],
              [
                -0.6027688966353256,
                44.83040309057533
              ],
              [
                -0.5985401995911249,
                44.83131637941071
              ],
              [
                -0.5892724752942362,
                44.82532507920603
              ],
              [
                -0.5901772734490022,
                44.82489528535599
              ],
              [
                -0.5931053529626984,
                44.82318032454046
              ],
              [
                -0.5940081942939276,
                44.82183246883656
              ],
              [
                -0.598415184727525,
                44.823119890274484
              ]
            ]
          ]
        ],
        "type": "MultiPolygon"
      },
      "properties": {
        "commune": "BORDEAUX",
        "has_2021": true,
        "has_2022": true,
        "has_2023": true,
        "n_observations": 24,
        "n_years_available": 3,
        "years_available": [
          2021,
          2022,
          2023
        ],
        "zone_id": "172002000"
      },
      "type": "Feature"
    },
    {
      "geometry": {
        "coordinates": [
          [
            [
              [
                -0.6121913922592771,
                44.83279675941329
              ],
              [
                -0.6112309467897215,
                44.83328225052382
              ],
              [
                -0.6105456593566805,
                44.834227522697084
              ],
              [
                -0.6102520231737102,
                44.83417215950375
              ],
              [
                -0.6105477875708708,
                44.83355237607858
              ],
              [
                -0.6092763966137821,
                44.83316292427712
              ],
              [
                -0.6063887400248633,
                44.833086562921025
              ],
              [
                -0.6021545168524313,
                44.83243560867226
              ],
              [
                -0.6027688966353256,
                44.83040309057533
              ],
              [
                -0.6033197059498594,
                44.83055914818074
              ],
              [
                -0.6041141887359849,
                44.830249416861754
              ],
              [
                -0.6063984703654903,
                44.83016163831282
              ],
              [
                -0.6129326562360712,
                44.8278994787335
              ],
              [
                -0.6138320105393339,
                44.82959429307737
              ],
              [
                -0.6137166868838823,
                44.83101126483538
              ],
              [
                -0.613288336691932,
                44.83201118373687
              ],
              [
                -0.6121913922592771,
                44.83279675941329
              ]
            ]
          ]
        ],
        "type": "MultiPolygon"
      },
      "properties": {
        "commune": "BORDEAUX",
        "has_2021": true,
        "has_2022": true,
        "has_2023": true,
        "n_observations": 24,
        "n_years_available": 3,
        "years_available": [
          2021,
          2022,
          2023
        ],
        "zone_id": "172005000"
      },
      "type": "Feature"
    },
    {
      "geometry": {
        "coordinates": [
          [
            [
              [
                -0.6060889329410228,
                44.84447220185358
              ],
              [
                -0.6069315900653075,
                44.844611522422696
              ],
              [
                -0.6045324061850311,
                44.8500033666167
              ],
              [
                -0.6003591629937126,
                44.8493142544401
              ],
              [
                -0.597634284669897,
                44.84825177664157
              ],
              [
                -0.5987877046866779,
                44.84539512155216
              ],
              [
                -0.6005434136719502,
                44.84511466058672
              ],
              [
                -0.6016680955667885,
                44.844616685707955
              ],
              [
                -0.6035035075445906,
                44.84461300043819
              ],
              [
                -0.6049562257408861,
                44.844331432665776
              ],
              [
                -0.6060889329410228,
                44.84447220185358
              ]
            ]
          ]
        ],
        "type": "MultiPolygon"
      },
      "properties": {
        "commune": "BORDEAUX",
        "has_2021": true,
        "has_2022": true,
        "has_2023": true,
        "n_observations": 24,
        "n_years_available": 3,
        "years_available": [
          2021,
          2022,
          2023
        ],
        "zone_id": "172006000"
      },
      "type": "Feature"
    },
    {
      "geometry": {
        "coordinates": [
          [
            [
              [
                -0.5987877046866779,
                44.84539512155216
              ],
              [
                -0.5996380503452043,
                44.843284726329905
              ],
              [
                -0.5989596322186446,
                44.83661480186104
              ],
              [
                -0.6008037742123167,
                44.83659285953663
              ],
              [
                -0.6025949262719709,
                44.836257997798135
              ],
              [
                -0.6043976395416146,
                44.836381440015934
              ],
              [
                -0.6057527298572982,
                44.83663299172288
              ],
              [
                -0.607595919874171,
                44.83726703985172
              ],
              [
                -0.609073533619946,
                44.83796616249436
              ],
              [
                -0.6111928099333686,
                44.838323403330456
              ],
              [
                -0.6119256301834095,
                44.83925853657953
              ],
              [
                -0.6069106692974773,
                44.83965243204066
              ],
              [
                -0.6080943952370513,
                44.84001685779628
              ],
              [
                -0.608361396191045,
                44.84028935979821
              ],
              [
                -0.6071259936080938,
                44.8430045084429
              ],
              [
                -0.6060889329410228,
                44.84447220185358
              ],
              [
                -0.6049562257408861,
                44.844331432665776
              ],
              [
                -0.6035035075445906,
                44.84461300043819
              ],
              [
                -0.6016680955667885,
                44.844616685707955
              ],
              [
                -0.6005434136719502,
                44.84511466058672
              ],
              [
                -0.5987877046866779,
                44.84539512155216
              ]
            ]
          ]
        ],
        "type": "MultiPolygon"
      },
      "properties": {
        "commune": "BORDEAUX",
        "has_2021": true,
        "has_2022": true,
        "has_2023": true,
        "n_observations": 24,
        "n_years_available": 3,
        "years_available": [
          2021,
          2022,
          2023
        ],
        "zone_id": "172007000"
      },
      "type": "Feature"
    },
    {
      "geometry": {
        "coordinates": [
          [
            [
              [
                -0.6143732234001014,
                44.852306775330604
              ],
              [
                -0.6147151787542193,
                44.85232537418174
              ],
              [
                -0.6139395734022486,
                44.85535191150186
              ],
              [
                -0.6112988554348546,
                44.855214380920835
              ],
              [
                -0.6049471062751075,
                44.85547416288879
              ],
              [
                -0.6032125014993842,
                44.85569185749057
              ],
              [
                -0.6012860294323839,
                44.85564444853171
              ],
              [
                -0.5986250184169586,
                44.854338365486534
              ],
              [
                -0.5939838124465676,
                44.85319186751863
              ],
              [
                -0.597634284669897,
                44.84825177664157
              ],
              [
                -0.6003591629937126,
                44.8493142544401
              ],
              [
                -0.6045324061850311,
                44.8500033666167
              ],
              [
                -0.6085320581556706,
                44.85122076001002
              ],
              [
                -0.6124288890139019,
                44.85217905100608
              ],
              [
                -0.6143732234001014,
                44.852306775330604
              ]
            ]
          ]
        ],
        "type": "MultiPolygon"
      },
      "properties": {
        "commune": "BORDEAUX",
        "has_2021": true,
        "has_2022": true,
        "has_2023": true,
        "n_observations": 24,
        "n_years_available": 3,
        "years_available": [
          2021,
          2022,
          2023
        ],
        "zone_id": "172012000"
      },
      "type": "Feature"
    },
    {
      "geometry": {
        "coordinates": [
          [
            [
              [
                -0.6199135915111493,
                44.852518170637524
              ],
              [
                -0.6188553178220557,
                44.85237606752343
              ],
              [
                -0.616408026250881,
                44.85250365878951
              ],
              [
                -0.6143732234001014,
                44.852306775330604
              ],
              [
                -0.6139159252605729,
                44.85061738243571
              ],
              [
                -0.6134850250422978,
                44.84963096537407
              ],
              [
                -0.6129633394637248,
                44.84932079583048
              ],
              [
                -0.6129312989589156,
                44.848961392516586
              ],
              [
                -0.6135060131964661,
                44.8473978723223
              ],
              [
                -0.6134102364392475,
                44.84724777246154
              ],
              [
                -0.6141135785204324,
                44.846445236242545
              ],
              [
                -0.6150420963246759,
                44.84628521975119
              ],
              [
                -0.6154823414731733,
                44.84529203714898
              ],
              [
                -0.6170624402587883,
                44.84549289461041
              ],
              [
                -0.6185639625090706,
                44.84614601242432
              ],
              [
                -0.6214330582445075,
                44.847023965119334
              ],
              [
                -0.621226710156447,
                44.84792928820237
              ],
              [
                -0.6195434203595146,
                44.85054928982953
              ],
              [
                -0.6199135915111493,
                44.852518170637524
              ]
            ]
          ]
        ],
        "type": "MultiPolygon"
      },
      "properties": {
        "commune": "BORDEAUX",
        "has_2021": true,
        "has_2022": true,
        "has_2023": true,
        "n_observations": 24,
        "n_years_available": 3,
        "years_available": [
          2021,
          2022,
          2023
        ],
        "zone_id": "172015000"
      },
      "type": "Feature"
    },
    {
      "geometry": {
        "coordinates": [
          [
            [
              [
                -0.6212797732460653,
                44.8532288917294
              ],
              [
                -0.6251241763446233,
                44.85556561734161
              ],
              [
                -0.6264220832419759,
                44.85594406631635
              ],
              [
                -0.6262320491902611,
                44.85931841760606
              ],
              [
                -0.6256055366425257,
                44.86152630874872
              ],
              [
                -0.6246025614964871,
                44.863086772367524
              ],
              [
                -0.6236193038736879,
                44.865130522905034
              ],
              [
                -0.6228423440546293,
                44.86616985079896
              ],
              [
                -0.6207180177548127,
                44.86437802561245
              ],
              [
                -0.6186025916491376,
                44.86337275385761
              ],
              [
                -0.6197184082499481,
                44.85840993825685
              ],
              [
                -0.6196135466470181,
                44.85763018268458
              ],
              [
                -0.6207831004025107,
                44.85413371880339
              ],
              [
                -0.6213038352463578,
                44.85344441536475
              ],
              [
                -0.6212797732460653,
                44.8532288917294
              ]
            ]
          ]
        ],
        "type": "MultiPolygon"
      },
      "properties": {
        "commune": "BORDEAUX",
        "has_2021": true,
        "has_2022": true,
        "has_2023": true,
        "n_observations": 24,
        "n_years_available": 3,
        "years_available": [
          2021,
          2022,
          2023
        ],
        "zone_id": "172021000"
      },
      "type": "Feature"
    },
    {
      "geometry": {
        "coordinates": [
          [
            [
              [
                -0.6012936949922499,
                44.855612387717535
              ],
              [
                -0.6036591786883784,
                44.85726782676397
              ],
              [
                -0.6052148044789248,
                44.85814229430295
              ],
              [
                -0.5993102628499253,
                44.85994546191667
              ],
              [
                -0.5997489663814439,
                44.86056297462411
              ],
              [
                -0.5970984812557911,
                44.861677281720155
              ],
              [
                -0.5965663901888714,
                44.85829855515983
              ],
              [
                -0.5962219690027125,
                44.85798532181218
              ],
              [
                -0.5953788697136378,
                44.856376790158286
              ],
              [
                -0.5930620992686383,
                44.85445012622803
              ],
              [
                -0.5939838124465676,
                44.85319186751863
              ],
              [
                -0.5986250184169586,
                44.854338365486534
              ],
              [
                -0.6012936949922499,
                44.855612387717535
              ]
            ]
          ]
        ],
        "type": "MultiPolygon"
      },
      "properties": {
        "commune": "BOUSCAT (LE )",
        "has_2021": true,
        "has_2022": true,
        "has_2023": true,
        "n_observations": 24,
        "n_years_available": 3,
        "years_available": [
          2021,
          2022,
          2023
        ],
        "zone_id": "173001000"
      },
      "type": "Feature"
    },
    {
      "geometry": {
        "coordinates": [
          [
            [
              [
                -0.6225966216400587,
                44.865994981048345
              ],
              [
                -0.6311373156276535,
                44.87181300229249
              ],
              [
                -0.6304464241323782,
                44.87361390333269
              ],
              [
                -0.6275510828236774,
                44.87437368813049
              ],
              [
                -0.6257756757263669,
                44.875007661620494
              ],
              [
                -0.6246109037185849,
                44.87549902884563
              ],
              [
                -0.622318044375833,
                44.876880205846156
              ],
              [
                -0.6216498539086628,
                44.87648328219829
              ],
              [
                -0.6132359954101678,
                44.87079842479232
              ],
              [
                -0.6174536187978182,
                44.86750838347978
              ],
              [
                -0.6137662705004185,
                44.865059835127184
              ],
              [
                -0.6163176081986905,
                44.86443238827344
              ],
              [
                -0.6182024085711104,
                44.86323890758159
              ],
              [
                -0.6185931389714011,
                44.86337350859505
              ],
              [
                -0.6187896296947879,
                44.863466385209904
              ],
              [
                -0.6204558622660573,
                44.86420547589016
              ],
              [
                -0.6225966216400587,
                44.865994981048345
              ]
            ]
          ]
        ],
        "type": "MultiPolygon"
      },
      "properties": {
        "commune": "BOUSCAT (LE )",
        "has_2021": true,
        "has_2022": true,
        "has_2023": true,
        "n_observations": 24,
        "n_years_available": 3,
        "years_available": [
          2021,
          2022,
          2023
        ],
        "zone_id": "173004000"
      },
      "type": "Feature"
    },
    {
      "geometry": {
        "coordinates": [
          [
            [
              [
                -0.5760565750413926,
                44.86929994214633
              ],
              [
                -0.5758092908518507,
                44.866256230933296
              ],
              [
                -0.5755571985729256,
                44.8660192186498
              ],
              [
                -0.5873531790103688,
                44.861396171183436
              ],
              [
                -0.5867709417721343,
                44.8631310108683
              ],
              [
                -0.5877030341022258,
                44.86472679715912
              ],
              [
                -0.5881428778761342,
                44.86585804816453
              ],
              [
                -0.5882765986189902,
                44.86697948789375
              ],
              [
                -0.5840148083909144,
                44.867281174371634
              ],
              [
                -0.5840921212487756,
                44.86803487997315
              ],
              [
                -0.580878103460203,
                44.8682738244426
              ],
              [
                -0.5816792148895802,
                44.868594087874456
              ],
              [
                -0.5817932133404242,
                44.86934745078324
              ],
              [
                -0.5760565750413926,
                44.86929994214633
              ]
            ]
          ]
        ],
        "type": "MultiPolygon"
      },
      "properties": {
        "commune": "BOUSCAT (LE )",
        "has_2021": true,
        "has_2022": true,
        "has_2023": true,
        "n_observations": 24,
        "n_years_available": 3,
        "years_available": [
          2021,
          2022,
          2023
        ],
        "zone_id": "173005000"
      },
      "type": "Feature"
    },
    {
      "geometry": {
        "coordinates": [
          [
            [
              [
                -0.5875119561287556,
                44.8613018076651
              ],
              [
                -0.5887232935713846,
                44.86028931297564
              ],
              [
                -0.5930620992686383,
                44.85445012622803
              ],
              [
                -0.5953788697136378,
                44.856376790158286
              ],
              [
                -0.5962219690027125,
                44.85798532181218
              ],
              [
                -0.5965663901888714,
                44.85829855515983
              ],
              [
                -0.5970984812557911,
                44.861677281720155
              ],
              [
                -0.5951717649644624,
                44.8623228582018
              ],
              [
                -0.5931160229618673,
                44.862279566401966
              ],
              [
                -0.591698148838488,
                44.86245969672344
              ],
              [
                -0.5881842309585437,
                44.862561756567274
              ],
              [
                -0.5881956059239531,
                44.86228286708427
              ],
              [
                -0.5872241161217211,
                44.86209161046131
              ],
              [
                -0.5875119561287556,
                44.8613018076651
              ]
            ]
          ]
        ],
        "type": "MultiPolygon"
      },
      "properties": {
        "commune": "BOUSCAT (LE )",
        "has_2021": true,
        "has_2022": true,
        "has_2023": true,
        "n_observations": 24,
        "n_years_available": 3,
        "years_available": [
          2021,
          2022,
          2023
        ],
        "zone_id": "173006000"
      },
      "type": "Feature"
    },
    {
      "geometry": {
        "coordinates": [
          [
            [
              [
                -0.5972075970389926,
                44.868560391370146
              ],
              [
                -0.5967524955852829,
                44.86760990462254
              ],
              [
                -0.5949858408424921,
                44.86553292767456
              ],
              [
                -0.5946349115236157,
                44.86371382216279
              ],
              [
                -0.5934951116612706,
                44.86293510547582
              ],
              [
                -0.5931160229618673,
                44.862279566401966
              ],
              [
                -0.5942878870744004,
                44.862391211743365
              ],
              [
                -0.5956847611159357,
                44.86221972936099
              ],
              [
                -0.5997489663814439,
                44.86056297462411
              ],
              [
                -0.6017814979679825,
                44.861922885148125
              ],
              [
                -0.6007561695655362,
                44.86265191989172
              ],
              [
                -0.6011633817046913,
                44.86388334058273
              ],
              [
                -0.6010971477885652,
                44.86526089426693
              ],
              [
                -0.6000103782677358,
                44.865289856181434
              ],
              [
                -0.6006850288167529,
                44.86584928005388
              ],
              [
                -0.6013283549175235,
                44.8660392748039
              ],
              [
                -0.6022381935462694,
                44.86700472662848
              ],
              [
                -0.6004404625236073,
                44.86794456779249
              ],
              [
                -0.60134263181081,
                44.86851372965129
              ],
              [
                -0.6020361629233582,
                44.86918785440543
              ],
              [
                -0.60234323096068,
                44.86925272798827
              ],
              [
                -0.6030117021355509,
                44.87038642685581
              ],
              [
                -0.5992175088437811,
                44.87021761648499
              ],
              [
                -0.5982754588980986,
                44.87056717888807
              ],
              [
                -0.5976026290717179,
                44.869818421241504
              ],
              [
                -0.5972075970389926,
                44.868560391370146
              ]
            ]
          ]
        ],
        "type": "MultiPolygon"
      },
      "properties": {
        "commune": "BOUSCAT (LE )",
        "has_2021": true,
        "has_2022": true,
        "has_2023": true,
        "n_observations": 24,
        "n_years_available": 3,
        "years_available": [
          2021,
          2022,
          2023
        ],
        "zone_id": "173007000"
      },
      "type": "Feature"
    },
    {
      "geometry": {
        "coordinates": [
          [
            [
              [
                -0.6096568668565158,
                44.8877843028114
              ],
              [
                -0.6082961692612211,
                44.885097664896676
              ],
              [
                -0.6068737952467206,
                44.88308894117336
              ],
              [
                -0.6053048796458456,
                44.88151849500863
              ],
              [
                -0.606092546827093,
                44.88010584747934
              ],
              [
                -0.6057499892976508,
                44.87986374373333
              ],
              [
                -0.6055308443965213,
                44.8792939779505
              ],
              [
                -0.609079077659565,
                44.880557681779706
              ],
              [
                -0.611010575877275,
                44.88066968513388
              ],
              [
                -0.6118805539291643,
                44.88087027599449
              ],
              [
                -0.6120091815514495,
                44.8804082191008
              ],
              [
                -0.6127558253940937,
                44.87944299775322
              ],
              [
                -0.6136511936048565,
                44.88057106654085
              ],
              [
                -0.6164838477045241,
                44.88125036535862
              ],
              [
                -0.6156072568121633,
                44.88334558582021
              ],
              [
                -0.6163934306166627,
                44.88360294376336
              ],
              [
                -0.615400443081988,
                44.88493498624717
              ],
              [
                -0.6152190553851924,
                44.88605578161072
              ],
              [
                -0.6145394988133056,
                44.88733336473595
              ],
              [
                -0.6146110178760193,
                44.887971849618715
              ],
              [
                -0.6118386581828584,
                44.88750506851482
              ],
              [
                -0.6121454416056635,
                44.88612789442362
              ],
              [
                -0.61097821064195,
                44.88560162233563
              ],
              [
                -0.6096568668565158,
                44.8877843028114
              ]
            ]
          ]
        ],
        "type": "MultiPolygon"
      },
      "properties": {
        "commune": "BRUGES",
        "has_2021": true,
        "has_2022": true,
        "has_2023": true,
        "n_observations": 24,
        "n_years_available": 3,
        "years_available": [
          2021,
          2022,
          2023
        ],
        "zone_id": "173010000"
      },
      "type": "Feature"
    },
    {
      "geometry": {
        "coordinates": [
          [
            [
              [
                -0.6291679813785794,
                44.881478004288745
              ],
              [
                -0.6280671901265986,
                44.88266856971081
              ],
              [
                -0.6281573093185615,
                44.883630036349885
              ],
              [
                -0.627737616704104,
                44.88455044945175
              ],
              [
                -0.6270720519185664,
                44.88541401103397
              ],
              [
                -0.6267439200181942,
                44.88539680447009
              ],
              [
                -0.6260131039494401,
                44.88617235390859
              ],
              [
                -0.6266424343110133,
                44.8864167102937
              ],
              [
                -0.6249233136581384,
                44.889045187312114
              ],
              [
                -0.6264062519736916,
                44.88929327581479
              ],
              [
                -0.6266355193887337,
                44.89146588844901
              ],
              [
                -0.6297586599170846,
                44.89805244973584
              ],
              [
                -0.627118113458326,
                44.89863542847243
              ],
              [
                -0.624538956857097,
                44.899461415629105
              ],
              [
                -0.6225537945895403,
                44.89974787013505
              ],
              [
                -0.6212330312293869,
                44.90016955609639
              ],
              [
                -0.6205657130817305,
                44.900008348419064
              ],
              [
                -0.6157166547932882,
                44.90042322359846
              ],
              [
                -0.6096568668565158,
                44.8877843028114
              ],
              [
                -0.61097821064195,
                44.88560162233563
              ],
              [
                -0.6121454416056635,
                44.88612789442362
              ],
              [
                -0.6118386581828584,
                44.88750506851482
              ],
              [
                -0.6146110178760193,
                44.887971849618715
              ],
              [
                -0.6145394988133056,
                44.88733336473595
              ],
              [
                -0.6152190553851924,
                44.88605578161072
              ],
              [
                -0.615400443081988,
                44.88493498624717
              ],
              [
                -0.6163934306166627,
                44.88360294376336
              ],
              [
                -0.6156072568121633,
                44.88334558582021
              ],
              [
                -0.6164838477045241,
                44.88125036535862
              ],
              [
                -0.6136511936048565,
                44.88057106654085
              ],
              [
                -0.6140650822098009,
                44.88002942079244
              ],
              [
                -0.6149416938218342,
                44.87941147035895
              ],
              [
                -0.6149575924109626,
                44.87727763660428
              ],
              [
                -0.6154245360694698,
                44.87675222676634
              ],
              [
                -0.6172006480683079,
                44.87347321632162
              ],
              [
                -0.6215757164987351,
                44.876443010978555
              ],
              [
                -0.6219455979449834,
                44.876651659407344
              ],
              [
                -0.6238258407758207,
                44.87788697472906
              ],
              [
                -0.6261620565879918,
                44.879201328334744
              ],
              [
                -0.6291679813785794,
                44.881478004288745
              ]
            ]
          ]
        ],
        "type": "MultiPolygon"
      },
      "properties": {
        "commune": "BRUGES",
        "has_2021": true,
        "has_2022": true,
        "has_2023": true,
        "n_observations": 24,
        "n_years_available": 3,
        "years_available": [
          2021,
          2022,
          2023
        ],
        "zone_id": "173012000"
      },
      "type": "Feature"
    },
    {
      "geometry": {
        "coordinates": [
          [
            [
              [
                -0.5760565750413926,
                44.86929994214633
              ],
              [
                -0.5828857946819888,
                44.869408653385904
              ],
              [
                -0.5833673933435412,
                44.869188474712
              ],
              [
                -0.5839871289728042,
                44.8691891482944
              ],
              [
                -0.5859214032572293,
                44.86958901460386
              ],
              [
                -0.5867665316226128,
                44.87006198610453
              ],
              [
                -0.5890852416202101,
                44.87009062689912
              ],
              [
                -0.589688279674749,
                44.87024592493245
              ],
              [
                -0.5903382671071882,
                44.87008346451459
              ],
              [
                -0.5924805689558191,
                44.870405227951956
              ],
              [
                -0.5924140274042452,
                44.87061379356216
              ],
              [
                -0.59310498029696,
                44.87087439793696
              ],
              [
                -0.5933062133100777,
                44.87071103623817
              ],
              [
                -0.5940699135082718,
                44.87093961243269
              ],
              [
                -0.5949968069873272,
                44.87148101901859
              ],
              [
                -0.5933133621881725,
                44.87323714101737
              ],
              [
                -0.5962395777755009,
                44.87352806353815
              ],
              [
                -0.5985855266440505,
                44.87330694015864
              ],
              [
                -0.5989523330193034,
                44.87359153626397
              ],
              [
                -0.6002974081021889,
                44.87389222925447
              ],
              [
                -0.6022115135424212,
                44.87539470485019
              ],
              [
                -0.6038963235392174,
                44.877824863126456
              ],
              [
                -0.6055308443965213,
                44.8792939779505
              ],
              [
                -0.6057499892976508,
                44.87986374373333
              ],
              [
                -0.606092546827093,
                44.88010584747934
              ],
              [
                -0.6053048796458456,
                44.88151849500863
              ],
              [
                -0.6068737952467206,
                44.88308894117336
              ],
              [
                -0.6084644395652307,
                44.88538870339946
              ],
              [
                -0.6063914865088624,
                44.884815228067794
              ],
              [
                -0.6049627683850702,
                44.88483460373509
              ],
              [
                -0.6034138797235716,
                44.88452527201246
              ],
              [
                -0.6020169813565085,
                44.88442730892488
              ],
              [
                -0.6001630208351033,
                44.88384670732401
              ],
              [
                -0.5988478705187621,
                44.88411554602352
              ],
              [
                -0.596901595593562,
                44.88302407563918
              ],
              [
                -0.5963370152305211,
                44.8828784066389
              ],
              [
                -0.5952866286540548,
                44.883085425750394
              ],
              [
                -0.5940637809059124,
                44.883665768873875
              ],
              [
                -0.5917131694169079,
                44.88061446566485
              ],
              [
                -0.5914905153683382,
                44.88002686176411
              ],
              [
                -0.5911759925222081,
                44.880044256560254
              ],
              [
                -0.5896715955160354,
                44.87836428962856
              ],
              [
                -0.5820107720554583,
                44.878652342190854
              ],
              [
                -0.579582091596384,
                44.87718229124735
              ],
              [
                -0.5786903457488014,
                44.87705249595967
              ],
              [
                -0.5770416697822505,
                44.87725787941672
              ],
              [
                -0.5760565750413926,
                44.86929994214633
              ]
            ]
          ]
        ],
        "type": "MultiPolygon"
      },
      "properties": {
        "commune": "BRUGES",
        "has_2021": true,
        "has_2022": true,
        "has_2023": true,
        "n_observations": 24,
        "n_years_available": 3,
        "years_available": [
          2021,
          2022,
          2023
        ],
        "zone_id": "173014000"
      },
      "type": "Feature"
    },
    {
      "geometry": {
        "coordinates": [
          [
            [
              [
                -0.5171420442603643,
                44.887929648488374
              ],
              [
                -0.5163625001716184,
                44.889860507000414
              ],
              [
                -0.5162862600494741,
                44.89077396592711
              ],
              [
                -0.5161099124235266,
                44.89291243915972
              ],
              [
                -0.5168499511006059,
                44.89485858814235
              ],
              [
                -0.5161151823887518,
                44.8970926649452
              ],
              [
                -0.5141667631593007,
                44.896656007242456
              ],
              [
                -0.5139603459935063,
                44.89603165418211
              ],
              [
                -0.5135379823096806,
                44.8957268890552
              ],
              [
                -0.5121320255732634,
                44.89546677224422
              ],
              [
                -0.5087031745617834,
                44.8955003671828
              ],
              [
                -0.5086938725289596,
                44.895087921358005
              ],
              [
                -0.5091683731129532,
                44.89493053429146
              ],
              [
                -0.509137607266505,
                44.894581803373924
              ],
              [
                -0.5087097909150026,
                44.89441149403376
              ],
              [
                -0.5084599216475866,
                44.892969221744195
              ],
              [
                -0.5066168937475973,
                44.89307974444665
              ],
              [
                -0.5028698783705089,
                44.89161012411325
              ],
              [
                -0.5040177830666351,
                44.889771394434774
              ],
              [
                -0.5051438191506648,
                44.8885173814423
              ],
              [
                -0.5063903425388772,
                44.88789216654476
              ],
              [
                -0.508247026951152,
                44.886565542877456
              ],
              [
                -0.5088540264447949,
                44.88629850352715
              ],
              [
                -0.5104249060349763,
                44.886077603799215
              ],
              [
                -0.5120345572185871,
                44.88558687645369
              ],
              [
                -0.5123677235111537,
                44.886190028931644
              ],
              [
                -0.5128085233097008,
                44.88638703602358
              ],
              [
                -0.5127436223197774,
                44.886828884502386
              ],
              [
                -0.5152772956089934,
                44.88712355007741
              ],
              [
                -0.517352718130205,
                44.88710560072039
              ],
              [
                -0.5171420442603643,
                44.887929648488374
              ]
            ]
          ]
        ],
        "type": "MultiPolygon"
      },
      "properties": {
        "commune": "CARBON-BLANC",
        "has_2021": true,
        "has_2022": true,
        "has_2023": true,
        "n_observations": 24,
        "n_years_available": 3,
        "years_available": [
          2021,
          2022,
          2023
        ],
        "zone_id": "174005000"
      },
      "type": "Feature"
    },
    {
      "geometry": {
        "coordinates": [
          [
            [
              [
                -0.5411762281535105,
                44.868845878693456
              ],
              [
                -0.5402924491088552,
                44.87329829695689
              ],
              [
                -0.536778505829535,
                44.87982449739936
              ],
              [
                -0.53165255515504,
                44.878841372189804
              ],
              [
                -0.528903400553895,
                44.8788053440936
              ],
              [
                -0.5268179143278597,
                44.87936366210819
              ],
              [
                -0.5263350693476773,
                44.880536204856746
              ],
              [
                -0.525388329645573,
                44.88015439835413
              ],
              [
                -0.5216746013552379,
                44.88262455328379
              ],
              [
                -0.5216176301282002,
                44.88209918022807
              ],
              [
                -0.5211540862030425,
                44.88247075989167
              ],
              [
                -0.5191190254985648,
                44.8832706708508
              ],
              [
                -0.5184791981997714,
                44.88337664200778
              ],
              [
                -0.5177232345624886,
                44.88320767682296
              ],
              [
                -0.5172225269400746,
                44.88282427699078
              ],
              [
                -0.516891709053108,
                44.88232024021361
              ],
              [
                -0.517327851977784,
                44.88017670982783
              ],
              [
                -0.5170927379383291,
                44.880085966297365
              ],
              [
                -0.5171246358771295,
                44.87984699651715
              ],
              [
                -0.517632760636019,
                44.87982553883072
              ],
              [
                -0.5178128563982873,
                44.8800090490068
              ],
              [
                -0.5202782867694623,
                44.87970380421505
              ],
              [
                -0.5204779611862718,
                44.87890620991799
              ],
              [
                -0.5215287877477329,
                44.87690813639288
              ],
              [
                -0.5226975184622507,
                44.8762834228873
              ],
              [
                -0.5237543579002167,
                44.875149435505406
              ],
              [
                -0.5257969206056293,
                44.87055943588847
              ],
              [
                -0.5261185390636834,
                44.87017250064975
              ],
              [
                -0.5259990706439116,
                44.869762651698736
              ],
              [
                -0.5271580769619749,
                44.86846323163813
              ],
              [
                -0.5274606264082963,
                44.86843737524173
              ],
              [
                -0.5304857157128775,
                44.86940375368444
              ],
              [
                -0.5326287057101444,
                44.87024753305396
              ],
              [
                -0.5332828381373751,
                44.86859997169818
              ],
              [
                -0.5338778174724746,
                44.86806553886225
              ],
              [
                -0.5341001514021616,
                44.86592161676205
              ],
              [
                -0.5350720546559368,
                44.865818572969445
              ],
              [
                -0.5368422101604096,
                44.866276779451724
              ],
              [
                -0.5367025911162663,
                44.868225192526815
              ],
              [
                -0.5411762281535105,
                44.868845878693456
              ]
            ]
          ]
        ],
        "type": "MultiPolygon"
      },
      "properties": {
        "commune": "LORMONT",
        "has_2021": true,
        "has_2022": true,
        "has_2023": true,
        "n_observations": 24,
        "n_years_available": 3,
        "years_available": [
          2021,
          2022,
          2023
        ],
        "zone_id": "174014000"
      },
      "type": "Feature"
    },
    {
      "geometry": {
        "coordinates": [
          [
            [
              [
                -0.5074877623071201,
                44.88009968931973
              ],
              [
                -0.506544842028819,
                44.88468526669562
              ],
              [
                -0.5055840619734229,
                44.886655907325995
              ],
              [
                -0.504563141214438,
                44.88821214279975
              ],
              [
                -0.5028827298586195,
                44.887369368921924
              ],
              [
                -0.500202083264971,
                44.88695283862212
              ],
              [
                -0.49840200311730376,
                44.88616159959335
              ],
              [
                -0.49749426248461537,
                44.885510659441344
              ],
              [
                -0.4942846718011691,
                44.882379029303024
              ],
              [
                -0.49557990079401487,
                44.87946602688381
              ],
              [
                -0.4963914785866654,
                44.8794909272057
              ],
              [
                -0.49689271979632677,
                44.87836120157138
              ],
              [
                -0.4965152044816787,
                44.87818210029156
              ],
              [
                -0.49744052954613144,
                44.87545823632038
              ],
              [
                -0.4977264236631508,
                44.8750823937413
              ],
              [
                -0.4986778597341588,
                44.873897033824484
              ],
              [
                -0.5003896075788683,
                44.87421257564439
              ],
              [
                -0.5014706146460012,
                44.87404873190706
              ],
              [
                -0.5025921715877367,
                44.87270650593216
              ],
              [
                -0.5017340035672609,
                44.872278550148465
              ],
              [
                -0.503003248431349,
                44.87232769889202
              ],
              [
                -0.5036682861335408,
                44.87197773808674
              ],
              [
                -0.5036566576488631,
                44.8707353041735
              ],
              [
                -0.5045632907923581,
                44.86911871711787
              ],
              [
                -0.5062042200388694,
                44.87276640739135
              ],
              [
                -0.5095464999459063,
                44.8788874249497
              ],
              [
                -0.5087653817571625,
                44.87857865772255
              ],
              [
                -0.5077760111970229,
                44.87856751889631
              ],
              [
                -0.5070899178509337,
                44.878764028378875
              ],
              [
                -0.5057586541505938,
                44.8796920029221
              ],
              [
                -0.5074877623071201,
                44.88009968931973
              ]
            ]
          ]
        ],
        "type": "MultiPolygon"
      },
      "properties": {
        "commune": "LORMONT",
        "has_2021": true,
        "has_2022": true,
        "has_2023": true,
        "n_observations": 24,
        "n_years_available": 3,
        "years_available": [
          2021,
          2022,
          2023
        ],
        "zone_id": "174018000"
      },
      "type": "Feature"
    },
    {
      "geometry": {
        "coordinates": [
          [
            [
              [
                -0.520027311856414,
                44.85968268136067
              ],
              [
                -0.5199766364500649,
                44.86117854990892
              ],
              [
                -0.5192754271464399,
                44.863312371296274
              ],
              [
                -0.5199238074682389,
                44.86411464901107
              ],
              [
                -0.5092135912283012,
                44.86677635464923
              ],
              [
                -0.5047062581608773,
                44.86824183080998
              ],
              [
                -0.5043677160557388,
                44.86753064303798
              ],
              [
                -0.5039327733801309,
                44.8672001139003
              ],
              [
                -0.5037697842146784,
                44.86351377265594
              ],
              [
                -0.5038939804636918,
                44.861972425271226
              ],
              [
                -0.5051535426305435,
                44.855723194795694
              ],
              [
                -0.5089155572991916,
                44.85578628711633
              ],
              [
                -0.5090392149937879,
                44.85612395905814
              ],
              [
                -0.5093099024363782,
                44.85621632185649
              ],
              [
                -0.5159936173056922,
                44.85627780783394
              ],
              [
                -0.5164957450905635,
                44.85446479718248
              ],
              [
                -0.5174519801019143,
                44.85462018524604
              ],
              [
                -0.518740979851385,
                44.85533448254562
              ],
              [
                -0.519699543264186,
                44.85550689519337
              ],
              [
                -0.5191022815783431,
                44.857458970922025
              ],
              [
                -0.5192784031468871,
                44.85838889528156
              ],
              [
                -0.5199569331066888,
                44.85930824167633
              ],
              [
                -0.520027311856414,
                44.85968268136067
              ]
            ]
          ]
        ],
        "type": "MultiPolygon"
      },
      "properties": {
        "commune": "CENON",
        "has_2021": true,
        "has_2022": true,
        "has_2023": true,
        "n_observations": 24,
        "n_years_available": 3,
        "years_available": [
          2021,
          2022,
          2023
        ],
        "zone_id": "175003000"
      },
      "type": "Feature"
    },
    {
      "geometry": {
        "coordinates": [
          [
            [
              [
                -0.5168888923099892,
                44.85301401980675
              ],
              [
                -0.5159936173056922,
                44.85627780783394
              ],
              [
                -0.5093099024363782,
                44.85621632185649
              ],
              [
                -0.5090392149937879,
                44.85612395905814
              ],
              [
                -0.5089155572991916,
                44.85578628711633
              ],
              [
                -0.5051535426305435,
                44.855723194795694
              ],
              [
                -0.5052308727139585,
                44.853918278477835
              ],
              [
                -0.5042997300121208,
                44.851016913814085
              ],
              [
                -0.5158647747089571,
                44.8525012240642
              ],
              [
                -0.5168888923099892,
                44.85301401980675
              ]
            ]
          ]
        ],
        "type": "MultiPolygon"
      },
      "properties": {
        "commune": "CENON",
        "has_2021": true,
        "has_2022": true,
        "has_2023": true,
        "n_observations": 24,
        "n_years_available": 3,
        "years_available": [
          2021,
          2022,
          2023
        ],
        "zone_id": "175004000"
      },
      "type": "Feature"
    },
    {
      "geometry": {
        "coordinates": [
          [
            [
              [
                -0.5052693296077645,
                44.85416940069457
              ],
              [
                -0.5051535426305435,
                44.855723194795694
              ],
              [
                -0.5038939804636918,
                44.861972425271226
              ],
              [
                -0.5037697842146784,
                44.86351377265594
              ],
              [
                -0.5039327733801309,
                44.8672001139003
              ],
              [
                -0.5045028786102634,
                44.8677264542374
              ],
              [
                -0.5047586844757382,
                44.86849342375805
              ],
              [
                -0.5044182494867735,
                44.869536994714295
              ],
              [
                -0.5036566576488631,
                44.8707353041735
              ],
              [
                -0.5036682861335408,
                44.87197773808674
              ],
              [
                -0.503003248431349,
                44.87232769889202
              ],
              [
                -0.5017340035672609,
                44.872278550148465
              ],
              [
                -0.5025921715877367,
                44.87270650593216
              ],
              [
                -0.5014706146460012,
                44.87404873190706
              ],
              [
                -0.5003896075788683,
                44.87421257564439
              ],
              [
                -0.4986778597341588,
                44.873897033824484
              ],
              [
                -0.49744052954613144,
                44.87545823632038
              ],
              [
                -0.4969196449179188,
                44.87690221566879
              ],
              [
                -0.4954487309280291,
                44.876120288677065
              ],
              [
                -0.4923114186830762,
                44.87568824047666
              ],
              [
                -0.489171446742179,
                44.874248154396604
              ],
              [
                -0.486618123100896,
                44.87375597605601
              ],
              [
                -0.4859986368474998,
                44.87362535435782
              ],
              [
                -0.4832567434794815,
                44.872767803011705
              ],
              [
                -0.48191074564669256,
                44.87241751573085
              ],
              [
                -0.4797926573098637,
                44.87197450300774
              ],
              [
                -0.47902374149162846,
                44.87188586431423
              ],
              [
                -0.476771178361808,
                44.87170254978824
              ],
              [
                -0.47559369178887073,
                44.87145048913254
              ],
              [
                -0.47181038616244547,
                44.86995628006595
              ],
              [
                -0.4700664692989818,
                44.86899248482172
              ],
              [
                -0.4699444792652311,
                44.86884307409116
              ],
              [
                -0.4706101707505335,
                44.86798868862769
              ],
              [
                -0.47140135869707334,
                44.86711317824669
              ],
              [
                -0.4728471994625814,
                44.86589706795797
              ],
              [
                -0.4728815536303716,
                44.865519540487846
              ],
              [
                -0.473111250563396,
                44.86550062366567
              ],
              [
                -0.47450610366904783,
                44.86543351335236
              ],
              [
                -0.4746007901693008,
                44.86506104368719
              ],
              [
                -0.4764884648195199,
                44.86458196045537
              ],
              [
                -0.48012718052307196,
                44.86324216836958
              ],
              [
                -0.48332805913975074,
                44.86320121647847
              ],
              [
                -0.4849996457318459,
                44.862447651152756
              ],
              [
                -0.48628610119377214,
                44.862126058868995
              ],
              [
                -0.48837247322609234,
                44.86236057837633
              ],
              [
                -0.4945259814932828,
                44.858414243175524
              ],
              [
                -0.49539152346580373,
                44.85750104763874
              ],
              [
                -0.49642609964830675,
                44.85570116190012
              ],
              [
                -0.4978039603876082,
                44.85540544995769
              ],
              [
                -0.5006776074555428,
                44.85396290402869
              ],
              [
                -0.5017401303394556,
                44.853936621207644
              ],
              [
                -0.5051149895893081,
                44.853381202990036
              ],
              [
                -0.5052693296077645,
                44.85416940069457
              ]
            ]
          ]
        ],
        "type": "MultiPolygon"
      },
      "properties": {
        "commune": "ARTIGUES-PRES-BORDEAUX",
        "has_2021": true,
        "has_2022": true,
        "has_2023": true,
        "n_observations": 24,
        "n_years_available": 3,
        "years_available": [
          2021,
          2022,
          2023
        ],
        "zone_id": "175008000"
      },
      "type": "Feature"
    },
    {
      "geometry": {
        "coordinates": [
          [
            [
              [
                -0.5134782279339799,
                44.82135852606791
              ],
              [
                -0.5107989539154625,
                44.823892881850156
              ],
              [
                -0.5099370118357995,
                44.82483223294097
              ],
              [
                -0.5089968390411969,
                44.82626248068569
              ],
              [
                -0.5082493628661563,
                44.82686463898012
              ],
              [
                -0.503339100582799,
                44.82862227641798
              ],
              [
                -0.5016098719992825,
                44.829832275535864
              ],
              [
                -0.49518574931216525,
                44.83073185827977
              ],
              [
                -0.49149239112037174,
                44.829849448865346
              ],
              [
                -0.4861511113560818,
                44.828051793805756
              ],
              [
                -0.485697067405365,
                44.82707367571825
              ],
              [
                -0.4791214775195258,
                44.826554977025324
              ],
              [
                -0.4759983835019236,
                44.826360038793176
              ],
              [
                -0.47474894152690933,
                44.82538136816963
              ],
              [
                -0.49822616744987847,
                44.805380192575434
              ],
              [
                -0.5025891732217352,
                44.80460985897796
              ],
              [
                -0.5066928820743553,
                44.80407296940938
              ],
              [
                -0.5085141650415854,
                44.80334363899557
              ],
              [
                -0.5130131247645002,
                44.80368834913154
              ],
              [
                -0.5172005555661328,
                44.80349193555447
              ],
              [
                -0.5203102925897602,
                44.80249623264745
              ],
              [
                -0.5240053123056344,
                44.80613214050839
              ],
              [
                -0.5273126654341086,
                44.80509560734082
              ],
              [
                -0.5282238296728444,
                44.808538086142924
              ],
              [
                -0.5327693164254561,
                44.81603480647155
              ],
              [
                -0.5299727717621622,
                44.81674658164709
              ],
              [
                -0.5292938680924969,
                44.817105260397526
              ],
              [
                -0.5256425310592172,
                44.81811818006159
              ],
              [
                -0.5239230391319222,
                44.81935076171616
              ],
              [
                -0.5228959104942597,
                44.819305914428156
              ],
              [
                -0.521668900440529,
                44.81877983088717
              ],
              [
                -0.5198153942658945,
                44.81894501357359
              ],
              [
                -0.5173629629454619,
                44.820567503068006
              ],
              [
                -0.5156008983581861,
                44.82108127274648
              ],
              [
                -0.5134782279339799,
                44.82135852606791
              ]
            ]
          ]
        ],
        "type": "MultiPolygon"
      },
      "properties": {
        "commune": "BOULIAC",
        "has_2021": true,
        "has_2022": true,
        "has_2023": true,
        "n_observations": 24,
        "n_years_available": 3,
        "years_available": [
          2021,
          2022,
          2023
        ],
        "zone_id": "175013000"
      },
      "type": "Feature"
    },
    {
      "geometry": {
        "coordinates": [
          [
            [
              [
                -0.5520926977362732,
                44.786931219970114
              ],
              [
                -0.5517600804840567,
                44.78711492460583
              ],
              [
                -0.5518087690203017,
                44.78782530769531
              ],
              [
                -0.546798202896489,
                44.789425060545625
              ],
              [
                -0.5446825630285842,
                44.78884930186056
              ],
              [
                -0.5434757379531333,
                44.7887166651695
              ],
              [
                -0.5363087392499949,
                44.78676283064981
              ],
              [
                -0.535441252366108,
                44.789647928318956
              ],
              [
                -0.5331753865016783,
                44.78923932087862
              ],
              [
                -0.5329134612454871,
                44.78929997523893
              ],
              [
                -0.532529600977378,
                44.78995749889318
              ],
              [
                -0.530876477582939,
                44.79023548121947
              ],
              [
                -0.5308029221220776,
                44.79103811852668
              ],
              [
                -0.5276945558737351,
                44.790533312525774
              ],
              [
                -0.523065710816412,
                44.791715155248475
              ],
              [
                -0.5145161082129107,
                44.777968370441236
              ],
              [
                -0.5120095579164805,
                44.77466743844398
              ],
              [
                -0.5111137327055113,
                44.77197149974592
              ],
              [
                -0.5110057334454684,
                44.76919974299369
              ],
              [
                -0.51361292048487,
                44.76945271181332
              ],
              [
                -0.5146409064609189,
                44.76976610351345
              ],
              [
                -0.5160179316494393,
                44.77052269680034
              ],
              [
                -0.5174324330875462,
                44.77024256998912
              ],
              [
                -0.5178101327290967,
                44.76975229544607
              ],
              [
                -0.5186463285510945,
                44.76978766663988
              ],
              [
                -0.5215408107381078,
                44.769282048866586
              ],
              [
                -0.5222780391712143,
                44.769398289078985
              ],
              [
                -0.5234305822224248,
                44.76994375986297
              ],
              [
                -0.5237228056097527,
                44.769720043342495
              ],
              [
                -0.5239283011996094,
                44.76851760349548
              ],
              [
                -0.524145946477317,
                44.768377268734795
              ],
              [
                -0.525026606487559,
                44.7682996977272
              ],
              [
                -0.5254758367688146,
                44.76767620021648
              ],
              [
                -0.5260000062192671,
                44.767563106541985
              ],
              [
                -0.526761908260365,
                44.76766945393121
              ],
              [
                -0.5269394567648986,
                44.76741325460712
              ],
              [
                -0.5272161855387602,
                44.767387372575584
              ],
              [
                -0.5294411399880729,
                44.767645386261165
              ],
              [
                -0.529615422917448,
                44.76806343749314
              ],
              [
                -0.532870610415436,
                44.768005639736344
              ],
              [
                -0.5337894120614103,
                44.76867474518458
              ],
              [
                -0.5341820412876915,
                44.76868298643464
              ],
              [
                -0.5346485852479076,
                44.76843643489938
              ],
              [
                -0.5348693798040061,
                44.7680445687593
              ],
              [
                -0.534657209315801,
                44.76684373998968
              ],
              [
                -0.5356159859899269,
                44.76635982961119
              ],
              [
                -0.5354425908709802,
                44.765915635601296
              ],
              [
                -0.5365215181791685,
                44.76506748065404
              ],
              [
                -0.5366624496271862,
                44.76459432084217
              ],
              [
                -0.5370859823477647,
                44.76444917474177
              ],
              [
                -0.5373836341028478,
                44.76312753978314
              ],
              [
                -0.537587641217827,
                44.762932653377966
              ],
              [
                -0.5378214786426537,
                44.76280980265612
              ],
              [
                -0.5382815129278238,
                44.76292402616294
              ],
              [
                -0.5392386984952113,
                44.76161193746224
              ],
              [
                -0.5418754379510792,
                44.761299644331395
              ],
              [
                -0.5427476946408416,
                44.761070769298534
              ],
              [
                -0.5457662990899915,
                44.76621110315506
              ],
              [
                -0.5460831944293534,
                44.765981061281664
              ],
              [
                -0.5487044550044423,
                44.77001033575968
              ],
              [
                -0.5501285625469173,
                44.774971809272266
              ],
              [
                -0.5520926977362732,
                44.786931219970114
              ]
            ]
          ]
        ],
        "type": "MultiPolygon"
      },
      "properties": {
        "commune": "VILLENAVE-D'ORNON",
        "has_2021": true,
        "has_2022": true,
        "has_2023": true,
        "n_observations": 24,
        "n_years_available": 3,
        "years_available": [
          2021,
          2022,
          2023
        ],
        "zone_id": "176001000"
      },
      "type": "Feature"
    },
    {
      "geometry": {
        "coordinates": [
          [
            [
              [
                -0.5767716413811287,
                44.7728134408117
              ],
              [
                -0.5760795500806416,
                44.774325524034815
              ],
              [
                -0.5746297935250093,
                44.775840439234855
              ],
              [
                -0.5740149138283474,
                44.77713460397771
              ],
              [
                -0.5737712618271492,
                44.77805812109606
              ],
              [
                -0.5748646609824467,
                44.779413430819105
              ],
              [
                -0.5746612652264889,
                44.77969673649952
              ],
              [
                -0.5715463135479497,
                44.779085154488676
              ],
              [
                -0.56845423241527,
                44.78102512944616
              ],
              [
                -0.565971712041073,
                44.782126160173554
              ],
              [
                -0.5658661425432513,
                44.781300456153645
              ],
              [
                -0.5661053367768918,
                44.78032305192561
              ],
              [
                -0.5660993796037393,
                44.77777628862737
              ],
              [
                -0.5653143472661465,
                44.77529440725756
              ],
              [
                -0.5645414394384964,
                44.77380159120349
              ],
              [
                -0.5634590413919317,
                44.76704477339331
              ],
              [
                -0.5602343833393653,
                44.76359132190562
              ],
              [
                -0.5657383494880068,
                44.76398746470755
              ],
              [
                -0.5658860805016274,
                44.76342567815077
              ],
              [
                -0.5707468921405633,
                44.761901943125444
              ],
              [
                -0.5705932153608493,
                44.76744947699872
              ],
              [
                -0.5790668290663843,
                44.76909829609666
              ],
              [
                -0.5767716413811287,
                44.7728134408117
              ]
            ]
          ]
        ],
        "type": "MultiPolygon"
      },
      "properties": {
        "commune": "VILLENAVE-D'ORNON",
        "has_2021": true,
        "has_2022": true,
        "has_2023": true,
        "n_observations": 24,
        "n_years_available": 3,
        "years_available": [
          2021,
          2022,
          2023
        ],
        "zone_id": "176007000"
      },
      "type": "Feature"
    },
    {
      "geometry": {
        "coordinates": [
          [
            [
              [
                -0.6068885881167487,
                44.78327381013166
              ],
              [
                -0.6056971464544048,
                44.78515839066615
              ],
              [
                -0.6048690276020973,
                44.78714377088879
              ],
              [
                -0.6052796864443576,
                44.79042625079048
              ],
              [
                -0.6046284847663559,
                44.79051589926477
              ],
              [
                -0.6025386191562436,
                44.79039196444137
              ],
              [
                -0.6021768126251387,
                44.79077051337613
              ],
              [
                -0.6006802740316023,
                44.78947811306099
              ],
              [
                -0.5988187219504155,
                44.78819571694668
              ],
              [
                -0.5964701775193266,
                44.787015627078475
              ],
              [
                -0.5952829520750417,
                44.78679544742428
              ],
              [
                -0.5933097038991936,
                44.787027989483605
              ],
              [
                -0.5918036301390351,
                44.78696873750093
              ],
              [
                -0.5919588961614864,
                44.78511966986922
              ],
              [
                -0.5932506366210545,
                44.783473588202504
              ],
              [
                -0.5933136789753596,
                44.78271724665646
              ],
              [
                -0.5897619403669639,
                44.78298105111563
              ],
              [
                -0.5894332187263887,
                44.782251765279554
              ],
              [
                -0.5895973343683206,
                44.78178950719309
              ],
              [
                -0.590424434439312,
                44.781605026059026
              ],
              [
                -0.5903727390792025,
                44.781111927314505
              ],
              [
                -0.5898833608788341,
                44.77972993625677
              ],
              [
                -0.5891916547955086,
                44.77858791446087
              ],
              [
                -0.5928681055435358,
                44.77711244421775
              ],
              [
                -0.5951031888311453,
                44.7778536977661
              ],
              [
                -0.5969217630686621,
                44.778273251050095
              ],
              [
                -0.6007845617814804,
                44.77870200604709
              ],
              [
                -0.6013423725583464,
                44.77897413340834
              ],
              [
                -0.6021056839626809,
                44.78002535906239
              ],
              [
                -0.6044662864765337,
                44.78094361546161
              ],
              [
                -0.6060466274077023,
                44.781927743607575
              ],
              [
                -0.605925392158828,
                44.7829563721718
              ],
              [
                -0.6068885881167487,
                44.78327381013166
              ]
            ]
          ]
        ],
        "type": "MultiPolygon"
      },
      "properties": {
        "commune": "GRADIGNAN",
        "has_2021": true,
        "has_2022": true,
        "has_2023": true,
        "n_observations": 24,
        "n_years_available": 3,
        "years_available": [
          2021,
          2022,
          2023
        ],
        "zone_id": "177002000"
      },
      "type": "Feature"
    },
    {
      "geometry": {
        "coordinates": [
          [
            [
              [
                -0.6315352337287959,
                44.783764741102296
              ],
              [
                -0.6286793294104378,
                44.784966841371855
              ],
              [
                -0.6229384436059872,
                44.787785495999046
              ],
              [
                -0.6203893752159341,
                44.78927658611714
              ],
              [
                -0.6126629940670629,
                44.789968599676925
              ],
              [
                -0.6122240834477215,
                44.78881038133428
              ],
              [
                -0.6097167088274069,
                44.78679755841239
              ],
              [
                -0.6108038845562404,
                44.785103797419495
              ],
              [
                -0.609254629647047,
                44.78478481778897
              ],
              [
                -0.6081534319636449,
                44.784229454881775
              ],
              [
                -0.6064816256158193,
                44.78393234433551
              ],
              [
                -0.6097731169154634,
                44.778534785679774
              ],
              [
                -0.6120303949827863,
                44.77963381205916
              ],
              [
                -0.6170646240155171,
                44.78137298650085
              ],
              [
                -0.6180720331428222,
                44.78156992395865
              ],
              [
                -0.6233970695027148,
                44.781886159680596
              ],
              [
                -0.6234987222226637,
                44.780929292746464
              ],
              [
                -0.6225939931289807,
                44.78034150089849
              ],
              [
                -0.6222426694385728,
                44.77940582450965
              ],
              [
                -0.6224238680848132,
                44.77876270839429
              ],
              [
                -0.6213640310759119,
                44.77737783473948
              ],
              [
                -0.6214638897724281,
                44.77639400199924
              ],
              [
                -0.6225867607704066,
                44.77659793904165
              ],
              [
                -0.6229507920324318,
                44.77686631877528
              ],
              [
                -0.6281297075259293,
                44.77749173121777
              ],
              [
                -0.6281654472417432,
                44.7776537328695
              ],
              [
                -0.6290208615684681,
                44.77782938900773
              ],
              [
                -0.6290531835433777,
                44.77762548778108
              ],
              [
                -0.6337071543629669,
                44.77826965878111
              ],
              [
                -0.6324488420998011,
                44.77933836345979
              ],
              [
                -0.6294518056355645,
                44.78119225480758
              ],
              [
                -0.6280804428428955,
                44.782255596846205
              ],
              [
                -0.6315352337287959,
                44.783764741102296
              ]
            ]
          ]
        ],
        "type": "MultiPolygon"
      },
      "properties": {
        "commune": "GRADIGNAN",
        "has_2021": true,
        "has_2022": true,
        "has_2023": true,
        "n_observations": 24,
        "n_years_available": 3,
        "years_available": [
          2021,
          2022,
          2023
        ],
        "zone_id": "177008000"
      },
      "type": "Feature"
    },
    {
      "geometry": {
        "coordinates": [
          [
            [
              [
                -0.6590859921641226,
                44.79319961352313
              ],
              [
                -0.6596030718557498,
                44.794355976833714
              ],
              [
                -0.6631179096010943,
                44.79246974138169
              ],
              [
                -0.6652123804718693,
                44.797587406726805
              ],
              [
                -0.6631015794089328,
                44.799247951011445
              ],
              [
                -0.6631951484117424,
                44.79959546022289
              ],
              [
                -0.6653438707359393,
                44.79956406387709
              ],
              [
                -0.6672683855836526,
                44.79988074177273
              ],
              [
                -0.6686749539692965,
                44.799689076708816
              ],
              [
                -0.6684377002751628,
                44.80115431933626
              ],
              [
                -0.6674035364673875,
                44.80379331412594
              ],
              [
                -0.6647979793841459,
                44.802819515811876
              ],
              [
                -0.6633746949910148,
                44.8024448499278
              ],
              [
                -0.6624804907507015,
                44.80426337872485
              ],
              [
                -0.655885233917584,
                44.800245164581185
              ],
              [
                -0.654383114259372,
                44.79910584905251
              ],
              [
                -0.6530220301549811,
                44.79775731179598
              ],
              [
                -0.6484678909086322,
                44.79201213578398
              ],
              [
                -0.6505851686133146,
                44.79046967012751
              ],
              [
                -0.6543926021233925,
                44.78652279845681
              ],
              [
                -0.6573408859323722,
                44.79091029110082
              ],
              [
                -0.6589239834490015,
                44.7920521829922
              ],
              [
                -0.6590859921641226,
                44.79319961352313
              ]
            ]
          ]
        ],
        "type": "MultiPolygon"
      },
      "properties": {
        "commune": "PESSAC",
        "has_2021": true,
        "has_2022": true,
        "has_2023": true,
        "n_observations": 24,
        "n_years_available": 3,
        "years_available": [
          2021,
          2022,
          2023
        ],
        "zone_id": "178001000"
      },
      "type": "Feature"
    },
    {
      "geometry": {
        "coordinates": [
          [
            [
              [
                -0.6672041544837566,
                44.78101711268116
              ],
              [
                -0.6633124103095209,
                44.78219406136455
              ],
              [
                -0.6634874865220924,
                44.78452983976275
              ],
              [
                -0.6639033470186383,
                44.785201902046516
              ],
              [
                -0.6631623430505307,
                44.78623951348492
              ],
              [
                -0.6618383197009077,
                44.78677988646026
              ],
              [
                -0.6609748774250276,
                44.78764927111297
              ],
              [
                -0.6590476171281124,
                44.79012298772008
              ],
              [
                -0.6584172988054301,
                44.79157950182269
              ],
              [
                -0.6573408859323722,
                44.79091029110082
              ],
              [
                -0.6543926021233925,
                44.78652279845681
              ],
              [
                -0.6505851686133146,
                44.79046967012751
              ],
              [
                -0.6484678909086322,
                44.79201213578398
              ],
              [
                -0.6468272815768513,
                44.79040954390929
              ],
              [
                -0.6455132535358488,
                44.78954704773056
              ],
              [
                -0.6423432543326377,
                44.78834258816716
              ],
              [
                -0.640018288815796,
                44.78787374096441
              ],
              [
                -0.6369148525251649,
                44.787733244794666
              ],
              [
                -0.6204806698231632,
                44.789219539065385
              ],
              [
                -0.6229384436059872,
                44.787785495999046
              ],
              [
                -0.6286793294104378,
                44.784966841371855
              ],
              [
                -0.645020122266309,
                44.77831621276973
              ],
              [
                -0.6454350478088796,
                44.778295341272326
              ],
              [
                -0.6459065442937899,
                44.77857912303028
              ],
              [
                -0.6511102565131408,
                44.77759297406588
              ],
              [
                -0.6543839887706753,
                44.776874977867294
              ],
              [
                -0.662871576522931,
                44.77818974502835
              ],
              [
                -0.6645995420528371,
                44.777460277376306
              ],
              [
                -0.6662019874074367,
                44.77675991149766
              ],
              [
                -0.6678383684094442,
                44.7777643500094
              ],
              [
                -0.6691060861559164,
                44.77762482976096
              ],
              [
                -0.6697449411329379,
                44.777970882253044
              ],
              [
                -0.6703712216745403,
                44.77787035749234
              ],
              [
                -0.6772862185853943,
                44.77626027548664
              ],
              [
                -0.6822451565040327,
                44.778885058719474
              ],
              [
                -0.6816567035888987,
                44.779310228356785
              ],
              [
                -0.6786825856381222,
                44.77754603691631
              ],
              [
                -0.6744908044665161,
                44.77898569424619
              ],
              [
                -0.6721285868833793,
                44.779513803451216
              ],
              [
                -0.6672041544837566,
                44.78101711268116
              ]
            ]
          ]
        ],
        "type": "MultiPolygon"
      },
      "properties": {
        "commune": "PESSAC",
        "has_2021": true,
        "has_2022": true,
        "has_2023": true,
        "n_observations": 24,
        "n_years_available": 3,
        "years_available": [
          2021,
          2022,
          2023
        ],
        "zone_id": "178002000"
      },
      "type": "Feature"
    },
    {
      "geometry": {
        "coordinates": [
          [
            [
              [
                -0.7132056773335338,
                44.799782428922704
              ],
              [
                -0.7215978023744443,
                44.80204265835725
              ],
              [
                -0.7232801662372438,
                44.80205912320998
              ],
              [
                -0.7235560889794814,
                44.80177225620692
              ],
              [
                -0.7241854629811114,
                44.801736693393146
              ],
              [
                -0.7295893536716964,
                44.80161356890517
              ],
              [
                -0.7284886867340498,
                44.80389395355996
              ],
              [
                -0.7267078839627356,
                44.8092455752622
              ],
              [
                -0.7260257616929158,
                44.81362100734843
              ],
              [
                -0.7209015804172031,
                44.81289902618712
              ],
              [
                -0.7116531077116887,
                44.814433040511126
              ],
              [
                -0.7084452978278512,
                44.81567330876459
              ],
              [
                -0.7047165793336577,
                44.81664072581992
              ],
              [
                -0.7011396624296233,
                44.81783730492582
              ],
              [
                -0.6995931304687578,
                44.81858110171811
              ],
              [
                -0.6999181588569848,
                44.81905610152818
              ],
              [
                -0.6990268680271071,
                44.81938597683092
              ],
              [
                -0.6989604544890138,
                44.81964686671074
              ],
              [
                -0.6983945288425226,
                44.819879403192985
              ],
              [
                -0.6963793829499673,
                44.82047019373946
              ],
              [
                -0.6962132672105784,
                44.820043173013964
              ],
              [
                -0.6888342409869593,
                44.82320734039323
              ],
              [
                -0.6788224286535226,
                44.82681172887045
              ],
              [
                -0.6754348147445106,
                44.82755226192389
              ],
              [
                -0.6722738854047703,
                44.81301267171827
              ],
              [
                -0.676496255264158,
                44.812987177769934
              ],
              [
                -0.6793161862364916,
                44.81275663813233
              ],
              [
                -0.6803637556547365,
                44.81249383997792
              ],
              [
                -0.6830729371003137,
                44.81136646487111
              ],
              [
                -0.6864828946253887,
                44.81034639701138
              ],
              [
                -0.7013771950114019,
                44.80243949037698
              ],
              [
                -0.7044830553818561,
                44.80023833255568
              ],
              [
                -0.7063845645689929,
                44.80127526774274
              ],
              [
                -0.7132056773335338,
                44.799782428922704
              ]
            ]
          ]
        ],
        "type": "MultiPolygon"
      },
      "properties": {
        "commune": "MERIGNAC",
        "has_2021": true,
        "has_2022": true,
        "has_2023": true,
        "n_observations": 24,
        "n_years_available": 3,
        "years_available": [
          2021,
          2022,
          2023
        ],
        "zone_id": "179003000"
      },
      "type": "Feature"
    },
    {
      "geometry": {
        "coordinates": [
          [
            [
              [
                -0.6367842065770828,
                44.874392465163176
              ],
              [
                -0.6270580876478168,
                44.87996165070321
              ],
              [
                -0.6261620565879918,
                44.879201328334744
              ],
              [
                -0.624534351673597,
                44.87833610075276
              ],
              [
                -0.6223313774405365,
                44.876888853768484
              ],
              [
                -0.6246109037185849,
                44.87549902884563
              ],
              [
                -0.6257756757263669,
                44.875007661620494
              ],
              [
                -0.6275510828236774,
                44.87437368813049
              ],
              [
                -0.6304464241323782,
                44.87361390333269
              ],
              [
                -0.6311373156276535,
                44.87181300229249
              ],
              [
                -0.6367842065770828,
                44.874392465163176
              ]
            ]
          ]
        ],
        "type": "MultiPolygon"
      },
      "properties": {
        "commune": "EYSINES",
        "has_2021": true,
        "has_2022": true,
        "has_2023": true,
        "n_observations": 24,
        "n_years_available": 3,
        "years_available": [
          2021,
          2022,
          2023
        ],
        "zone_id": "180002000"
      },
      "type": "Feature"
    },
    {
      "geometry": {
        "coordinates": [
          [
            [
              [
                -0.6291679813785794,
                44.881478004288745
              ],
              [
                -0.6270580876478168,
                44.87996165070321
              ],
              [
                -0.6326303745276406,
                44.87680418709616
              ],
              [
                -0.6349026059963966,
                44.879065021072236
              ],
              [
                -0.6406032012184547,
                44.880783513323586
              ],
              [
                -0.6402131230847509,
                44.88178410824864
              ],
              [
                -0.6401224977313351,
                44.883182308228946
              ],
              [
                -0.6409814145151231,
                44.88528307653384
              ],
              [
                -0.6393742689019762,
                44.8853086773472
              ],
              [
                -0.6382048055802675,
                44.885691328887845
              ],
              [
                -0.6313372664644359,
                44.88296990766305
              ],
              [
                -0.6291679813785794,
                44.881478004288745
              ]
            ]
          ]
        ],
        "type": "MultiPolygon"
      },
      "properties": {
        "commune": "EYSINES",
        "has_2021": true,
        "has_2022": true,
        "has_2023": true,
        "n_observations": 24,
        "n_years_available": 3,
        "years_available": [
          2021,
          2022,
          2023
        ],
        "zone_id": "180008000"
      },
      "type": "Feature"
    }
  ],
  "type": "FeatureCollection"
}
