{"type":"FeatureCollection","features":[{"type":"Feature","properties":{"zone_id":"178007000","commune":"PESSAC","zone_status":"exterior","has_raw_hourly_series":false,"is_observed_clean":false,"is_lozo_target":false,"sensor_count":0,"n_active_temporal_sensors":0,"selected_for_modeling":false,"temporal_quality":null,"map_status":"excluded_exterior","label_lat":44.79059681115121,"label_lon":-0.7064179153956108},"geometry":{"type":"Polygon","coordinates":[[[-0.7013771950114019,44.80243949037698],[-0.692888854372983,44.80698402348471],[-0.690179988831837,44.803907910123485],[-0.6888409193049669,44.80275652745131],[-0.6881630567671507,44.8016686418325],[-0.6858063962209083,44.800905253964245],[-0.6852851674863776,44.8010451136889],[-0.6850699903328508,44.80083416645215],[-0.6870847082694173,44.79877983951575],[-0.6853909517453429,44.798258366137155],[-0.6875933807477025,44.79703962443482],[-0.6905121364299058,44.79462790185176],[-0.700582725216462,44.79128169784024],[-0.6977912326805398,44.789216268487415],[-0.6973818223084599,44.78912895461936],[-0.6965022050141065,44.789918072154975],[-0.6960566869003917,44.79009245994158],[-0.6958366360580673,44.78999889492527],[-0.6889226868208004,44.78229512178625],[-0.6997700468776353,44.77747924416064],[-0.7076780779417609,44.774398237340215],[-0.7181212245683867,44.7839842674047],[-0.7164777774187656,44.78630624880892],[-0.7146112061923668,44.789832584790375],[-0.7066335265663731,44.792365574545286],[-0.704512390158794,44.793117923791776],[-0.7041237635356619,44.79342562126943],[-0.7038286203229625,44.79332550821805],[-0.7034674848590506,44.79343492566669],[-0.7035097258281138,44.79373011866516],[-0.7038458622802205,44.793855833595124],[-0.7069680527031446,44.798147139288815],[-0.7086740631463053,44.800824602741265],[-0.7062569604753397,44.80126059795662],[-0.7044830553818561,44.80023833255568],[-0.7013771950114019,44.80243949037698]]]}},{"type":"Feature","properties":{"zone_id":"178006000","commune":"PESSAC","zone_status":"exterior","has_raw_hourly_series":false,"is_observed_clean":false,"is_lozo_target":false,"sensor_count":0,"n_active_temporal_sensors":0,"selected_for_modeling":false,"temporal_quality":null,"map_status":"excluded_exterior","label_lat":44.79049526233065,"label_lon":-0.6888650515032658},"geometry":{"type":"Polygon","coordinates":[[[-0.6780347825497554,44.79460019196529],[-0.678017987747856,44.791018988902955],[-0.6793711917230808,44.790635223416594],[-0.6790893500520396,44.78863108955948],[-0.6780317994818637,44.78751697137403],[-0.6889226868208004,44.78229512178625],[-0.6958366360580673,44.78999889492527],[-0.6960566869003917,44.79009245994158],[-0.6965022050141065,44.789918072154975],[-0.6973818223084599,44.78912895461936],[-0.6977912326805398,44.789216268487415],[-0.700582725216462,44.79128169784024],[-0.6905121364299058,44.79462790185176],[-0.6878037206682422,44.79689019600776],[-0.6849656301232983,44.798508716449035],[-0.6844925411682854,44.79899763074594],[-0.6820841071931626,44.794679319347445],[-0.6780347825497554,44.79460019196529]]]}},{"type":"Feature","properties":{"zone_id":"178008000","commune":"PESSAC","zone_status":"exterior","has_raw_hourly_series":false,"is_observed_clean":false,"is_lozo_target":false,"sensor_count":0,"n_active_temporal_sensors":0,"selected_for_modeling":false,"temporal_quality":null,"map_status":"excluded_exterior","label_lat":44.778112321749546,"label_lon":-0.7241300815295492},"geometry":{"type":"Polygon","coordinates":[[[-0.7215978023744443,44.80204265835725],[-0.7132056773335338,44.799782428922704],[-0.7086740631463053,44.800824602741265],[-0.7069680527031446,44.798147139288815],[-0.7038458622802205,44.793855833595124],[-0.7034526197615638,44.79363288206387],[-0.7035643127569996,44.793368620561004],[-0.7041237635356619,44.79342562126943],[-0.704512390158794,44.793117923791776],[-0.7066335265663731,44.792365574545286],[-0.7146112061923668,44.789832584790375],[-0.7164777774187656,44.78630624880892],[-0.7181212245683867,44.7839842674047],[-0.7076780779417609,44.774398237340215],[-0.713827159065302,44.77197772808541],[-0.721923945535327,44.76638017601257],[-0.730094539424854,44.76102281169563],[-0.750182813389778,44.749552819853385],[-0.7586069869756139,44.75548181744435],[-0.733873808516124,44.775543656713545],[-0.7383237265112924,44.779874948976776],[-0.7345133142636592,44.78166548797385],[-0.7393592851689014,44.782943219057614],[-0.7351291236168457,44.791063563718744],[-0.7362851672761141,44.79137332799758],[-0.7336007708610979,44.79657794136797],[-0.7295893536716964,44.80161356890517],[-0.7241854629811114,44.801736693393146],[-0.7235560889794814,44.80177225620692],[-0.7232801662372438,44.80205912320998],[-0.7215978023744443,44.80204265835725]]]}},{"type":"Feature","properties":{"zone_id":"178003000","commune":"PESSAC","zone_status":"exterior","has_raw_hourly_series":false,"is_observed_clean":false,"is_lozo_target":false,"sensor_count":0,"n_active_temporal_sensors":0,"selected_for_modeling":false,"temporal_quality":null,"map_status":"excluded_exterior","label_lat":44.78757828471447,"label_lon":-0.6696592892516111},"geometry":{"type":"Polygon","coordinates":[[[-0.6870546004836162,44.781635384751695],[-0.6889226868208004,44.78229512178625],[-0.6780317994818637,44.78751697137403],[-0.6790893500520396,44.78863108955948],[-0.6793711917230808,44.790635223416594],[-0.678017987747856,44.791018988902955],[-0.6780336269848646,44.792475901446565],[-0.6713356115964924,44.79274937819961],[-0.6652123804718693,44.797587406726805],[-0.6631179096010943,44.79246974138169],[-0.6596030718557498,44.794355976833714],[-0.6590280576640455,44.79304824235363],[-0.6590072186912381,44.79220355083466],[-0.6584172988054301,44.79157950182269],[-0.6590476171281124,44.79012298772008],[-0.6609748774250276,44.78764927111297],[-0.6618383197009077,44.78677988646026],[-0.6631623430505307,44.78623951348492],[-0.6639033470186383,44.785201902046516],[-0.6634874865220924,44.78452983976275],[-0.6633124103095209,44.78219406136455],[-0.6718067192299575,44.77960374571035],[-0.6744908044665161,44.77898569424619],[-0.6786825856381222,44.77754603691631],[-0.6816567035888987,44.779310228356785],[-0.6822451565040327,44.778885058719474],[-0.6835755464874761,44.77947175644337],[-0.6855535753241843,44.780533464353105],[-0.6870546004836162,44.781635384751695]]]}},{"type":"Feature","properties":{"zone_id":"179005000","commune":"MERIGNAC","zone_status":"exterior","has_raw_hourly_series":false,"is_observed_clean":false,"is_lozo_target":false,"sensor_count":0,"n_active_temporal_sensors":0,"selected_for_modeling":false,"temporal_quality":null,"map_status":"excluded_exterior","label_lat":44.84317620115615,"label_lon":-0.7300042620955334},"geometry":{"type":"Polygon","coordinates":[[[-0.7535047958863915,44.840849231516664],[-0.7541210354276126,44.84125466924511],[-0.7538594778761122,44.84247770711121],[-0.7549436650913073,44.842870047461645],[-0.7550389250055262,44.84366897403976],[-0.7556392019342926,44.84377844577704],[-0.7559046054262252,44.84399572276716],[-0.7560874615008604,44.84432392145665],[-0.7557999067932695,44.844629266268086],[-0.7557755954797516,44.845079887074135],[-0.7570600207043541,44.8458891138165],[-0.7570215783805816,44.84679083115219],[-0.7560895243771337,44.84662772087184],[-0.7545322976806732,44.84662630860555],[-0.7540326914595693,44.847226389670325],[-0.7531883016379811,44.84909467885276],[-0.7511171007660224,44.849404487181864],[-0.7508910173435933,44.84966274706367],[-0.7466833994811649,44.850464745060734],[-0.7193180080656459,44.84707637879992],[-0.703739057448172,44.85122373445329],[-0.7034327539306808,44.85142144213428],[-0.6963658298584929,44.853145236604576],[-0.6798832645103283,44.857746463502664],[-0.6790830051147604,44.85767836949372],[-0.6777201167474614,44.857976808936094],[-0.6774228997582531,44.85835441033738],[-0.6763868792410221,44.85695028555177],[-0.6795099002463942,44.847991334463785],[-0.6808074647443062,44.84834305623989],[-0.6830791274369572,44.84849658870383],[-0.6876727237749576,44.84779409462368],[-0.6918296373766262,44.84746385080369],[-0.6925778807290688,44.8441050233897],[-0.6950028116002573,44.844241449505525],[-0.6969644848508341,44.84307463249862],[-0.6970561989967203,44.84354478938018],[-0.6988001935847724,44.84343974741179],[-0.6985570169864421,44.8418453641262],[-0.7013365338718015,44.83953984939544],[-0.7045443160021198,44.845071422066255],[-0.7047892492906725,44.844713550708974],[-0.7145300383279556,44.839341232880365],[-0.7180300454882799,44.83769346081926],[-0.7164919761573315,44.835011245475876],[-0.7169851314240713,44.83383201236379],[-0.7216987986425041,44.83219301897437],[-0.7282415783191579,44.83372547051204],[-0.7289275787629099,44.83352659888498],[-0.7296221872560683,44.83236943839337],[-0.7337919853247906,44.83345492386212],[-0.7356434624754735,44.8324001149607],[-0.7364689101879537,44.83109969484405],[-0.7384854091761401,44.82955797991625],[-0.7537967439470907,44.83240719453852],[-0.7537801105272348,44.84058934075781],[-0.7535047958863915,44.840849231516664]]]}},{"type":"Feature","properties":{"zone_id":"179004000","commune":"MERIGNAC","zone_status":"exterior","has_raw_hourly_series":false,"is_observed_clean":false,"is_lozo_target":false,"sensor_count":0,"n_active_temporal_sensors":0,"selected_for_modeling":false,"temporal_quality":null,"map_status":"excluded_exterior","label_lat":44.82871502052294,"label_lon":-0.7118126145206513},"geometry":{"type":"Polygon","coordinates":[[[-0.6912914701388155,44.83377003737131],[-0.6881836683509307,44.83331650585696],[-0.6882332610653839,44.83270285068123],[-0.6844343607951552,44.832757002808954],[-0.6843736055627944,44.83229394437961],[-0.6858393467469566,44.83223980964435],[-0.6859121117837967,44.83101434941456],[-0.6880082584173607,44.830493114119335],[-0.6849334018453868,44.82453577426616],[-0.6888342409869593,44.82320734039323],[-0.6962132672105784,44.820043173013964],[-0.6963793829499673,44.82047019373946],[-0.6983945288425226,44.819879403192985],[-0.6989604544890138,44.81964686671074],[-0.6990268680271071,44.81938597683092],[-0.6999181588569848,44.81905610152818],[-0.6995931304687578,44.81858110171811],[-0.7025530735629694,44.81730339805277],[-0.7084452978278512,44.81567330876459],[-0.7118397064973917,44.81438262857051],[-0.7209015804172031,44.81289902618712],[-0.7260257616929158,44.81362100734843],[-0.7259099320984586,44.81382227571009],[-0.7294856534626925,44.81933078210448],[-0.7302136307663204,44.82012924492065],[-0.7347749149995884,44.8269601381955],[-0.7384854091761401,44.82955797991625],[-0.7364689101879537,44.83109969484405],[-0.7356434624754735,44.8324001149607],[-0.7337919853247906,44.83345492386212],[-0.7296221872560683,44.83236943839337],[-0.7289275787629099,44.83352659888498],[-0.7282415783191579,44.83372547051204],[-0.7216987986425041,44.83219301897437],[-0.7169851314240713,44.83383201236379],[-0.7164919761573315,44.835011245475876],[-0.7180300454882799,44.83769346081926],[-0.7145300383279556,44.839341232880365],[-0.7047892492906725,44.844713550708974],[-0.7045443160021198,44.845071422066255],[-0.7013365338718015,44.83953984939544],[-0.6985570169864421,44.8418453641262],[-0.6988001935847724,44.84343974741179],[-0.6970561989967203,44.84354478938018],[-0.6969644848508341,44.84307463249862],[-0.6950028116002573,44.844241449505525],[-0.6925778807290688,44.8441050233897],[-0.6949791144677274,44.83365990388401],[-0.6939552683014002,44.83390484885595],[-0.692371323292868,44.83385761111602],[-0.6919691468968324,44.83415668557097],[-0.6915118287471168,44.834097110537044],[-0.6912914701388155,44.83377003737131]]]}},{"type":"Feature","properties":{"zone_id":"178005000","commune":"PESSAC","zone_status":"exterior","has_raw_hourly_series":false,"is_observed_clean":false,"is_lozo_target":false,"sensor_count":0,"n_active_temporal_sensors":0,"selected_for_modeling":false,"temporal_quality":null,"map_status":"excluded_exterior","label_lat":44.79677608561901,"label_lon":-0.6744833350456464},"geometry":{"type":"Polygon","coordinates":[[[-0.6780336269848646,44.792475901446565],[-0.6780347825497554,44.79460019196529],[-0.6820841071931626,44.794679319347445],[-0.6844925411682854,44.79899763074594],[-0.6853909517453429,44.798258366137155],[-0.6870847082694173,44.79877983951575],[-0.6854845414039604,44.80055362599382],[-0.6835698543454515,44.80158706214778],[-0.68246715380463,44.80179763020778],[-0.6786867471494934,44.80177448425228],[-0.6704432614117195,44.79941599298641],[-0.6672683855836526,44.79988074177273],[-0.6653438707359393,44.79956406387709],[-0.6631951484117424,44.79959546022289],[-0.6631015794089328,44.799247951011445],[-0.6713356115964924,44.79274937819961],[-0.6780336269848646,44.792475901446565]]]}},{"type":"Feature","properties":{"zone_id":"181006000","commune":"SAINT-MEDARD-EN-JALLES","zone_status":"exterior","has_raw_hourly_series":false,"is_observed_clean":false,"is_lozo_target":false,"sensor_count":0,"n_active_temporal_sensors":0,"selected_for_modeling":false,"temporal_quality":null,"map_status":"excluded_exterior","label_lat":44.89350201112092,"label_lon":-0.716347786530877},"geometry":{"type":"Polygon","coordinates":[[[-0.7261689950633946,44.89264097008691],[-0.7277736361278478,44.892821434749436],[-0.7279570253462304,44.89363541225767],[-0.7263808988754539,44.89346311549087],[-0.7264354049002578,44.89546767595384],[-0.7256236648164149,44.89542729217157],[-0.721063220866449,44.895860578636295],[-0.7213190227440389,44.896141403171775],[-0.7206717711087547,44.896573163709284],[-0.7205969547581025,44.8979880873644],[-0.7179969426078738,44.89836620791151],[-0.7166907536336697,44.898347841363524],[-0.7169952717803374,44.89697128318745],[-0.7159097384830573,44.89656950482641],[-0.7160281300289146,44.895945482854046],[-0.7126182088816534,44.895945048865556],[-0.7097827683534553,44.89632921463289],[-0.7097475674301191,44.8962176623368],[-0.7045795500319594,44.89600000359614],[-0.7049255234230672,44.8933475023706],[-0.7038533958040583,44.89337606205969],[-0.7022780354470141,44.89311953916093],[-0.7004256866308889,44.89258371688332],[-0.7002918901426642,44.89199682615909],[-0.6998509225156173,44.89167449723313],[-0.6996445531910824,44.891141402517675],[-0.7001670179431403,44.89098885175181],[-0.6997610710402943,44.89035161410728],[-0.7006035246106386,44.89007101407509],[-0.7013289957295893,44.88945926737156],[-0.70326534521578,44.888887248878525],[-0.704197893834961,44.88916439101357],[-0.7044509009823171,44.88911805606371],[-0.7047961633230949,44.88875864149958],[-0.7081071218611175,44.888821163980076],[-0.7092095674718509,44.88871572095041],[-0.7100608224218166,44.88828170431264],[-0.7103772560548859,44.88827382905746],[-0.7114196238000545,44.888736428116104],[-0.7114598868903892,44.88940212046311],[-0.7117794202549722,44.88976647020933],[-0.7126172107805558,44.889243596894964],[-0.7130186550568247,44.8892942027556],[-0.7131907272740711,44.89009334144215],[-0.7127082534514623,44.89148217579006],[-0.7137832593625769,44.89195639399003],[-0.7171262163782001,44.89288200482938],[-0.7192081056869356,44.89301323187342],[-0.7210934041822387,44.892951840222175],[-0.7236799784615177,44.890485578233935],[-0.7265055970324502,44.88839322083262],[-0.7275866943527389,44.89031464298632],[-0.7282045336474207,44.890414779384855],[-0.7282271564459675,44.89073664353482],[-0.7280579939674967,44.89109118061824],[-0.7272678439652931,44.89158288311709],[-0.727733437442381,44.8915491788706],[-0.7277534763134748,44.89187031676285],[-0.7261689950633946,44.89264097008691]]]}},{"type":"Feature","properties":{"zone_id":"181002000","commune":"SAINT-MEDARD-EN-JALLES","zone_status":"exterior","has_raw_hourly_series":false,"is_observed_clean":false,"is_lozo_target":false,"sensor_count":0,"n_active_temporal_sensors":0,"selected_for_modeling":false,"temporal_quality":null,"map_status":"excluded_exterior","label_lat":44.87822712853513,"label_lon":-0.7053455456437681},"geometry":{"type":"Polygon","coordinates":[[[-0.7115460220380088,44.88434281748347],[-0.7109075081613401,44.88364130567869],[-0.7093864784886863,44.88406705842498],[-0.7093253308168346,44.883833922937185],[-0.7083224573879571,44.88358343784312],[-0.7073072876755858,44.883051372512945],[-0.7056203967860607,44.8825226887849],[-0.7009136010643624,44.88162703907766],[-0.6987283120818362,44.88151596702083],[-0.6973091730730029,44.88125773583387],[-0.6936940282521288,44.881573683256164],[-0.6926799913164384,44.880862905497025],[-0.6932094676953819,44.87920130270898],[-0.6908350894799358,44.878141031742906],[-0.691125926011621,44.87789882291237],[-0.6887100069591214,44.877478026250415],[-0.6892320954146772,44.87566425756343],[-0.690369022584043,44.87467917236005],[-0.6908272428148691,44.87378336910986],[-0.6928449126937711,44.87412451371727],[-0.6938511869698818,44.8740071950692],[-0.6952508166501236,44.8743553719752],[-0.698660827969918,44.87468527714888],[-0.7043742238014293,44.87382589046034],[-0.707106449263394,44.873777874662984],[-0.7110473584615241,44.872454592532044],[-0.7110874506631819,44.87225500394119],[-0.7114392945923725,44.87222786124768],[-0.7121477513278821,44.871766132547926],[-0.7148567190792046,44.871062579072],[-0.7158734419588876,44.870527436621195],[-0.7209279836074454,44.875396474525445],[-0.7178624922901243,44.87705583516019],[-0.7199912374139672,44.87897202693189],[-0.7115460220380088,44.88434281748347]]]}},{"type":"Feature","properties":{"zone_id":"181003000","commune":"SAINT-MEDARD-EN-JALLES","zone_status":"exterior","has_raw_hourly_series":false,"is_observed_clean":false,"is_lozo_target":false,"sensor_count":0,"n_active_temporal_sensors":0,"selected_for_modeling":false,"temporal_quality":null,"map_status":"excluded_exterior","label_lat":44.86911242751176,"label_lon":-0.7044807443595644},"geometry":{"type":"Polygon","coordinates":[[[-0.7168873112373764,44.86998958488042],[-0.7148567190792046,44.871062579072],[-0.7121477513278821,44.871766132547926],[-0.7114392945923725,44.87222786124768],[-0.7110874506631819,44.87225500394119],[-0.7110473584615241,44.872454592532044],[-0.707106449263394,44.873777874662984],[-0.7043742238014293,44.87382589046034],[-0.698660827969918,44.87468527714888],[-0.6952508166501236,44.8743553719752],[-0.6938511869698818,44.8740071950692],[-0.6928449126937711,44.87412451371727],[-0.6908272428148691,44.87378336910986],[-0.6917715886347104,44.872646948662286],[-0.6912931151770687,44.872001317558926],[-0.691552251000375,44.87173941418293],[-0.691468555868859,44.871372593815835],[-0.6919622462443746,44.87018897976211],[-0.6931262632057521,44.868789216353406],[-0.6942532839129301,44.86879409549484],[-0.6941661075979115,44.86698708798225],[-0.7011964838419983,44.863354838209666],[-0.7068731600478563,44.86529602762012],[-0.7082175287340617,44.86536828199312],[-0.7099702692050825,44.86592170334258],[-0.712395374682824,44.86585499768711],[-0.7152205308356951,44.865281867649074],[-0.7168873112373764,44.86998958488042]]]}},{"type":"Feature","properties":{"zone_id":"181010000","commune":"SAINT-MEDARD-EN-JALLES","zone_status":"exterior","has_raw_hourly_series":false,"is_observed_clean":false,"is_lozo_target":false,"sensor_count":0,"n_active_temporal_sensors":0,"selected_for_modeling":false,"temporal_quality":null,"map_status":"excluded_exterior","label_lat":44.900457032213446,"label_lon":-0.7371505377526986},"geometry":{"type":"Polygon","coordinates":[[[-0.753222193010417,44.901824828318055],[-0.7520167565632837,44.9030093845915],[-0.7518279118517058,44.903561992928715],[-0.7508517714129642,44.90474330761762],[-0.7503480272811186,44.90491087963582],[-0.7489707777482493,44.904477835721615],[-0.748077297746533,44.90574018656175],[-0.7451101051172231,44.904535169660114],[-0.7453801712064678,44.90597725796692],[-0.7450720541770133,44.90683313735647],[-0.7431487174957752,44.90572438098102],[-0.7407813516105306,44.90527781926339],[-0.7398540218173488,44.90548393481965],[-0.7371690346805793,44.90500826617154],[-0.7357118642455502,44.9052384826981],[-0.7284337834136649,44.9030197463675],[-0.7241843561841848,44.90243497064285],[-0.723357314024993,44.90144059114231],[-0.7231477455526276,44.90038395759464],[-0.7241438654376592,44.90046959382125],[-0.7244613960431492,44.89992337268213],[-0.7242015255969272,44.89973295501639],[-0.7248720859824471,44.89997642993848],[-0.7259019888332233,44.89892962568282],[-0.7250422801552663,44.89854838211898],[-0.7254912931523403,44.89759588692027],[-0.7263209196895791,44.89750488025697],[-0.727160989092408,44.8971504696629],[-0.7292791953401877,44.89580306992089],[-0.7301431740174505,44.89411103872089],[-0.7322882974164556,44.894334551003844],[-0.7339505849796476,44.89417953589241],[-0.7381988368689745,44.89410587495659],[-0.7382045848332299,44.89478170908565],[-0.738649453774768,44.89479737880476],[-0.7385814195307574,44.89545140078094],[-0.7407135161070693,44.89608535734499],[-0.7418294602327016,44.896180145677604],[-0.7420110490513017,44.895651307123245],[-0.7430813939936826,44.89578559827291],[-0.7426789757515379,44.897204381735534],[-0.743927606272491,44.89753812015161],[-0.7454034941899624,44.8976865387912],[-0.7467108672253905,44.897514540112425],[-0.7468551761083561,44.896106121150204],[-0.7480290282073074,44.89619462015951],[-0.7479655665811388,44.89683940163557],[-0.7482473112414861,44.89686058155449],[-0.7483545867705774,44.897194073976955],[-0.7491863056188421,44.896944995012646],[-0.7500540846550968,44.89818308122356],[-0.7496528432795315,44.898308359450006],[-0.750469545000718,44.89885948496192],[-0.7512591064689265,44.90040572012475],[-0.753222193010417,44.901824828318055]]]}},{"type":"Feature","properties":{"zone_id":"181007000","commune":"SAINT-MEDARD-EN-JALLES","zone_status":"exterior","has_raw_hourly_series":false,"is_observed_clean":false,"is_lozo_target":false,"sensor_count":0,"n_active_temporal_sensors":0,"selected_for_modeling":false,"temporal_quality":null,"map_status":"excluded_exterior","label_lat":44.89959296649027,"label_lon":-0.7118585903225713},"geometry":{"type":"Polygon","coordinates":[[[-0.7301431740174505,44.89411103872089],[-0.7292791953401877,44.89580306992089],[-0.727160989092408,44.8971504696629],[-0.7263209196895791,44.89750488025697],[-0.7254912931523403,44.89759588692027],[-0.7250422801552663,44.89854838211898],[-0.7259019888332233,44.89892962568282],[-0.7248720859824471,44.89997642993848],[-0.7242015255969272,44.89973295501639],[-0.7244613960431492,44.89992337268213],[-0.7241438654376592,44.90046959382125],[-0.7231477455526276,44.90038395759464],[-0.723357314024993,44.90144059114231],[-0.7241843561841848,44.90243497064285],[-0.7236238265370512,44.90237806936244],[-0.7224048118964295,44.90254682027249],[-0.7188185923589573,44.902303858520916],[-0.7158361519180615,44.90190974683452],[-0.7128667044663864,44.902054215178886],[-0.7139556337532281,44.9048425880049],[-0.7119431445234056,44.90419594607531],[-0.710380310709419,44.904076048511975],[-0.7082461821955983,44.904215887674425],[-0.7057968455734258,44.902734652354],[-0.7042290645512631,44.902328267977246],[-0.7026248927493207,44.901696748378875],[-0.7001727726291784,44.90109076880854],[-0.6978728464964817,44.90025260082589],[-0.6992358528540653,44.89830717028254],[-0.7018451200092489,44.89574242273525],[-0.7064135227370831,44.896137907481915],[-0.7097475674301191,44.8962176623368],[-0.7097827683534553,44.89632921463289],[-0.7126182088816534,44.895945048865556],[-0.7160281300289146,44.895945482854046],[-0.7159097384830573,44.89656950482641],[-0.7169952717803374,44.89697128318745],[-0.7166907536336697,44.898347841363524],[-0.7179969426078738,44.89836620791151],[-0.7205969547581025,44.8979880873644],[-0.7206717711087547,44.896573163709284],[-0.7213190227440389,44.896141403171775],[-0.721063220866449,44.895860578636295],[-0.7256236648164149,44.89542729217157],[-0.7264354049002578,44.89546767595384],[-0.7263808988754539,44.89346311549087],[-0.7276358384655724,44.89357232161993],[-0.7301431740174505,44.89411103872089]]]}},{"type":"Feature","properties":{"zone_id":"176010000","commune":"VILLENAVE-D'ORNON","zone_status":"exterior","has_raw_hourly_series":false,"is_observed_clean":false,"is_lozo_target":false,"sensor_count":0,"n_active_temporal_sensors":0,"selected_for_modeling":false,"temporal_quality":null,"map_status":"excluded_exterior","label_lat":44.764366085794364,"label_lon":-0.5861262794301804},"geometry":{"type":"Polygon","coordinates":[[[-0.5867405493602497,44.770398440911606],[-0.58629889814349,44.77000088084307],[-0.5821346870782123,44.77120271804178],[-0.5848250837487128,44.76706547510367],[-0.5844502571404021,44.76596820617383],[-0.5816513487436913,44.76607859790602],[-0.581174441793817,44.76564159401912],[-0.5819379270497497,44.76551322128345],[-0.5816760985377719,44.76460155592517],[-0.5823705643586357,44.76334978088215],[-0.5810980804301591,44.76301423974524],[-0.5818916237179225,44.76196743464228],[-0.5829701473985628,44.758644905535995],[-0.5836198057533803,44.75756487679779],[-0.588258536669227,44.75782928291135],[-0.590520459148093,44.76413225121017],[-0.5906305698419873,44.7664701026963],[-0.5898743322203605,44.767525612083816],[-0.5898011030953377,44.769687376862564],[-0.5867405493602497,44.770398440911606]]]}},{"type":"Feature","properties":{"zone_id":"176005000","commune":"VILLENAVE-D'ORNON","zone_status":"exterior","has_raw_hourly_series":false,"is_observed_clean":false,"is_lozo_target":false,"sensor_count":2,"n_active_temporal_sensors":0,"selected_for_modeling":false,"temporal_quality":null,"map_status":"excluded_exterior","label_lat":44.76671588435168,"label_lon":-0.5776177827811297},"geometry":{"type":"Polygon","coordinates":[[[-0.5821346870782123,44.77120271804178],[-0.5784404174825755,44.77255409377064],[-0.5773294140464671,44.77285128957661],[-0.5767716413811287,44.7728134408117],[-0.5790668290663843,44.76909829609666],[-0.5705932153608493,44.76744947699872],[-0.5707468921405633,44.761901943125444],[-0.5732842164357668,44.76112343616184],[-0.5823705643586357,44.76334978088215],[-0.5816760985377719,44.76460155592517],[-0.5819379270497497,44.76551322128345],[-0.581174441793817,44.76564159401912],[-0.5812602598811377,44.765818153016625],[-0.5816513487436913,44.76607859790602],[-0.5844502571404021,44.76596820617383],[-0.5848250837487128,44.76706547510367],[-0.5821346870782123,44.77120271804178]]]}},{"type":"Feature","properties":{"zone_id":"176008000","commune":"VILLENAVE-D'ORNON","zone_status":"exterior","has_raw_hourly_series":false,"is_observed_clean":false,"is_lozo_target":false,"sensor_count":0,"n_active_temporal_sensors":0,"selected_for_modeling":false,"temporal_quality":null,"map_status":"excluded_exterior","label_lat":44.752455723542525,"label_lon":-0.5736811503018131},"geometry":{"type":"Polygon","coordinates":[[[-0.582431759109538,44.75293500365471],[-0.5797838922129945,44.75425527211782],[-0.5789268453197712,44.75452179458527],[-0.5763222395898996,44.754933131712036],[-0.57444464444846,44.756017513879684],[-0.5731256268495476,44.75616015516034],[-0.5725100279991555,44.75646389624228],[-0.5719955409364231,44.75702659291108],[-0.5735695697289502,44.758865668523775],[-0.5734786674190993,44.75906778720658],[-0.5740692819488524,44.759523674609355],[-0.5732842164357668,44.76112343616184],[-0.5658860805016274,44.76342567815077],[-0.5657383494880068,44.76398746470755],[-0.5602343833393653,44.76359132190562],[-0.5602047938698868,44.76344172364451],[-0.5606591653810167,44.763207242371024],[-0.5607302416067671,44.762691284370355],[-0.5600100667959981,44.761726648104215],[-0.5603202898690375,44.76159054710485],[-0.5593835956345562,44.760581524023095],[-0.558235149610775,44.758405911574776],[-0.5555623615119861,44.75948405330434],[-0.5542180306313277,44.75862862959558],[-0.5578344985528036,44.756751509733974],[-0.556604416619441,44.754461425065614],[-0.5584882280695135,44.754250395461334],[-0.5612186609401666,44.753287564005184],[-0.562608950452066,44.75331307849422],[-0.565874789803227,44.75297634466773],[-0.5662183461580065,44.752570557270175],[-0.5661470134872221,44.751645499425756],[-0.5649470874116238,44.750174559811356],[-0.5646474126215248,44.74951645933647],[-0.5631077637954954,44.743940621648],[-0.5624201270028889,44.74207798734041],[-0.5656049418075743,44.741660335198766],[-0.5660448946117667,44.742377897609416],[-0.5675307679213065,44.7425184403967],[-0.5705812453514908,44.74340153147957],[-0.5714702549053778,44.7432430616593],[-0.5758880559824341,44.74732993324429],[-0.5768963924642303,44.747498290912574],[-0.5772298077594605,44.74743010698682],[-0.5768337599908127,44.748519694937784],[-0.5779875368182064,44.74957831505597],[-0.5776923573541128,44.74973110965165],[-0.5779941914663678,44.7501810233709],[-0.5785440664042498,44.75007668863756],[-0.5787296023931142,44.75074663978541],[-0.5794572664713656,44.750376094349676],[-0.5804606023551004,44.75057615121327],[-0.5813133700092379,44.752334907386874],[-0.582431759109538,44.75293500365471]]]}},{"type":"Feature","properties":{"zone_id":"176009000","commune":"VILLENAVE-D'ORNON","zone_status":"exterior","has_raw_hourly_series":false,"is_observed_clean":false,"is_lozo_target":false,"sensor_count":0,"n_active_temporal_sensors":0,"selected_for_modeling":false,"temporal_quality":null,"map_status":"excluded_exterior","label_lat":44.75794706725039,"label_lon":-0.5782109783141739},"geometry":{"type":"Polygon","coordinates":[[[-0.588258536669227,44.75782928291135],[-0.5836198057533803,44.75756487679779],[-0.5829701473985628,44.758644905535995],[-0.5818916237179225,44.76196743464228],[-0.5810980804301591,44.76301423974524],[-0.5732842164357668,44.76112343616184],[-0.5740692819488524,44.759523674609355],[-0.5734786674190993,44.75906778720658],[-0.5735695697289502,44.758865668523775],[-0.5719955409364231,44.75702659291108],[-0.5721212049471481,44.756754920855045],[-0.5729402089319842,44.75622832126481],[-0.57444464444846,44.756017513879684],[-0.5763222395898996,44.754933131712036],[-0.5793518208896535,44.75440265367234],[-0.582431759109538,44.75293500365471],[-0.5832413518500553,44.75295740177639],[-0.5854629985842393,44.75316571605604],[-0.5864638710894418,44.75355286530034],[-0.5873888532505206,44.754450352865106],[-0.588258536669227,44.75782928291135]]]}},{"type":"Feature","properties":{"zone_id":"181005000","commune":"SAINT-MEDARD-EN-JALLES","zone_status":"exterior","has_raw_hourly_series":false,"is_observed_clean":false,"is_lozo_target":false,"sensor_count":0,"n_active_temporal_sensors":0,"selected_for_modeling":false,"temporal_quality":null,"map_status":"excluded_exterior","label_lat":44.8797147710159,"label_lon":-0.7274169053592394},"geometry":{"type":"Polygon","coordinates":[[[-0.7373350814446497,44.8811050077352],[-0.7366103235772336,44.88116996007326],[-0.7343368330994704,44.881945057970505],[-0.7315072084313105,44.88316507876711],[-0.7321533167381199,44.88380587530998],[-0.7318033455092613,44.88643521366293],[-0.7280593551327238,44.887429875050856],[-0.7268202460698775,44.88814833721644],[-0.7236799784615177,44.890485578233935],[-0.7210934041822387,44.892951840222175],[-0.7192081056869356,44.89301323187342],[-0.7171262163782001,44.89288200482938],[-0.7146482025403251,44.892266377634805],[-0.7127082534514623,44.89148217579006],[-0.7131907272740711,44.89009334144215],[-0.7129919239952969,44.88929237152753],[-0.715591866899304,44.887580252631096],[-0.7138650854071613,44.886413096582224],[-0.7115460220380088,44.88434281748347],[-0.7199912374139672,44.87897202693189],[-0.7178624922901243,44.87705583516019],[-0.7209279836074454,44.875396474525445],[-0.7158734419588876,44.870527436621195],[-0.7217724575585056,44.86743187475682],[-0.7229144667822962,44.867012296374874],[-0.7232258300123923,44.86668095160641],[-0.7237882520767667,44.86679012295303],[-0.72546778564536,44.866735540231566],[-0.7267334611093402,44.86625043558077],[-0.7279213063803537,44.86621686388792],[-0.7287132605971599,44.86636687273605],[-0.7299439784444732,44.86688168450024],[-0.7299526605861404,44.86771777927637],[-0.73017931040672,44.868171695984685],[-0.7317506596239447,44.87003602361322],[-0.7329537691535468,44.87053369322406],[-0.7334001323622126,44.87171831497143],[-0.7344853173683686,44.872785951834544],[-0.735447604007208,44.877188180041365],[-0.7359277205493493,44.87853402631248],[-0.7370497369264932,44.8802853776841],[-0.7373350814446497,44.8811050077352]]]}},{"type":"Feature","properties":{"zone_id":"181012000","commune":"SAINT-MEDARD-EN-JALLES","zone_status":"exterior","has_raw_hourly_series":false,"is_observed_clean":false,"is_lozo_target":false,"sensor_count":0,"n_active_temporal_sensors":0,"selected_for_modeling":false,"temporal_quality":null,"map_status":"excluded_exterior","label_lat":44.87742199969461,"label_lon":-0.7795731771888099},"geometry":{"type":"Polygon","coordinates":[[[-0.7918142603616961,44.890399009756905],[-0.7820719369121422,44.888310290543565],[-0.7776097844811455,44.886557645005276],[-0.7772265213539159,44.886721167744255],[-0.7753935191445069,44.88653923988772],[-0.7702585928369754,44.88644879747558],[-0.7709366294360542,44.88814022431037],[-0.7703042193806265,44.889333502324135],[-0.7665263527159886,44.88917507160559],[-0.7663286886328757,44.88946034590777],[-0.7599464411252886,44.88850761174434],[-0.7600528153232935,44.8873521253256],[-0.7544747607187874,44.88728947207613],[-0.7532168832364701,44.88152720194821],[-0.7511819592376033,44.88230270818666],[-0.7495585036889854,44.880034754537924],[-0.7509784281796261,44.87899250944587],[-0.7492324179560452,44.877850920316405],[-0.7492587733831122,44.87670889389006],[-0.7501024922031596,44.87558076292839],[-0.7502339323493801,44.874474823676024],[-0.7510594504871324,44.87417655449197],[-0.7519097844382104,44.87318602607785],[-0.7519971936027646,44.871251450957494],[-0.7526975960571431,44.86870397517936],[-0.7535703715578167,44.868127372088445],[-0.7549179314258998,44.86790420139372],[-0.7557133939369696,44.867100311926606],[-0.756050447298262,44.86617127040276],[-0.7573357829681548,44.865416610997215],[-0.7584728913483179,44.86704745021331],[-0.7658411706418365,44.865258031921556],[-0.7695223408118413,44.86477612044929],[-0.7744914888971239,44.864222295271716],[-0.7935217278325524,44.8626628307133],[-0.8059164353511228,44.87339921765994],[-0.8056862175328641,44.87351799585629],[-0.8105165767547399,44.87768971109118],[-0.7918142603616961,44.890399009756905]]]}},{"type":"Feature","properties":{"zone_id":"181009000","commune":"SAINT-MEDARD-EN-JALLES","zone_status":"exterior","has_raw_hourly_series":false,"is_observed_clean":false,"is_lozo_target":false,"sensor_count":2,"n_active_temporal_sensors":0,"selected_for_modeling":false,"temporal_quality":null,"map_status":"excluded_exterior","label_lat":44.89534995021003,"label_lon":-0.7694187386735728},"geometry":{"type":"Polygon","coordinates":[[[-0.7918142603616961,44.890399009756905],[-0.7865436723046415,44.893920321772555],[-0.7803913653742748,44.89620413918487],[-0.7804811190469785,44.896839181278615],[-0.7824960138869799,44.89740157756453],[-0.7812930345837699,44.898312330264666],[-0.7807385342780372,44.89763001095996],[-0.7772624241010839,44.89804397528124],[-0.7764420970818541,44.898310722755554],[-0.7733176800957384,44.897713896115576],[-0.7741206386678545,44.8991864861089],[-0.7690494260656705,44.901154285938865],[-0.7640086411925946,44.90288111461337],[-0.7579583123709409,44.90470767987262],[-0.7554616958674333,44.905249996957636],[-0.7532151650790555,44.90181424917042],[-0.7512591064689265,44.90040572012475],[-0.750469545000718,44.89885948496192],[-0.7496528432795315,44.898308359450006],[-0.7514439088841803,44.897897324360585],[-0.7531765490185681,44.89718161215569],[-0.7549327623061152,44.8971231062509],[-0.7543785588912765,44.89670642245394],[-0.75532370370515,44.89479880109591],[-0.7537009981494646,44.89431283176503],[-0.7538190828760029,44.89296949519289],[-0.754981799738497,44.893196935132394],[-0.7568553637887214,44.89326245377093],[-0.7564502983721509,44.89088754561128],[-0.755616261798885,44.88947172824093],[-0.7547607706803007,44.888606427808014],[-0.7544747607187874,44.88728947207613],[-0.7600528153232935,44.8873521253256],[-0.7599464411252886,44.88850761174434],[-0.7663286886328757,44.88946034590777],[-0.7665263527159886,44.88917507160559],[-0.7703042193806265,44.889333502324135],[-0.7709366294360542,44.88814022431037],[-0.7702585928369754,44.88644879747558],[-0.7753935191445069,44.88653923988772],[-0.7772265213539159,44.886721167744255],[-0.7776097844811455,44.886557645005276],[-0.7820719369121422,44.888310290543565],[-0.7918142603616961,44.890399009756905]]]}},{"type":"Feature","properties":{"zone_id":"181004000","commune":"SAINT-MEDARD-EN-JALLES","zone_status":"exterior","has_raw_hourly_series":false,"is_observed_clean":false,"is_lozo_target":false,"sensor_count":2,"n_active_temporal_sensors":0,"selected_for_modeling":false,"temporal_quality":null,"map_status":"excluded_exterior","label_lat":44.86396667632123,"label_lon":-0.7304672805554031},"geometry":{"type":"Polygon","coordinates":[[[-0.7466833994811649,44.850464745060734],[-0.7517678312400716,44.857055694441236],[-0.7550749446813264,44.86259797359279],[-0.7573357829681548,44.865416610997215],[-0.756050447298262,44.86617127040276],[-0.7557133939369696,44.867100311926606],[-0.7549179314258998,44.86790420139372],[-0.7535703715578167,44.868127372088445],[-0.7526975960571431,44.86870397517936],[-0.7519971936027646,44.871251450957494],[-0.7519097844382104,44.87318602607785],[-0.7510594504871324,44.87417655449197],[-0.7502339323493801,44.874474823676024],[-0.7501024922031596,44.87558076292839],[-0.7492587733831122,44.87670889389006],[-0.7492584494055674,44.879056085947994],[-0.7485492909989657,44.87993996177988],[-0.747279371484569,44.880648053475454],[-0.7462551638450018,44.88082138773131],[-0.7453754161335511,44.88074564073483],[-0.7444171557751872,44.88063553207971],[-0.7422616671148453,44.88007999592405],[-0.7410749357310585,44.87998304280609],[-0.7398485334964623,44.88020377136535],[-0.7395902724163137,44.8801331544535],[-0.7373350814446497,44.8811050077352],[-0.7370497369264932,44.8802853776841],[-0.7359277205493493,44.87853402631248],[-0.735447604007208,44.877188180041365],[-0.7344853173683686,44.872785951834544],[-0.7334001323622126,44.87171831497143],[-0.7329537691535468,44.87053369322406],[-0.7315635043161381,44.869869277873455],[-0.7300715751036722,44.86802027371991],[-0.7299714737127269,44.86691501728517],[-0.7293846932221273,44.86659037209686],[-0.728072548195718,44.866222542143554],[-0.7273261961317207,44.86622508675217],[-0.7267334611093402,44.86625043558077],[-0.72546778564536,44.866735540231566],[-0.7237882520767667,44.86679012295303],[-0.7232258300123923,44.86668095160641],[-0.7229144667822962,44.867012296374874],[-0.7217724575585056,44.86743187475682],[-0.7168873112373764,44.86998958488042],[-0.7152205308356951,44.865281867649074],[-0.712395374682824,44.86585499768711],[-0.7099702692050825,44.86592170334258],[-0.7082175287340617,44.86536828199312],[-0.7068731600478563,44.86529602762012],[-0.7011964838419983,44.863354838209666],[-0.7070905521035655,44.86024136791534],[-0.7107683235832718,44.85527917340372],[-0.7116934036172102,44.8548390259344],[-0.7179906764642219,44.85337706585254],[-0.7193180080656459,44.84707637879992],[-0.7466833994811649,44.850464745060734]]]}},{"type":"Feature","properties":{"zone_id":"182007000","commune":"TAILLAN-MEDOC (LE )","zone_status":"exterior","has_raw_hourly_series":false,"is_observed_clean":false,"is_lozo_target":false,"sensor_count":0,"n_active_temporal_sensors":0,"selected_for_modeling":false,"temporal_quality":null,"map_status":"excluded_exterior","label_lat":44.91630934574119,"label_lon":-0.7019880142915529},"geometry":{"type":"Polygon","coordinates":[[[-0.697292359010566,44.92780414708593],[-0.691859581026584,44.92948296280193],[-0.6874139020694336,44.93114579651931],[-0.6698693726369178,44.929867341017385],[-0.6722341942933981,44.9255448643444],[-0.6708281319088905,44.92273042561742],[-0.6616125103864908,44.9183991641838],[-0.6658841801177527,44.91821057706325],[-0.667527790859673,44.91768033674477],[-0.66809803487872,44.91720633633686],[-0.6688222423539998,44.916061201203085],[-0.6692829619221148,44.91569719989929],[-0.6688663284977298,44.91475643904814],[-0.6688861216288773,44.91393558211451],[-0.670095121631514,44.914073215993824],[-0.671074263109912,44.91436165723466],[-0.6721409049329822,44.91511508053412],[-0.6727712744567276,44.91528799723813],[-0.675158945246697,44.91517840722636],[-0.6791941622801159,44.91552699829277],[-0.6804327230516871,44.915727350254166],[-0.6826591386058912,44.916368446524125],[-0.6915317323053466,44.91731860858027],[-0.6918710057616797,44.91615271961418],[-0.6937354395762226,44.91572295028401],[-0.6940982513005093,44.91541615863254],[-0.6944336981695464,44.91459640336093],[-0.6943683249913617,44.91408575428146],[-0.6936424821424101,44.91304275826712],[-0.6931002591506671,44.91149247985777],[-0.6932478678815686,44.911190953030236],[-0.69453635758046,44.911111166845174],[-0.6949814778210751,44.910917913131335],[-0.6948077509533137,44.90959054548028],[-0.6940666551848882,44.90944854609334],[-0.694875004082781,44.90872489115176],[-0.6963699539306667,44.90779274977826],[-0.6985360003834041,44.90594226734295],[-0.7028189322223617,44.90177323136895],[-0.7042290645512631,44.902328267977246],[-0.7057968455734258,44.902734652354],[-0.7082461821955983,44.904215887674425],[-0.710380310709419,44.904076048511975],[-0.712533682571685,44.90430336674162],[-0.7142127788792443,44.90493402172384],[-0.714516893236172,44.90724744982965],[-0.710381644940211,44.923150320678694],[-0.6971812176743756,44.92763758021276],[-0.697292359010566,44.92780414708593]]]}},{"type":"Feature","properties":{"zone_id":"182006000","commune":"TAILLAN-MEDOC (LE )","zone_status":"exterior","has_raw_hourly_series":false,"is_observed_clean":false,"is_lozo_target":false,"sensor_count":2,"n_active_temporal_sensors":0,"selected_for_modeling":false,"temporal_quality":null,"map_status":"excluded_exterior","label_lat":44.906988051594446,"label_lon":-0.6603559924882841},"geometry":{"type":"Polygon","coordinates":[[[-0.7028189322223617,44.90177323136895],[-0.6991167138913441,44.90542181516203],[-0.6963807617950153,44.90778339055378],[-0.6948406770094981,44.90737498561046],[-0.6938128750562078,44.90734966486433],[-0.6938114420647156,44.90709629971665],[-0.6922187239321113,44.906214724494966],[-0.6915453319516199,44.904540769289085],[-0.6911002598023623,44.90429150805144],[-0.6898469927983975,44.90405635097021],[-0.68593336677506,44.903847462557344],[-0.6838789507896373,44.90332799270584],[-0.6810814489690535,44.903583989995916],[-0.6787732310272363,44.9049169435112],[-0.6779132585941331,44.90565025398728],[-0.6744232839267773,44.90693306141909],[-0.6727217600912576,44.90711629208256],[-0.671273540065388,44.907002073404854],[-0.6690656791841165,44.90601785053169],[-0.668825611263235,44.91450362151588],[-0.6692829619221148,44.91569719989929],[-0.6688222423539998,44.916061201203085],[-0.6678470963968065,44.91748232431143],[-0.6668614963963868,44.917986264226975],[-0.6652798858088493,44.91828190274188],[-0.6616125103864908,44.9183991641838],[-0.6607342879305808,44.918782399389904],[-0.6598809162145268,44.91940895704846],[-0.6585628911195631,44.91987692338793],[-0.6563518872774032,44.919062806704005],[-0.6541170556526626,44.9177826892188],[-0.6519946070216315,44.91692322344691],[-0.6544279648783277,44.91222031469387],[-0.6548992352364629,44.911568487163755],[-0.6568286895048279,44.90999614577997],[-0.65522355454052,44.90959740818829],[-0.6551609504856005,44.908889284960985],[-0.6522433699295962,44.908824832648406],[-0.652252421331589,44.90781506370795],[-0.6516304844147693,44.90775067899754],[-0.6517246856177188,44.9064705424002],[-0.6489241221119714,44.90596048857874],[-0.6495743594447408,44.90509638920503],[-0.6497187426523737,44.90376942560685],[-0.6493580421867673,44.903176518003875],[-0.6480341673787668,44.90257382622351],[-0.6475801676720254,44.90214434002059],[-0.6470906979867705,44.900547062686115],[-0.6470422615865151,44.89874874229496],[-0.6473108305318293,44.89856871507832],[-0.6471817035679344,44.897987125134705],[-0.6424618082738609,44.89523357249266],[-0.6424008241166742,44.89458836284877],[-0.6437771108982177,44.89473163203825],[-0.6452554930322707,44.895394192840754],[-0.6469993305677632,44.895535210927356],[-0.6486171777480232,44.89594175112326],[-0.6545965111533761,44.89575314791319],[-0.6562130808176063,44.89614052535519],[-0.6580490808469032,44.89709052723907],[-0.6588574013226763,44.89657360941886],[-0.6627185760684053,44.895389055905184],[-0.666817714396879,44.89530420779382],[-0.6678184284290432,44.895520805655224],[-0.6696478681001831,44.895399008431724],[-0.6701917863816185,44.89495115022822],[-0.6715067174117983,44.894429075116854],[-0.6753793492634356,44.893423880385164],[-0.6782259642237042,44.89336478944892],[-0.6803626866670257,44.894737861024716],[-0.6819377538837107,44.89551394697677],[-0.6820380945195246,44.89478236290012],[-0.6828823715985932,44.89448841723374],[-0.6859795553981916,44.894169333496514],[-0.6867648518245882,44.89579618194772],[-0.6865031857879912,44.895866268758766],[-0.6878786826318456,44.897673729630874],[-0.6929703807814436,44.899063757950124],[-0.694420790408972,44.89965454048242],[-0.6968808504449273,44.899920487297145],[-0.7001727726291784,44.90109076880854],[-0.7028189322223617,44.90177323136895]]]}},{"type":"Feature","properties":{"zone_id":"182005000","commune":"TAILLAN-MEDOC (LE )","zone_status":"exterior","has_raw_hourly_series":false,"is_observed_clean":false,"is_lozo_target":false,"sensor_count":0,"n_active_temporal_sensors":0,"selected_for_modeling":false,"temporal_quality":null,"map_status":"excluded_exterior","label_lat":44.91071198326204,"label_lon":-0.6819135511948261},"geometry":{"type":"Polygon","coordinates":[[[-0.6963807617950153,44.90778339055378],[-0.694875004082781,44.90872489115176],[-0.6940666551848882,44.90944854609334],[-0.6948077509533137,44.90959054548028],[-0.6949470571611037,44.91097217998012],[-0.6931391543915384,44.91127483314334],[-0.6934242804139157,44.91258039388384],[-0.6944552573887217,44.914308240530644],[-0.6940982513005093,44.91541615863254],[-0.6937354395762226,44.91572295028401],[-0.6930525407358854,44.91596732508073],[-0.6918710057616797,44.91615271961418],[-0.6915317323053466,44.91731860858027],[-0.6826591386058912,44.916368446524125],[-0.6804327230516871,44.915727350254166],[-0.6791941622801159,44.91552699829277],[-0.675158945246697,44.91517840722636],[-0.6727712744567276,44.91528799723813],[-0.6721409049329822,44.91511508053412],[-0.671074263109912,44.91436165723466],[-0.670095121631514,44.914073215993824],[-0.6688861216288773,44.91393558211451],[-0.6690656791841165,44.90601785053169],[-0.671273540065388,44.907002073404854],[-0.6727217600912576,44.90711629208256],[-0.6744232839267773,44.90693306141909],[-0.6779132585941331,44.90565025398728],[-0.6787732310272363,44.9049169435112],[-0.6810814489690535,44.903583989995916],[-0.6838789507896373,44.90332799270584],[-0.68593336677506,44.903847462557344],[-0.6898469927983975,44.90405635097021],[-0.6911002598023623,44.90429150805144],[-0.6915453319516199,44.904540769289085],[-0.6922187239321113,44.906214724494966],[-0.6938114420647156,44.90709629971665],[-0.6938128750562078,44.90734966486433],[-0.6948406770094981,44.90737498561046],[-0.6963807617950153,44.90778339055378]]]}},{"type":"Feature","properties":{"zone_id":"184005000","commune":"SAINT-VINCENT-DE-PAUL","zone_status":"exterior","has_raw_hourly_series":false,"is_observed_clean":false,"is_lozo_target":false,"sensor_count":2,"n_active_temporal_sensors":0,"selected_for_modeling":false,"temporal_quality":null,"map_status":"excluded_exterior","label_lat":44.97227791667724,"label_lon":-0.48387639858786863},"geometry":{"type":"Polygon","coordinates":[[[-0.5083053423173725,44.98745649657163],[-0.5041486934002416,44.99659111879588],[-0.4997378426929989,44.996174756282734],[-0.49643372114631834,45.00202793942137],[-0.4960071540425313,45.005184974017126],[-0.49089555345181535,45.00446031067497],[-0.483186717451873,45.00257871388771],[-0.47789591565156886,44.99998863850012],[-0.4744668254317417,44.994426643036185],[-0.47291179359894103,44.98379364982608],[-0.4726215429571506,44.976879398988515],[-0.4550149138559566,44.95351208836673],[-0.45826149204238614,44.95256392774639],[-0.4597348054845844,44.95186107057944],[-0.45902863134733884,44.95039330335704],[-0.4589790025968806,44.94969268374582],[-0.4599346589605284,44.94928186882287],[-0.4607160894525454,44.94843380021698],[-0.46136383115267654,44.94794854805079],[-0.462700742566457,44.947321126371776],[-0.4630455187718213,44.9468624478005],[-0.4629748172748832,44.945964305305516],[-0.4619851370367603,44.94570125703194],[-0.46178743445384557,44.9452740937339],[-0.461844040435286,44.94510195520539],[-0.46252090934906986,44.94498538410825],[-0.46370359562910907,44.945045842953036],[-0.4643554635730422,44.94290578486034],[-0.46397456153595473,44.94212191304384],[-0.4642252635635462,44.94207079039439],[-0.4639324787861827,44.94004401044787],[-0.46349456603417155,44.93991986102706],[-0.4639642981880589,44.936371530454245],[-0.46550158557421517,44.93671104967333],[-0.4721716232565349,44.93906234761002],[-0.47211203379400307,44.93965712307694],[-0.470895411798004,44.941649053378384],[-0.47345926507282443,44.94276491404657],[-0.4729752695384367,44.94345143325624],[-0.47531410683638925,44.944598609374985],[-0.47733389070106386,44.94520412332562],[-0.4777417748177607,44.945499558915664],[-0.477713727488104,44.94641791540876],[-0.4774251000934717,44.94700193495558],[-0.47532940606288787,44.94967474666181],[-0.47519555887688053,44.950280884003604],[-0.47537058151792955,44.95175169144213],[-0.478340248472046,44.953567579373704],[-0.47872639904209635,44.953980772947446],[-0.4789371680650905,44.954596128754865],[-0.47988710675179463,44.95507471714595],[-0.4802302565545514,44.955634328612234],[-0.48501994574943985,44.95656400818928],[-0.4847953813436402,44.957155996738514],[-0.4872408173259407,44.95914585729081],[-0.49520875235172984,44.96625065356408],[-0.49706236846554475,44.96761450764799],[-0.5019467657507143,44.98478192982899],[-0.507416040516683,44.985343190212696],[-0.5079768185172948,44.98713791113148],[-0.5082307524326402,44.98715784741391],[-0.5083053423173725,44.98745649657163]]]}},{"type":"Feature","properties":{"zone_id":"181013000","commune":"SAINT-MEDARD-EN-JALLES","zone_status":"exterior","has_raw_hourly_series":false,"is_observed_clean":false,"is_lozo_target":false,"sensor_count":0,"n_active_temporal_sensors":0,"selected_for_modeling":false,"temporal_quality":null,"map_status":"excluded_exterior","label_lat":44.8866074856754,"label_lon":-0.8298216866204918},"geometry":{"type":"Polygon","coordinates":[[[-0.873462946377888,44.85168575918317],[-0.8811230086425121,44.857674797283494],[-0.8838292991987218,44.885736213255214],[-0.8662233809110043,44.88433982327734],[-0.8428185787272633,44.895592846612345],[-0.8412455094611903,44.89975228263666],[-0.8370223761753878,44.91237757468799],[-0.8323318134355797,44.92506113723334],[-0.8216757214303645,44.924609843746076],[-0.7984194965746348,44.918672373611564],[-0.7828095726381096,44.91727809299694],[-0.7706223058072695,44.916397324384654],[-0.7649231770601148,44.915746937769526],[-0.7562582702239043,44.9125764459995],[-0.7509284408308845,44.91080060664894],[-0.7469498038318512,44.90824714145195],[-0.7466434217122753,44.90776082858186],[-0.7450720541770133,44.90683313735647],[-0.7453801712064678,44.90597725796692],[-0.7451101051172231,44.904535169660114],[-0.748077297746533,44.90574018656175],[-0.7489707777482493,44.904477835721615],[-0.7503480272811186,44.90491087963582],[-0.7508517714129642,44.90474330761762],[-0.7518279118517058,44.903561992928715],[-0.7520167565632837,44.9030093845915],[-0.753222193010417,44.901824828318055],[-0.7554616958674333,44.905249996957636],[-0.7579583123709409,44.90470767987262],[-0.7640086411925946,44.90288111461337],[-0.7690494260656705,44.901154285938865],[-0.7741206386678545,44.8991864861089],[-0.7733176800957384,44.897713896115576],[-0.7764420970818541,44.898310722755554],[-0.7772624241010839,44.89804397528124],[-0.7807385342780372,44.89763001095996],[-0.7812930345837699,44.898312330264666],[-0.7824960138869799,44.89740157756453],[-0.7804811190469785,44.896839181278615],[-0.7803913653742748,44.89620413918487],[-0.782640508825421,44.895444246239634],[-0.7870241921225453,44.89365695779695],[-0.8105165767547399,44.87768971109118],[-0.8056862175328641,44.87351799585629],[-0.8059164353511228,44.87339921765994],[-0.7935217278325524,44.8626628307133],[-0.816626908942471,44.860821083019225],[-0.8205756562137786,44.859493544696456],[-0.826181582420462,44.85790142851134],[-0.8370324708723289,44.855529079439194],[-0.8513139316090397,44.84960856361945],[-0.8548019758185628,44.84797841859778],[-0.873462946377888,44.85168575918317]]]}},{"type":"Feature","properties":{"zone_id":"181011000","commune":"SAINT-MEDARD-EN-JALLES","zone_status":"exterior","has_raw_hourly_series":false,"is_observed_clean":false,"is_lozo_target":false,"sensor_count":0,"n_active_temporal_sensors":0,"selected_for_modeling":false,"temporal_quality":null,"map_status":"excluded_exterior","label_lat":44.886523823135576,"label_lon":-0.7420743256583802},"geometry":{"type":"Polygon","coordinates":[[[-0.7565975100627151,44.891533315572396],[-0.7545076484342056,44.89081087680853],[-0.7528159159077472,44.890409245002644],[-0.749799484507555,44.890050576721265],[-0.7432984678859972,44.88965262030763],[-0.7433288543849698,44.89084862940438],[-0.7413173604434489,44.89068913548749],[-0.7411060700962844,44.89117228329358],[-0.7412104821031672,44.89169064659065],[-0.7414839495628558,44.891836436357345],[-0.7412202638741536,44.89415739875427],[-0.7386064487221589,44.89407682227508],[-0.7311583569837148,44.89427517359788],[-0.7279570253462304,44.89363541225767],[-0.7277736361278478,44.892821434749436],[-0.7261689950633946,44.89264097008691],[-0.7277534763134748,44.89187031676285],[-0.727733437442381,44.8915491788706],[-0.7272678439652931,44.89158288311709],[-0.7280579939674967,44.89109118061824],[-0.7282271564459675,44.89073664353482],[-0.7282045336474207,44.890414779384855],[-0.7275866943527389,44.89031464298632],[-0.7265055970324502,44.88839322083262],[-0.7280593551327238,44.887429875050856],[-0.7318033455092613,44.88643521366293],[-0.7321533167381199,44.88380587530998],[-0.7315072084313105,44.88316507876711],[-0.7343368330994704,44.881945057970505],[-0.7366103235772336,44.88116996007326],[-0.7373350814446497,44.8811050077352],[-0.7395902724163137,44.8801331544535],[-0.7398485334964623,44.88020377136535],[-0.7410749357310585,44.87998304280609],[-0.7422616671148453,44.88007999592405],[-0.7444171557751872,44.88063553207971],[-0.7453754161335511,44.88074564073483],[-0.7462551638450018,44.88082138773131],[-0.747279371484569,44.880648053475454],[-0.7485492909989657,44.87993996177988],[-0.7489281235911425,44.87953866707564],[-0.7492584494055674,44.879056085947994],[-0.7492324179560452,44.877850920316405],[-0.7509784281796261,44.87899250944587],[-0.7495585036889854,44.880034754537924],[-0.7511819592376033,44.88230270818666],[-0.7532168832364701,44.88152720194821],[-0.7547607706803007,44.888606427808014],[-0.75601217304922,44.89006407334701],[-0.7565975100627151,44.891533315572396]]]}},{"type":"Feature","properties":{"zone_id":"181008000","commune":"SAINT-MEDARD-EN-JALLES","zone_status":"exterior","has_raw_hourly_series":false,"is_observed_clean":false,"is_lozo_target":false,"sensor_count":0,"n_active_temporal_sensors":0,"selected_for_modeling":false,"temporal_quality":null,"map_status":"excluded_exterior","label_lat":44.8938691246885,"label_lon":-0.7474938318034764},"geometry":{"type":"Polygon","coordinates":[[[-0.7549327623061152,44.8971231062509],[-0.7531765490185681,44.89718161215569],[-0.7514439088841803,44.897897324360585],[-0.7500540846550968,44.89818308122356],[-0.7491863056188421,44.896944995012646],[-0.7483545867705774,44.897194073976955],[-0.7482473112414861,44.89686058155449],[-0.7479655665811388,44.89683940163557],[-0.7480290282073074,44.89619462015951],[-0.7468551761083561,44.896106121150204],[-0.7467108672253905,44.897514540112425],[-0.7454034941899624,44.8976865387912],[-0.743927606272491,44.89753812015161],[-0.7426789757515379,44.897204381735534],[-0.7430813939936826,44.89578559827291],[-0.7420110490513017,44.895651307123245],[-0.7418294602327016,44.896180145677604],[-0.7407135161070693,44.89608535734499],[-0.7385814195307574,44.89545140078094],[-0.738649453774768,44.89479737880476],[-0.7382045848332299,44.89478170908565],[-0.7381988368689745,44.89410587495659],[-0.7412202638741536,44.89415739875427],[-0.7414839495628558,44.891836436357345],[-0.7412104821031672,44.89169064659065],[-0.7411060700962844,44.89117228329358],[-0.7413173604434489,44.89068913548749],[-0.7433288543849698,44.89084862940438],[-0.7432984678859972,44.88965262030763],[-0.749799484507555,44.890050576721265],[-0.7528159159077472,44.890409245002644],[-0.7545076484342056,44.89081087680853],[-0.7565975100627151,44.891533315572396],[-0.7566425220005604,44.89275497347817],[-0.7568553637887214,44.89326245377093],[-0.754981799738497,44.893196935132394],[-0.7538190828760029,44.89296949519289],[-0.7537009981494646,44.89431283176503],[-0.75532370370515,44.89479880109591],[-0.7543785588912765,44.89670642245394],[-0.7549327623061152,44.8971231062509]]]}},{"type":"Feature","properties":{"zone_id":"181001000","commune":"SAINT-MEDARD-EN-JALLES","zone_status":"exterior","has_raw_hourly_series":false,"is_observed_clean":false,"is_lozo_target":false,"sensor_count":4,"n_active_temporal_sensors":0,"selected_for_modeling":false,"temporal_quality":null,"map_status":"excluded_exterior","label_lat":44.88834363435471,"label_lon":-0.7004704719872853},"geometry":{"type":"Polygon","coordinates":[[[-0.7129919239952969,44.88929237152753],[-0.7126172107805558,44.889243596894964],[-0.7117794202549722,44.88976647020933],[-0.7114598868903892,44.88940212046311],[-0.7114196238000545,44.888736428116104],[-0.7108986861903386,44.88860529843455],[-0.7106465561034964,44.88835847631164],[-0.7100608224218166,44.88828170431264],[-0.7092095674718509,44.88871572095041],[-0.7081071218611175,44.888821163980076],[-0.7047961633230949,44.88875864149958],[-0.7044509009823171,44.88911805606371],[-0.704197893834961,44.88916439101357],[-0.70326534521578,44.888887248878525],[-0.7013289957295893,44.88945926737156],[-0.7006035246106386,44.89007101407509],[-0.6997610710402943,44.89035161410728],[-0.7001670179431403,44.89098885175181],[-0.6996445531910824,44.891141402517675],[-0.6998509225156173,44.89167449723313],[-0.7002918901426642,44.89199682615909],[-0.7004256866308889,44.89258371688332],[-0.7022780354470141,44.89311953916093],[-0.7038533958040583,44.89337606205969],[-0.7049255234230672,44.8933475023706],[-0.7045795500319594,44.89600000359614],[-0.7018451200092489,44.89574242273525],[-0.6992358528540653,44.89830717028254],[-0.6978728464964817,44.90025260082589],[-0.6968808504449273,44.899920487297145],[-0.694420790408972,44.89965454048242],[-0.6929703807814436,44.899063757950124],[-0.6878786826318456,44.897673729630874],[-0.6865031857879912,44.895866268758766],[-0.6867648518245882,44.89579618194772],[-0.6859795553981916,44.894169333496514],[-0.6828823715985932,44.89448841723374],[-0.6820380945195246,44.89478236290012],[-0.6819377538837107,44.89551394697677],[-0.6808298752018758,44.894940502459896],[-0.6820383155001304,44.89339512969637],[-0.6837206308460945,44.89335010756661],[-0.6838012542502058,44.891798028450324],[-0.6850430239441477,44.89135941394593],[-0.6852078863555751,44.891129586860416],[-0.6851068168730985,44.8904397376139],[-0.6856132432814082,44.88973347616595],[-0.6855358254850119,44.88936554876311],[-0.6859914902627914,44.88829229670631],[-0.6868603549867799,44.88797049614326],[-0.6871131950141175,44.887496117628785],[-0.6863646400985999,44.88721901018263],[-0.6858845519285957,44.8865490848272],[-0.6841872419772924,44.885127224831734],[-0.6857998252681791,44.884256171105044],[-0.6875772589396608,44.88227016758829],[-0.6877512510895591,44.88175419716276],[-0.6867487639804274,44.881006960578986],[-0.6863834838173085,44.880116845277946],[-0.6863873390434225,44.87971205478475],[-0.6870764597656615,44.87858592347183],[-0.6869438552964484,44.877338382740795],[-0.6887100069591214,44.877478026250415],[-0.691125926011621,44.87789882291237],[-0.6908350894799358,44.878141031742906],[-0.6932094676953819,44.87920130270898],[-0.6926799913164384,44.880862905497025],[-0.6936940282521288,44.881573683256164],[-0.6973091730730029,44.88125773583387],[-0.6987283120818362,44.88151596702083],[-0.700376795824095,44.881561061827256],[-0.7056203967860607,44.8825226887849],[-0.7073072876755858,44.883051372512945],[-0.7083224573879571,44.88358343784312],[-0.7093253308168346,44.883833922937185],[-0.7093864784886863,44.88406705842498],[-0.7109075081613401,44.88364130567869],[-0.7138650854071613,44.886413096582224],[-0.715591866899304,44.887580252631096],[-0.7129919239952969,44.88929237152753]]]}},{"type":"Feature","properties":{"zone_id":"184003000","commune":"SAINT-LOUIS-DE-MONTFERRAND","zone_status":"exterior","has_raw_hourly_series":false,"is_observed_clean":false,"is_lozo_target":false,"sensor_count":6,"n_active_temporal_sensors":0,"selected_for_modeling":false,"temporal_quality":null,"map_status":"excluded_exterior","label_lat":44.95662252474874,"label_lon":-0.5293047371248628},"geometry":{"type":"Polygon","coordinates":[[[-0.5489030412071626,44.93877916950993],[-0.5435528132523375,44.94856735177966],[-0.5424433788643115,44.951134450276314],[-0.5409684650672864,44.9547268868976],[-0.5401051725315923,44.957397015482215],[-0.5393264645245055,44.961485661232054],[-0.5392895407369516,44.96642755349609],[-0.5399148098750275,44.971901879086516],[-0.5404466774095384,44.97411100405885],[-0.5426782919700087,44.98054540101214],[-0.5441884254017494,44.983699399431806],[-0.5217314692407035,44.98962953556178],[-0.5172067179900849,44.98811988936575],[-0.5160135808015127,44.98507705317351],[-0.5190980274576641,44.985618442885546],[-0.5184941330715064,44.97703857713491],[-0.5179468416000175,44.975521907423534],[-0.5185630163487163,44.973930713928404],[-0.5181070158936977,44.96477032489551],[-0.5185039012450531,44.96385200406375],[-0.5206840080880489,44.96311149916439],[-0.5194785019562336,44.95936170766285],[-0.5182779371204803,44.95920409434925],[-0.5180692921392245,44.95586076620668],[-0.5189056379434385,44.95436338227524],[-0.5207584064214837,44.95439663379612],[-0.5207815605138448,44.95409938657774],[-0.5225617455451645,44.95374724918331],[-0.5237394980022922,44.952230180438214],[-0.5235240916905846,44.9517332167984],[-0.5238248027420372,44.95142802236826],[-0.5261567480428037,44.95165598421895],[-0.5277707259506307,44.944089131966884],[-0.5294475024326711,44.941958527315826],[-0.5243658392587912,44.940496677278226],[-0.5221678259154144,44.93962545926744],[-0.523188295024851,44.93803388538112],[-0.5232344774169506,44.93745659580258],[-0.5237488903306456,44.93708237077084],[-0.5258324704731892,44.9384340539231],[-0.5277364480767341,44.93922971784894],[-0.5279320969426657,44.93711810831295],[-0.5277157996411823,44.93708804998111],[-0.5278093446015883,44.9364380403398],[-0.5310373803872606,44.9371627628699],[-0.5328507151839441,44.93247272653732],[-0.5315494044406157,44.93229956439987],[-0.5323678935676778,44.93045031463357],[-0.5335875703852968,44.930535829124736],[-0.5358440377960775,44.92758913634895],[-0.5368279450051422,44.9238202905902],[-0.5385522461673131,44.92386450584011],[-0.5391718949369959,44.92431610426667],[-0.5398876529149714,44.92444196525985],[-0.542079020398383,44.92418652383942],[-0.5435231236169241,44.92419361193791],[-0.5445871735552918,44.92394875243305],[-0.5493376351404724,44.92342123875588],[-0.5501607384557938,44.9285653884357],[-0.5503429090546188,44.93304336855794],[-0.550222829002665,44.93443242381718],[-0.5489030412071626,44.93877916950993]]]}},{"type":"Feature","properties":{"zone_id":"179006000","commune":"MARTIGNAS-SUR-JALLE","zone_status":"exterior","has_raw_hourly_series":true,"is_observed_clean":false,"is_lozo_target":false,"sensor_count":8,"n_active_temporal_sensors":4,"selected_for_modeling":false,"temporal_quality":"usable_with_gaps","map_status":"excluded_exterior","label_lat":44.845941299776655,"label_lon":-0.7651286184939557},"geometry":{"type":"Polygon","coordinates":[[[-0.7466833994811649,44.850464745060734],[-0.7508910173435933,44.84966274706367],[-0.7511171007660224,44.849404487181864],[-0.7531883016379811,44.84909467885276],[-0.7540326914595693,44.847226389670325],[-0.7545322976806732,44.84662630860555],[-0.7560895243771337,44.84662772087184],[-0.7570215783805816,44.84679083115219],[-0.7570600207043541,44.8458891138165],[-0.7557755954797516,44.845079887074135],[-0.7557999067932695,44.844629266268086],[-0.7560874615008604,44.84432392145665],[-0.7557823879496224,44.8438556123153],[-0.7550389250055262,44.84366897403976],[-0.7549436650913073,44.842870047461645],[-0.7538607414428701,44.842477665433236],[-0.7541210354276126,44.84125466924511],[-0.7534313670856633,44.8409057972812],[-0.7537801105272348,44.84058934075781],[-0.7538037885075339,44.832550295125486],[-0.7587195198478404,44.83243153393149],[-0.8020343241505956,44.82369063205169],[-0.8314038608091276,44.82786247842306],[-0.8353354034459392,44.82870901146198],[-0.8356236463535068,44.836380776382676],[-0.8213107605081367,44.83725350967276],[-0.8054824268190621,44.83878035920669],[-0.7877344791150273,44.83997744083321],[-0.78499495769196,44.84263718527299],[-0.7805795139772383,44.84124285020998],[-0.779825061279665,44.842701710800156],[-0.7781514128390418,44.84475253034001],[-0.7740396816848137,44.84382443958435],[-0.7722926002788909,44.84770833219717],[-0.7738771857360516,44.8530148478188],[-0.7744810398703652,44.85758494574524],[-0.7742944050125946,44.85959592060254],[-0.7737146652143987,44.86190605313488],[-0.7727501660155223,44.86439415722162],[-0.7658411706418365,44.865258031921556],[-0.7584728913483179,44.86704745021331],[-0.7563966259290241,44.86409094122699],[-0.7550749446813264,44.86259797359279],[-0.7517678312400716,44.857055694441236],[-0.7466833994811649,44.850464745060734]]]}},{"type":"Feature","properties":{"zone_id":"174001000","commune":"BASSENS","zone_status":"exterior","has_raw_hourly_series":false,"is_observed_clean":false,"is_lozo_target":false,"sensor_count":4,"n_active_temporal_sensors":0,"selected_for_modeling":false,"temporal_quality":null,"map_status":"excluded_exterior","label_lat":44.90440639108719,"label_lon":-0.5151855541178727},"geometry":{"type":"Polygon","coordinates":[[[-0.5219360905851047,44.904457031509864],[-0.5211147601296832,44.9098967846058],[-0.5168514914943095,44.90974622886961],[-0.5165022462810704,44.9098806828481],[-0.51480108953438,44.909286504472846],[-0.5128395527534402,44.90805808063606],[-0.5128706550175995,44.90772455777954],[-0.5133503459483238,44.90740566861145],[-0.5137581479559228,44.906729496871215],[-0.5109459511075011,44.90649577913805],[-0.5080308373154966,44.90589575668474],[-0.5086478239839859,44.90511561101844],[-0.5087112786466899,44.90436647022892],[-0.5077766886506485,44.90418419654273],[-0.5064504225349393,44.90349792042788],[-0.5062610384816473,44.90326864841809],[-0.5063130935273681,44.90278126298967],[-0.5057144937786915,44.90243604325354],[-0.506680237412366,44.902042324325905],[-0.5069186329441285,44.90175728030814],[-0.5082044260769458,44.8991417702444],[-0.5096393376400397,44.899559671015325],[-0.510304078086484,44.89997120065089],[-0.5104456281541072,44.900388579430654],[-0.5103223492629091,44.90095022402178],[-0.5143514854536524,44.90172768575784],[-0.5162320635105989,44.90136439189032],[-0.5168897113248649,44.901598561835755],[-0.5172584581371636,44.901373425674365],[-0.517980521625465,44.90138202912168],[-0.5183803360776018,44.90274110969201],[-0.5183025880580552,44.9032004724405],[-0.5199355475955084,44.90319381396556],[-0.5201269630367443,44.90373926369735],[-0.5213243735911384,44.90382476882959],[-0.5217253166024673,44.90362456545074],[-0.5216615052867732,44.904445881832736],[-0.5219360905851047,44.904457031509864]]]}},{"type":"Feature","properties":{"zone_id":"183002000","commune":"BLANQUEFORT","zone_status":"exterior","has_raw_hourly_series":false,"is_observed_clean":false,"is_lozo_target":false,"sensor_count":0,"n_active_temporal_sensors":0,"selected_for_modeling":false,"temporal_quality":null,"map_status":"excluded_exterior","label_lat":44.92387385262767,"label_lon":-0.6349004565486841},"geometry":{"type":"Polygon","coordinates":[[[-0.6209291289725556,44.930521665452254],[-0.6216767881440778,44.92860186785204],[-0.624392044185249,44.92367779085537],[-0.6245448584645052,44.9229617323535],[-0.6272446062328628,44.92010022611778],[-0.6278849486189727,44.919272705710526],[-0.6281124069993714,44.91841625769289],[-0.6289542814408131,44.91817325500118],[-0.6311078866608882,44.918187623001664],[-0.633693806073997,44.917747842593194],[-0.6359149487513626,44.91782392469787],[-0.6373797350903708,44.917505581950415],[-0.6382096202927846,44.9176270972736],[-0.640039313043166,44.91749768450174],[-0.6418970953711778,44.916942872683165],[-0.6427121851342104,44.91699285165709],[-0.642815071925788,44.917971019133645],[-0.6452111523461685,44.91917673854686],[-0.6452148168291529,44.9209314433869],[-0.6457695502223961,44.922302152658176],[-0.645685928329457,44.924059829420294],[-0.6475313137303023,44.92681850213376],[-0.6483226977042764,44.92741808188765],[-0.6502890777473402,44.92839081363627],[-0.6506807077161018,44.92906479680787],[-0.6468047418493198,44.929575146851214],[-0.6448754154237064,44.93001331397582],[-0.642898158109938,44.92996743188862],[-0.640265639054483,44.930263769584215],[-0.6385920744614266,44.93026360462481],[-0.638007798075334,44.93046935577199],[-0.634064529178847,44.92972863587919],[-0.6313028723735111,44.930207426033114],[-0.6277504396359287,44.9301324489476],[-0.6244827155189491,44.930614925271016],[-0.6209291289725556,44.930521665452254]]]}},{"type":"Feature","properties":{"zone_id":"183004000","commune":"BLANQUEFORT","zone_status":"exterior","has_raw_hourly_series":false,"is_observed_clean":false,"is_lozo_target":false,"sensor_count":2,"n_active_temporal_sensors":0,"selected_for_modeling":false,"temporal_quality":null,"map_status":"excluded_exterior","label_lat":44.90231877385872,"label_lon":-0.6330360054556046},"geometry":{"type":"Polygon","coordinates":[[[-0.6476900392943585,44.90229396450703],[-0.64961111392695,44.903421456758984],[-0.6497475828576752,44.90431008500256],[-0.6495743594447408,44.90509638920503],[-0.6489241221119714,44.90596048857874],[-0.6475588421669568,44.906691271524835],[-0.6466286884340403,44.90685968334444],[-0.6466298372172682,44.90829999175466],[-0.6463075443792975,44.90866919854109],[-0.644922528216524,44.90880575738561],[-0.6425792042488848,44.908346409196014],[-0.6418427328245176,44.90784422472083],[-0.6409403811553236,44.90754299737396],[-0.6373969233934923,44.90736979733235],[-0.6349969136119344,44.90701038708086],[-0.6324229447933158,44.906963025000145],[-0.632296692927597,44.90579633368796],[-0.6316783496951339,44.905336173456526],[-0.6306112300509013,44.90624713748662],[-0.6295471975625053,44.907679840810495],[-0.6297665759822837,44.9085009823283],[-0.6265438855762526,44.908111477060174],[-0.6253753344123952,44.90780896236392],[-0.62214369203817,44.90755393238287],[-0.6168010134713362,44.90040582993362],[-0.6205657130817305,44.900008348419064],[-0.6212330312293869,44.90016955609639],[-0.6225537945895403,44.89974787013505],[-0.624538956857097,44.899461415629105],[-0.6289662117960838,44.89817210225833],[-0.6348365577301583,44.8975726437901],[-0.6365438256327784,44.896815509739106],[-0.6382713910474092,44.89523938416415],[-0.6424008241166742,44.89458836284877],[-0.6424618082738609,44.89523357249266],[-0.6471817035679344,44.897987125134705],[-0.6473108305318293,44.89856871507832],[-0.6470422615865151,44.89874874229496],[-0.6470770154186046,44.900277159745514],[-0.647286704325805,44.90139586165712],[-0.6476900392943585,44.90229396450703]]]}},{"type":"Feature","properties":{"zone_id":"183001000","commune":"BLANQUEFORT","zone_status":"exterior","has_raw_hourly_series":false,"is_observed_clean":false,"is_lozo_target":false,"sensor_count":2,"n_active_temporal_sensors":0,"selected_for_modeling":false,"temporal_quality":null,"map_status":"excluded_exterior","label_lat":44.91279308006569,"label_lon":-0.6260672996080562},"geometry":{"type":"Polygon","coordinates":[[[-0.6392648201497477,44.907462753182536],[-0.6379809849571222,44.910233988595735],[-0.6350799724035103,44.9145336218968],[-0.6347299394061267,44.91655048071673],[-0.6343253197163774,44.9177056347089],[-0.6311078866608882,44.918187623001664],[-0.6289542814408131,44.91817325500118],[-0.6267571233834313,44.91879936679015],[-0.6238988646768177,44.91897289610119],[-0.6225097038794284,44.91512370897709],[-0.6180539311494511,44.91499042270205],[-0.6153239023384072,44.914631431162285],[-0.6159765624468713,44.911634056966875],[-0.6121308062717068,44.91127787458492],[-0.6103747313773655,44.910361636179346],[-0.610951827831333,44.907861688856435],[-0.614670974515361,44.9077902477474],[-0.6152164543283627,44.90757674347139],[-0.6181222378906789,44.90716589018729],[-0.6253753344123952,44.90780896236392],[-0.6265438855762526,44.908111477060174],[-0.6297665759822837,44.9085009823283],[-0.6295471975625053,44.907679840810495],[-0.6306112300509013,44.90624713748662],[-0.6316783496951339,44.905336173456526],[-0.632296692927597,44.90579633368796],[-0.6324229447933158,44.906963025000145],[-0.6349969136119344,44.90701038708086],[-0.6373969233934923,44.90736979733235],[-0.6392648201497477,44.907462753182536]]]}},{"type":"Feature","properties":{"zone_id":"183006000","commune":"BLANQUEFORT","zone_status":"exterior","has_raw_hourly_series":false,"is_observed_clean":false,"is_lozo_target":false,"sensor_count":0,"n_active_temporal_sensors":0,"selected_for_modeling":false,"temporal_quality":null,"map_status":"excluded_exterior","label_lat":44.93395971240211,"label_lon":-0.6388450919577613},"geometry":{"type":"Polygon","coordinates":[[[-0.6707707210417369,44.929914258706496],[-0.6668628710613724,44.938275984109346],[-0.6665428091510118,44.938446087596],[-0.6661426230094315,44.93832230016603],[-0.6648985212437145,44.93850940908194],[-0.6611303193351346,44.93935827211009],[-0.648287140698059,44.942370331365964],[-0.638702207662822,44.94479561075156],[-0.6371192616838819,44.944681040427],[-0.6339514037756468,44.94473646814514],[-0.6330345480602434,44.94558939932532],[-0.6313996451022591,44.945605809092285],[-0.6307250161103706,44.94818040240206],[-0.6263001754775102,44.9479210680452],[-0.6240282820584812,44.947369752601844],[-0.6216143062936986,44.94727268426093],[-0.6214352956497774,44.94365888617411],[-0.6204562845831525,44.94085970054752],[-0.6180165241890464,44.94108614610857],[-0.6176289334941342,44.94117717669692],[-0.6164889876162879,44.94191823048336],[-0.6150864836340265,44.94197369982841],[-0.6097477616424991,44.94002747814721],[-0.6090846102993104,44.939444298533196],[-0.6054870007870755,44.937452936603904],[-0.6111926065735088,44.93245650612233],[-0.6128756907165175,44.93087133906135],[-0.6136573887302982,44.92988872341226],[-0.6143545256444181,44.92936495603154],[-0.6161411871422701,44.92982148467025],[-0.6177524155798756,44.929643613387036],[-0.6192261004162002,44.92994625891034],[-0.6209291289725556,44.930521665452254],[-0.6244827155189491,44.930614925271016],[-0.6277504396359287,44.9301324489476],[-0.6313028723735111,44.930207426033114],[-0.634064529178847,44.92972863587919],[-0.638007798075334,44.93046935577199],[-0.6385920744614266,44.93026360462481],[-0.640265639054483,44.930263769584215],[-0.642898158109938,44.92996743188862],[-0.6448754154237064,44.93001331397582],[-0.6468047418493198,44.929575146851214],[-0.6506807077161018,44.92906479680787],[-0.6502890777473402,44.92839081363627],[-0.6482184782905828,44.92735835939152],[-0.6468248340556637,44.92594577085789],[-0.645685928329457,44.924059829420294],[-0.6457695502223961,44.922302152658176],[-0.6452148168291529,44.9209314433869],[-0.6452111523461685,44.91917673854686],[-0.642815071925788,44.917971019133645],[-0.6427121851342104,44.91699285165709],[-0.6466467012731774,44.91688710635694],[-0.6486960374704365,44.9166251284181],[-0.6519946070216315,44.91692322344691],[-0.6541170556526626,44.9177826892188],[-0.6563518872774032,44.919062806704005],[-0.6585628911195631,44.91987692338793],[-0.6598809162145268,44.91940895704846],[-0.6607342879305808,44.918782399389904],[-0.6616125103864908,44.9183991641838],[-0.6708281319088905,44.92273042561742],[-0.6722341942933981,44.9255448643444],[-0.6698693726369178,44.929867341017385],[-0.6707707210417369,44.929914258706496]]]}},{"type":"Feature","properties":{"zone_id":"174002000","commune":"BASSENS","zone_status":"exterior","has_raw_hourly_series":false,"is_observed_clean":false,"is_lozo_target":false,"sensor_count":0,"n_active_temporal_sensors":0,"selected_for_modeling":false,"temporal_quality":null,"map_status":"excluded_exterior","label_lat":44.9117348309686,"label_lon":-0.5123373083596775},"geometry":{"type":"Polygon","coordinates":[[[-0.5211147601296832,44.9098967846058],[-0.520466582746701,44.91468405917584],[-0.5197652159751055,44.917693942913665],[-0.5193060193799953,44.91866375182022],[-0.5181993480930622,44.9182716753773],[-0.5178472993044874,44.918603667191036],[-0.5166191347882471,44.91835593596287],[-0.5162539862045723,44.91841980738074],[-0.5133818292151737,44.92066004977018],[-0.5092499579649393,44.91941908207978],[-0.5054997334478302,44.91691488974063],[-0.5041590425266936,44.91794858196586],[-0.5036731840389639,44.91861810435305],[-0.5017398682349195,44.91818984953772],[-0.5025717128349386,44.91662065003775],[-0.5037709191483074,44.91356550795116],[-0.5037730932587756,44.9101101089874],[-0.5033453789645312,44.91016586556741],[-0.5025218456852525,44.90993509400815],[-0.502845724794239,44.90955627559871],[-0.5028936225550238,44.908231670481335],[-0.5031910804945671,44.907146292347925],[-0.5029069514344829,44.90578532455483],[-0.5033073390087228,44.90494809437538],[-0.5055605342728464,44.90244906736394],[-0.5063130935273681,44.90278126298967],[-0.5062610384816473,44.90326864841809],[-0.5064504225349393,44.90349792042788],[-0.5077766886506485,44.90418419654273],[-0.5087112786466899,44.90436647022892],[-0.5086478239839859,44.90511561101844],[-0.5080308373154966,44.90589575668474],[-0.5109459511075011,44.90649577913805],[-0.5137581479559228,44.906729496871215],[-0.5133503459483238,44.90740566861145],[-0.5128706550175995,44.90772455777954],[-0.5128395527534402,44.90805808063606],[-0.51480108953438,44.909286504472846],[-0.5165022462810704,44.9098806828481],[-0.5168514914943095,44.90974622886961],[-0.5211147601296832,44.9098967846058]]]}},{"type":"Feature","properties":{"zone_id":"182001000","commune":"HAILLAN (LE )","zone_status":"exterior","has_raw_hourly_series":false,"is_observed_clean":false,"is_lozo_target":false,"sensor_count":0,"n_active_temporal_sensors":0,"selected_for_modeling":false,"temporal_quality":null,"map_status":"excluded_exterior","label_lat":44.86765710547752,"label_lon":-0.6690845697195891},"geometry":{"type":"Polygon","coordinates":[[[-0.6751625882510124,44.85890251358992],[-0.6774241637278314,44.85835436950755],[-0.6777240226381497,44.86016414326245],[-0.67933743681389,44.865655616018394],[-0.677725981416845,44.86535751695362],[-0.6780204358683015,44.86642750114102],[-0.6743958467007786,44.86604194380033],[-0.6753975257383166,44.870732613334944],[-0.6766891950368785,44.87148835009769],[-0.6780598810811896,44.873196878043935],[-0.6766391440157438,44.87499978556743],[-0.6770210981635782,44.875971366174724],[-0.6773003166821774,44.87810539258712],[-0.6769247495797751,44.87819625391136],[-0.6766571797024304,44.87792481720479],[-0.6735609439629986,44.87733423378991],[-0.6713515737527965,44.87789860857901],[-0.6685330823659575,44.87796745661288],[-0.6682724186143545,44.875047730658686],[-0.6671096268618574,44.87294728530779],[-0.6659943032609407,44.87222972731382],[-0.6633822587903123,44.87190507604989],[-0.6631193064476119,44.87172264570827],[-0.6613509082964978,44.87133035812798],[-0.6618044531750197,44.87033655276216],[-0.6632583337164569,44.86864907353012],[-0.6636777631889109,44.867036302016935],[-0.6646748674832967,44.86485739951066],[-0.6658923674646732,44.86324072634358],[-0.6664215269266289,44.85826612412968],[-0.6751625882510124,44.85890251358992]]]}},{"type":"Feature","properties":{"zone_id":"182003000","commune":"HAILLAN (LE )","zone_status":"exterior","has_raw_hourly_series":false,"is_observed_clean":false,"is_lozo_target":false,"sensor_count":0,"n_active_temporal_sensors":0,"selected_for_modeling":false,"temporal_quality":null,"map_status":"excluded_exterior","label_lat":44.87682514257237,"label_lon":-0.680180835600961},"geometry":{"type":"Polygon","coordinates":[[[-0.6869438552964484,44.877338382740795],[-0.6870764597656615,44.87858592347183],[-0.6863873390434225,44.87971205478475],[-0.6863834838173085,44.880116845277946],[-0.6867487639804274,44.881006960578986],[-0.6877512510895591,44.88175419716276],[-0.6875772589396608,44.88227016758829],[-0.6857998252681791,44.884256171105044],[-0.6842278789712254,44.88510879404987],[-0.6831567330795933,44.88426104912766],[-0.6794505228502652,44.8832491888318],[-0.680808249082061,44.881394327296476],[-0.6808727843465052,44.8807350672835],[-0.6805510772493867,44.88064393815533],[-0.6801136551870618,44.880738610293115],[-0.6768090866863629,44.88378104700189],[-0.6749418320484372,44.88484882563573],[-0.6748802087152304,44.88348259950207],[-0.6753916264069681,44.880741917888464],[-0.6763602015288049,44.87824835232974],[-0.6767303129166508,44.8781117254944],[-0.6770772879352023,44.87820204892488],[-0.6773329484492442,44.87802317191002],[-0.6769356405181788,44.87557756941936],[-0.6766391440157438,44.87499978556743],[-0.6780598810811896,44.873196878043935],[-0.6766891950368785,44.87148835009769],[-0.6807491726506425,44.87249388595261],[-0.6809191028716529,44.870988466256335],[-0.6817541916136045,44.8695953173202],[-0.6820432311927054,44.86959651100552],[-0.681930999513551,44.86898647593651],[-0.6835967218887704,44.86814074532285],[-0.6846441252933932,44.86853494356245],[-0.6837643320521456,44.86959435345551],[-0.6845752732319588,44.869589104769744],[-0.6874966134667214,44.870725019524066],[-0.6863299562271217,44.8725294709414],[-0.6858797417694776,44.87266070620467],[-0.686024238745813,44.87297051886312],[-0.6855971724692926,44.87327937365237],[-0.6842831894450212,44.87543035361278],[-0.6831605822522515,44.8764608547249],[-0.6832535155455443,44.87698863414876],[-0.6869438552964484,44.877338382740795]]]}},{"type":"Feature","properties":{"zone_id":"183010000","commune":"PAREMPUYRE","zone_status":"exterior","has_raw_hourly_series":false,"is_observed_clean":false,"is_lozo_target":false,"sensor_count":0,"n_active_temporal_sensors":0,"selected_for_modeling":false,"temporal_quality":null,"map_status":"excluded_exterior","label_lat":44.952486485456255,"label_lon":-0.61637868879684},"geometry":{"type":"Polygon","coordinates":[[[-0.6176289334941342,44.94117717669692],[-0.6204562845831525,44.94085970054752],[-0.6206875778485582,44.94125772327415],[-0.6214352956497774,44.94365888617411],[-0.6215544887394175,44.94711243712548],[-0.6229271135114225,44.950027566751665],[-0.6231505636473464,44.95136322533424],[-0.6244377349954114,44.953406902243586],[-0.6253755920326363,44.95556103263759],[-0.6257669179613286,44.9560187282402],[-0.627687807693967,44.957317064688745],[-0.6294950901123161,44.958898511183186],[-0.6282044147875555,44.96180400243425],[-0.6285030663089575,44.964298235441895],[-0.6267824591207879,44.96413712512019],[-0.6219536651183203,44.96416751948121],[-0.6216949398496204,44.964092950411],[-0.6215892558588889,44.96377291377197],[-0.6213454104733447,44.963733093341894],[-0.6181968655212847,44.96410596536938],[-0.6174127157538886,44.964388380631206],[-0.6140252416375128,44.96475808360139],[-0.615291594860016,44.95951468165361],[-0.611660575467988,44.95679091310404],[-0.6102941296907821,44.95491104017244],[-0.6100434300628352,44.95403393062374],[-0.6094874299823697,44.953086853016295],[-0.6086119235515803,44.95236265585508],[-0.6060683583919755,44.9507480678778],[-0.6053811258797549,44.94734636516044],[-0.6082791684740516,44.94075119774133],[-0.609664361361377,44.939894996930335],[-0.6140951956146188,44.94167615004644],[-0.6154432664461442,44.94203607301075],[-0.6164889876162879,44.94191823048336],[-0.6176289334941342,44.94117717669692]]]}},{"type":"Feature","properties":{"zone_id":"183008000","commune":"PAREMPUYRE","zone_status":"exterior","has_raw_hourly_series":false,"is_observed_clean":false,"is_lozo_target":false,"sensor_count":1,"n_active_temporal_sensors":0,"selected_for_modeling":false,"temporal_quality":null,"map_status":"excluded_exterior","label_lat":44.95604954998026,"label_lon":-0.6048609352835105},"geometry":{"type":"Polygon","coordinates":[[[-0.6140252416375128,44.96475808360139],[-0.6127831725198007,44.96459303933636],[-0.6120480799859317,44.96482873218985],[-0.6102481503093388,44.964597910964486],[-0.6083082772086519,44.96412646937787],[-0.6064521739709214,44.964283902879956],[-0.6024725349221765,44.963579396870784],[-0.599067189490665,44.96426386951584],[-0.5982648231184706,44.95784087352494],[-0.6000568951808595,44.95188845582684],[-0.6000381567422542,44.95082735768206],[-0.5995404124327952,44.95029096709664],[-0.5993717583226337,44.94972049588214],[-0.6000030811737762,44.948010023010035],[-0.6024725292747009,44.947962477342045],[-0.6053811258797549,44.94734636516044],[-0.6060683583919755,44.9507480678778],[-0.6086119235515803,44.95236265585508],[-0.6094874299823697,44.953086853016295],[-0.6100434300628352,44.95403393062374],[-0.6102941296907821,44.95491104017244],[-0.611660575467988,44.95679091310404],[-0.615291594860016,44.95951468165361],[-0.6140252416375128,44.96475808360139]]]}},{"type":"Feature","properties":{"zone_id":"183005000","commune":"BLANQUEFORT","zone_status":"exterior","has_raw_hourly_series":false,"is_observed_clean":false,"is_lozo_target":false,"sensor_count":0,"n_active_temporal_sensors":0,"selected_for_modeling":false,"temporal_quality":null,"map_status":"excluded_exterior","label_lat":44.91108920821391,"label_lon":-0.6465307764567567},"geometry":{"type":"Polygon","coordinates":[[[-0.6519946070216315,44.91692322344691],[-0.6484820348156123,44.91663125938181],[-0.6460272818077412,44.91692187953092],[-0.6418970953711778,44.916942872683165],[-0.640039313043166,44.91749768450174],[-0.6382096202927846,44.9176270972736],[-0.6373797350903708,44.917505581950415],[-0.6359149487513626,44.91782392469787],[-0.6343253197163774,44.9177056347089],[-0.6347299394061267,44.91655048071673],[-0.6350799724035103,44.9145336218968],[-0.6379809849571222,44.910233988595735],[-0.6392648201497477,44.907462753182536],[-0.6409403811553236,44.90754299737396],[-0.6418427328245176,44.90784422472083],[-0.6425792042488848,44.908346409196014],[-0.644922528216524,44.90880575738561],[-0.6463075443792975,44.90866919854109],[-0.6466298372172682,44.90829999175466],[-0.6466286884340403,44.90685968334444],[-0.6475588421669568,44.906691271524835],[-0.6489241221119714,44.90596048857874],[-0.6517246856177188,44.9064705424002],[-0.6516304844147693,44.90775067899754],[-0.652252421331589,44.90781506370795],[-0.6522433699295962,44.908824832648406],[-0.6551609504856005,44.908889284960985],[-0.65522355454052,44.90959740818829],[-0.6568286895048279,44.90999614577997],[-0.6548992352364629,44.911568487163755],[-0.6544279648783277,44.91222031469387],[-0.6519946070216315,44.91692322344691]]]}},{"type":"Feature","properties":{"zone_id":"183003000","commune":"BLANQUEFORT","zone_status":"exterior","has_raw_hourly_series":false,"is_observed_clean":false,"is_lozo_target":false,"sensor_count":0,"n_active_temporal_sensors":0,"selected_for_modeling":false,"temporal_quality":null,"map_status":"excluded_exterior","label_lat":44.91625297218484,"label_lon":-0.6142539555454216},"geometry":{"type":"Polygon","coordinates":[[[-0.6281124069993714,44.91841625769289],[-0.6278849486189727,44.919272705710526],[-0.6272446062328628,44.92010022611778],[-0.6245448584645052,44.9229617323535],[-0.624392044185249,44.92367779085537],[-0.6216767881440778,44.92860186785204],[-0.6209291289725556,44.930521665452254],[-0.6192261004162002,44.92994625891034],[-0.6177524155798756,44.929643613387036],[-0.6161411871422701,44.92982148467025],[-0.6149502493623779,44.92959252819301],[-0.614136577932981,44.9292908833072],[-0.6148853230664066,44.928369747266935],[-0.6062710977098498,44.92770882946523],[-0.6075932996756278,44.92437884109205],[-0.6078485433774857,44.92302224390134],[-0.6063174488742511,44.91848889421955],[-0.6063289641828231,44.917742205776555],[-0.6059798066382831,44.91738220912768],[-0.6049185218590613,44.91425221924614],[-0.6052688817967385,44.91275632417525],[-0.6045293866853526,44.91216491279179],[-0.6030111938696721,44.91198700214085],[-0.6037539745371627,44.90826936838687],[-0.6056189617380232,44.90739233890666],[-0.6065867689482723,44.9067632077579],[-0.610003134911269,44.90407913169319],[-0.6068790779549192,44.90172370994294],[-0.6082416782836357,44.90118286284496],[-0.6116254636066107,44.90028238506066],[-0.6168010134713362,44.90040582993362],[-0.62214369203817,44.90755393238287],[-0.6181222378906789,44.90716589018729],[-0.6152164543283627,44.90757674347139],[-0.614670974515361,44.9077902477474],[-0.610951827831333,44.907861688856435],[-0.6103747313773655,44.910361636179346],[-0.6121308062717068,44.91127787458492],[-0.6159765624468713,44.911634056966875],[-0.6153239023384072,44.914631431162285],[-0.6180539311494511,44.91499042270205],[-0.6225097038794284,44.91512370897709],[-0.6238988646768177,44.91897289610119],[-0.6269952396246791,44.91877539384912],[-0.6281124069993714,44.91841625769289]]]}},{"type":"Feature","properties":{"zone_id":"183007000","commune":"BLANQUEFORT","zone_status":"exterior","has_raw_hourly_series":false,"is_observed_clean":false,"is_lozo_target":false,"sensor_count":0,"n_active_temporal_sensors":0,"selected_for_modeling":false,"temporal_quality":null,"map_status":"excluded_exterior","label_lat":44.92463953236616,"label_lon":-0.5786957101635506},"geometry":{"type":"Polygon","coordinates":[[[-0.5804666570455992,44.9089377748418],[-0.580835262208019,44.90940835258785],[-0.5817357979447157,44.90942887298413],[-0.5849321378701707,44.908777785510324],[-0.5864310636068104,44.90865720145259],[-0.5880706817987849,44.908235621980445],[-0.5920355263519433,44.90922869454271],[-0.5935460633958314,44.90928790259914],[-0.5951298957994021,44.90906543728759],[-0.5993091771278087,44.90930679599177],[-0.6015685419638208,44.90864321145785],[-0.6027050396744555,44.90858557394001],[-0.6037539745371627,44.90826936838687],[-0.6030111938696721,44.91198700214085],[-0.6045293866853526,44.91216491279179],[-0.6052688817967385,44.91275632417525],[-0.6049185218590613,44.91425221924614],[-0.6059798066382831,44.91738220912768],[-0.6063289641828231,44.917742205776555],[-0.6063174488742511,44.91848889421955],[-0.6078485433774857,44.92302224390134],[-0.6075932996756278,44.92437884109205],[-0.6062710977098498,44.92770882946523],[-0.6148853230664066,44.928369747266935],[-0.614136577932981,44.9292908833072],[-0.6143545256444181,44.92936495603154],[-0.6136573887302982,44.92988872341226],[-0.6118676889882553,44.931827068333554],[-0.6054870007870755,44.937452936603904],[-0.6018779348487345,44.9356917168962],[-0.60035555692968,44.93518319770234],[-0.5983209029620137,44.935786301797975],[-0.5731927214749982,44.93407372768108],[-0.5711439238346799,44.93439735645339],[-0.5712513319111616,44.93453001160117],[-0.5706925879421434,44.935976533175],[-0.5708345645225091,44.93651274247763],[-0.570540756085523,44.9374387723639],[-0.5702450223754676,44.93761684280373],[-0.5674222585672832,44.936908907405666],[-0.5671801893614187,44.93860663729355],[-0.5669089410859052,44.93901003102315],[-0.5658918658379315,44.942590961966374],[-0.5648614205659479,44.94251058648746],[-0.5630744480511737,44.94200912707736],[-0.5609736878378394,44.94182046669216],[-0.5601721993420702,44.94149013600352],[-0.5591051128826793,44.94147300785166],[-0.5571178976414449,44.94081466612261],[-0.5557432350359105,44.94068837924945],[-0.5546035089756342,44.94020569724809],[-0.5538516147804114,44.94013509530587],[-0.5489030412071626,44.93877916950993],[-0.550222829002665,44.93443242381718],[-0.5503668593187739,44.93181863718129],[-0.5501607384557938,44.9285653884357],[-0.5490304278988004,44.92167445475785],[-0.547037697123515,44.91618180234411],[-0.5501689871388903,44.91551491219857],[-0.5506678721047054,44.914358793557824],[-0.5514193997800467,44.91396893519341],[-0.551825291065391,44.91396844580098],[-0.552793373488193,44.91457296373936],[-0.5540774984133984,44.91488152770869],[-0.555285516251316,44.91448956641259],[-0.5564306644164028,44.913866249343386],[-0.5575584913144099,44.91361107318084],[-0.5603215214816635,44.91391725711168],[-0.5608284036535806,44.913670186468345],[-0.5614195810845685,44.912853700604984],[-0.5618625303878002,44.912597993602496],[-0.5634892542118557,44.91270891830831],[-0.5649645000581217,44.91257233661783],[-0.566257240999661,44.912835364813546],[-0.5689590009003636,44.91289733994346],[-0.5702933440847511,44.91273735737577],[-0.5708782960626585,44.912541842138985],[-0.5703940119023089,44.911987803226985],[-0.5694756388610794,44.911390070210466],[-0.5695764050398745,44.91016381229787],[-0.5703155453199402,44.91001841753729],[-0.5705271248035079,44.909697860265],[-0.5710835715587355,44.909413246432706],[-0.5733234375459813,44.90915557183576],[-0.5741301763875702,44.90883760058983],[-0.5752175291858289,44.909025175559044],[-0.5769606431877047,44.908951913633665],[-0.5770649685239727,44.90802207533077],[-0.5774593713460502,44.90780476105419],[-0.5799804191281984,44.907819895118145],[-0.5801186039408298,44.90807687612696],[-0.5797161783404969,44.90882529435582],[-0.5804666570455992,44.9089377748418]]]}},{"type":"Feature","properties":{"zone_id":"183009000","commune":"PAREMPUYRE","zone_status":"exterior","has_raw_hourly_series":false,"is_observed_clean":false,"is_lozo_target":false,"sensor_count":1,"n_active_temporal_sensors":0,"selected_for_modeling":false,"temporal_quality":null,"map_status":"excluded_exterior","label_lat":44.9557736282799,"label_lon":-0.5697642482247103},"geometry":{"type":"Polygon","coordinates":[[[-0.609664361361377,44.939894996930335],[-0.6082791684740516,44.94075119774133],[-0.6053811258797549,44.94734636516044],[-0.6024725292747009,44.947962477342045],[-0.6000030811737762,44.948010023010035],[-0.5993717583226337,44.94972049588214],[-0.5995404124327952,44.95029096709664],[-0.6000381567422542,44.95082735768206],[-0.6000568951808595,44.95188845582684],[-0.5982648231184706,44.95784087352494],[-0.599067189490665,44.96426386951584],[-0.5652448796887121,44.97107969550222],[-0.5617016304024722,44.97194586998266],[-0.5578214916639933,44.97388437021133],[-0.5573244359178469,44.97435638720001],[-0.5530173068715037,44.97539535789073],[-0.5505041429078165,44.975370192599556],[-0.54822506398984,44.97444979581997],[-0.5470832622269358,44.97370469085953],[-0.5464429264965269,44.97357741253894],[-0.5454892921283044,44.97355742238903],[-0.5404466774095384,44.97411100405885],[-0.539730127943627,44.970809026795884],[-0.5392895407369516,44.96642755349609],[-0.5392175269593735,44.96329797687281],[-0.539740847008493,44.958701927379586],[-0.5409684650672864,44.9547268868976],[-0.5435528132523375,44.94856735177966],[-0.5489030412071626,44.93877916950993],[-0.5538516147804114,44.94013509530587],[-0.5546035089756342,44.94020569724809],[-0.5557432350359105,44.94068837924945],[-0.5571178976414449,44.94081466612261],[-0.5591051128826793,44.94147300785166],[-0.5601721993420702,44.94149013600352],[-0.5609736878378394,44.94182046669216],[-0.5630744480511737,44.94200912707736],[-0.5648614205659479,44.94251058648746],[-0.5658918658379315,44.942590961966374],[-0.5669089410859052,44.93901003102315],[-0.5671801893614187,44.93860663729355],[-0.5674222585672832,44.936908907405666],[-0.5702450223754676,44.93761684280373],[-0.570540756085523,44.9374387723639],[-0.5708345645225091,44.93651274247763],[-0.5706565060936275,44.93624718072839],[-0.5709462274305473,44.93497969713996],[-0.5712513319111616,44.93453001160117],[-0.5710715353341688,44.93443655664956],[-0.5729002707126901,44.93406334678226],[-0.5983209029620137,44.935786301797975],[-0.5996023869207268,44.935311205661634],[-0.6006357276939307,44.93522001985324],[-0.6062328246576918,44.93778192386669],[-0.609664361361377,44.939894996930335]]]}},{"type":"Feature","properties":{"zone_id":"180006000","commune":"EYSINES","zone_status":"exterior","has_raw_hourly_series":false,"is_observed_clean":false,"is_lozo_target":false,"sensor_count":2,"n_active_temporal_sensors":0,"selected_for_modeling":false,"temporal_quality":null,"map_status":"excluded_exterior","label_lat":44.88823730390024,"label_lon":-0.6545365838749855},"geometry":{"type":"Polygon","coordinates":[[[-0.6684974117649066,44.8923878641318],[-0.6692698182349118,44.89543496853429],[-0.6678184284290432,44.895520805655224],[-0.666817714396879,44.89530420779382],[-0.6623942669698386,44.89545101115982],[-0.6588574013226763,44.89657360941886],[-0.6580490808469032,44.89709052723907],[-0.6562130808176063,44.89614052535519],[-0.6545965111533761,44.89575314791319],[-0.6486171777480232,44.89594175112326],[-0.6469993305677632,44.895535210927356],[-0.6452554930322707,44.895394192840754],[-0.6441770029863532,44.89485639774574],[-0.6427547457880864,44.894569568886425],[-0.6388702875546101,44.89507008627412],[-0.6376580393746903,44.88990838674955],[-0.6410645954196663,44.88994367922658],[-0.6412588307128195,44.88904771579282],[-0.6422564160682939,44.88781446695931],[-0.6420459867273617,44.887190430746394],[-0.6468305632709421,44.889077467543636],[-0.6485701803563224,44.88939074107053],[-0.6483014711611179,44.888866051687366],[-0.6501314593710912,44.88684548503227],[-0.6513944028024641,44.884453361080084],[-0.649272665379656,44.883583048274204],[-0.6478611391115329,44.88322568151127],[-0.6482385754738602,44.882225461624024],[-0.647421263140471,44.88045689824505],[-0.6475357427180772,44.87974201936149],[-0.6489360972379773,44.88037828512151],[-0.6512828593456792,44.880675118001925],[-0.6539380725781784,44.88179276410627],[-0.6550643486831927,44.883221213834524],[-0.6554122822838273,44.88404711024226],[-0.6577548296621328,44.88664767792725],[-0.6599005857224566,44.88768651723134],[-0.662012769501541,44.88927798534932],[-0.6638248831881102,44.88978688424171],[-0.6681921315220363,44.88956245624811],[-0.6685889688279982,44.89103472426213],[-0.6684974117649066,44.8923878641318]]]}},{"type":"Feature","properties":{"zone_id":"177011000","commune":"GRADIGNAN","zone_status":"exterior","has_raw_hourly_series":false,"is_observed_clean":false,"is_lozo_target":false,"sensor_count":0,"n_active_temporal_sensors":0,"selected_for_modeling":false,"temporal_quality":null,"map_status":"excluded_exterior","label_lat":44.7778829228777,"label_lon":-0.6395314578344191},"geometry":{"type":"Polygon","coordinates":[[[-0.6452836594313253,44.77828145797079],[-0.6332859841326691,44.78318640846294],[-0.6315352337287959,44.783764741102296],[-0.6280804428428955,44.782255596846205],[-0.6294518056355645,44.78119225480758],[-0.6324488420998011,44.77933836345979],[-0.6337071543629669,44.77826965878111],[-0.6336958284759039,44.77521931386698],[-0.633907349761785,44.77322502042158],[-0.6361625403300465,44.77360440858798],[-0.6390340161171811,44.77365251318322],[-0.6394785728714008,44.77352252212039],[-0.6396806197173053,44.77365199090838],[-0.640524021672052,44.773136724289415],[-0.6418716696388369,44.772846363901486],[-0.6430096678481527,44.77283503273269],[-0.6450767176319889,44.772230043873584],[-0.6456402517853569,44.77272214652222],[-0.6470879921837898,44.77628919316879],[-0.645380668277023,44.777495058834226],[-0.6452836594313253,44.77828145797079]]]}},{"type":"Feature","properties":{"zone_id":"177001000","commune":"GRADIGNAN","zone_status":"exterior","has_raw_hourly_series":false,"is_observed_clean":false,"is_lozo_target":false,"sensor_count":0,"n_active_temporal_sensors":0,"selected_for_modeling":false,"temporal_quality":null,"map_status":"excluded_exterior","label_lat":44.77931369777645,"label_lon":-0.6055043002693109},"geometry":{"type":"Polygon","coordinates":[[[-0.6097731169154634,44.778534785679774],[-0.6068885881167487,44.78327381013166],[-0.605925392158828,44.7829563721718],[-0.6060466274077023,44.781927743607575],[-0.6044662864765337,44.78094361546161],[-0.6021056839626809,44.78002535906239],[-0.6011599448562192,44.77885388639249],[-0.6007845617814804,44.77870200604709],[-0.5984727672832602,44.7784662201458],[-0.5993845982948567,44.776560212410345],[-0.601892191778166,44.77523404430922],[-0.6026065376864477,44.775107182554095],[-0.603700307112125,44.775490679577096],[-0.6067943700067013,44.77738897485072],[-0.6097731169154634,44.778534785679774]]]}},{"type":"Feature","properties":{"zone_id":"177005000","commune":"GRADIGNAN","zone_status":"exterior","has_raw_hourly_series":false,"is_observed_clean":false,"is_lozo_target":false,"sensor_count":0,"n_active_temporal_sensors":0,"selected_for_modeling":false,"temporal_quality":null,"map_status":"excluded_exterior","label_lat":44.768385598811655,"label_lon":-0.6006962077991882},"geometry":{"type":"Polygon","coordinates":[[[-0.605927558534914,44.76914459949997],[-0.6035390430582313,44.77052916097684],[-0.6010638741833667,44.77109269654001],[-0.600157734021211,44.771505241533625],[-0.599079585162155,44.77231085087278],[-0.599325019908459,44.77280484043923],[-0.5991406518328121,44.77302804748524],[-0.5979256372271222,44.77331892158909],[-0.5967660640070253,44.77386224113386],[-0.5967009199880796,44.77213210469311],[-0.5947233641112485,44.772230601092836],[-0.5945984593592102,44.76926858524244],[-0.5950607691937255,44.7690796547702],[-0.5948991893679176,44.76884883895288],[-0.5953972602374389,44.76868390899354],[-0.594553240916525,44.767355852144675],[-0.5937776410026897,44.7674521729159],[-0.5939926600896811,44.76557156852077],[-0.5961219559745425,44.765456475954316],[-0.5965274106969329,44.76453669512312],[-0.597717351091979,44.76405546827272],[-0.5979734129997011,44.76372720868135],[-0.599545387451328,44.763247199472744],[-0.6010314311495552,44.76448407715844],[-0.6008172642893536,44.766178113922386],[-0.6051552647900545,44.76661109895087],[-0.6048702964177198,44.76802633315064],[-0.606093543762382,44.768083830456796],[-0.605927558534914,44.76914459949997]]]}},{"type":"Feature","properties":{"zone_id":"177004000","commune":"GRADIGNAN","zone_status":"exterior","has_raw_hourly_series":false,"is_observed_clean":false,"is_lozo_target":false,"sensor_count":2,"n_active_temporal_sensors":0,"selected_for_modeling":false,"temporal_quality":null,"map_status":"excluded_exterior","label_lat":44.760148018272616,"label_lon":-0.6173106304606275},"geometry":{"type":"Polygon","coordinates":[[[-0.6378106602620216,44.76106594424187],[-0.6372033185614207,44.76147436852703],[-0.6356142074117294,44.76205644285977],[-0.6359179302112278,44.76280082497445],[-0.6347016130682808,44.762968730841],[-0.6341291109032566,44.76217456591114],[-0.6318242866981147,44.76286126518307],[-0.6312440215878692,44.76335527137356],[-0.6281234477618475,44.763988318127716],[-0.6252508207786971,44.765523487948236],[-0.6246684943495026,44.76547683927828],[-0.6232488119912472,44.764864401838516],[-0.6186585577863615,44.76564176507637],[-0.6185865480932647,44.76591899315657],[-0.6170758367317319,44.76680017256262],[-0.6171075953585881,44.767314710516395],[-0.6166684180191825,44.76752641906145],[-0.6155754242988186,44.76784234238536],[-0.6134351800320819,44.76877295026856],[-0.6111849223025405,44.76911489309132],[-0.60655380070113,44.768829528977214],[-0.605927558534914,44.76914459949997],[-0.606093543762382,44.768083830456796],[-0.6048702964177198,44.76802633315064],[-0.6051552647900545,44.76661109895087],[-0.6008172642893536,44.766178113922386],[-0.6010314311495552,44.76448407715844],[-0.599545387451328,44.763247199472744],[-0.5979734129997011,44.76372720868135],[-0.597717351091979,44.76405546827272],[-0.5965274106969329,44.76453669512312],[-0.5961219559745425,44.765456475954316],[-0.5939926600896811,44.76557156852077],[-0.5937776410026897,44.7674521729159],[-0.594553240916525,44.767355852144675],[-0.5953972602374389,44.76868390899354],[-0.5948991893679176,44.76884883895288],[-0.5950607691937255,44.7690796547702],[-0.5945984593592102,44.76926858524244],[-0.5947233641112485,44.772230601092836],[-0.5967009199880796,44.77213210469311],[-0.5967660640070253,44.77386224113386],[-0.5960802995212023,44.77380241200893],[-0.5956043803487315,44.77352406755778],[-0.5940804312342569,44.77363306548865],[-0.5934198310249027,44.77384915799867],[-0.5926354339532149,44.77559236134961],[-0.5921377115341588,44.77592031492988],[-0.5893548819618571,44.777280353388534],[-0.5880190205294348,44.77821676742321],[-0.5877079896374032,44.778023178013825],[-0.5864017328490917,44.77865127756834],[-0.5859322526808236,44.778610596385406],[-0.5870351785502337,44.77699684452111],[-0.5864790756756348,44.77675071959068],[-0.5868666205933283,44.77620016242096],[-0.5872280247568138,44.77510336011922],[-0.5871395174274943,44.77100021131174],[-0.5867405493602497,44.770398440911606],[-0.5898011030953377,44.769687376862564],[-0.589924970685947,44.76938772486876],[-0.5898743322203605,44.767525612083816],[-0.5904924634773502,44.76674399169556],[-0.5906535770958523,44.76621606438962],[-0.590520459148093,44.76413225121017],[-0.5900757401705606,44.762701508552134],[-0.5916307483582447,44.763374350104634],[-0.5923041274685896,44.76252872450414],[-0.5926749016780571,44.762341200974824],[-0.5954534272750783,44.7619750088662],[-0.5955344485340034,44.762224116515526],[-0.5971142129139381,44.76222038660514],[-0.5979764083311405,44.76033486855162],[-0.5994732888867367,44.7589992857389],[-0.601526179182391,44.7576743477792],[-0.6038326207818352,44.75760474424545],[-0.6082632352885534,44.7584852509885],[-0.6095877163966242,44.756279929697314],[-0.6135014837682732,44.75193630592426],[-0.615184275550556,44.74972396945866],[-0.6152729279790089,44.749350500887616],[-0.6160664201849625,44.748591880069974],[-0.6189871503649162,44.74863969396847],[-0.6191003704574832,44.74815927379537],[-0.6267783101409358,44.74724478296599],[-0.6298184770684864,44.74547350994594],[-0.6293716360585604,44.743446617256986],[-0.6294157484594748,44.74245035962635],[-0.6326787419124064,44.742215267579226],[-0.6330892218451326,44.74404838795003],[-0.6334005104390206,44.74414806658121],[-0.6342717447984771,44.74510635883593],[-0.634239897420314,44.745708602670014],[-0.633539432026338,44.74749261050377],[-0.6341165922029761,44.75004318608971],[-0.631761754500482,44.75112264686437],[-0.6310573634865191,44.75190637145017],[-0.6308589973172596,44.75316380274447],[-0.631064056790452,44.753949272990695],[-0.6306650841619404,44.75427515422353],[-0.6307534314718457,44.754740860621595],[-0.6317547883368219,44.75502893287771],[-0.6320421111476615,44.755461974756095],[-0.6338744032786241,44.755240525057],[-0.6351910169745855,44.75529651780747],[-0.6354159033594368,44.75762152494353],[-0.6359728281997179,44.75739056748899],[-0.6370310400486698,44.759945109150706],[-0.6378106602620216,44.76106594424187]]]}},{"type":"Feature","properties":{"zone_id":"177010000","commune":"GRADIGNAN","zone_status":"exterior","has_raw_hourly_series":false,"is_observed_clean":false,"is_lozo_target":false,"sensor_count":0,"n_active_temporal_sensors":0,"selected_for_modeling":false,"temporal_quality":null,"map_status":"excluded_exterior","label_lat":44.7695920139887,"label_lon":-0.6323705004590372},"geometry":{"type":"Polygon","coordinates":[[[-0.6450101888278396,44.772197807368514],[-0.6430096678481527,44.77283503273269],[-0.6418716696388369,44.772846363901486],[-0.640524021672052,44.773136724289415],[-0.6396806197173053,44.77365199090838],[-0.6394785728714008,44.77352252212039],[-0.6390340161171811,44.77365251318322],[-0.6361625403300465,44.77360440858798],[-0.633907349761785,44.77322502042158],[-0.6336958284759039,44.77521931386698],[-0.6337071543629669,44.77826965878111],[-0.6290531835433777,44.77762548778108],[-0.6290208615684681,44.77782938900773],[-0.6281654472417432,44.7776537328695],[-0.6281297075259293,44.77749173121777],[-0.6229507920324318,44.77686631877528],[-0.6225867607704066,44.77659793904165],[-0.6214638897724281,44.77639400199924],[-0.6214040234751479,44.77670147318288],[-0.6207875692991058,44.776501755110324],[-0.6215478140541839,44.776066846747675],[-0.6215176450396876,44.77477267350417],[-0.621393191551348,44.77411794568568],[-0.6204874563128898,44.77298219341257],[-0.6204745366176108,44.77227067307367],[-0.620809224892352,44.77118180020176],[-0.6204780147047367,44.768770087407745],[-0.6196235679363818,44.76762179705414],[-0.6194740332628689,44.76643979558639],[-0.6185865480932647,44.76591899315657],[-0.6186585577863615,44.76564176507637],[-0.6232488119912472,44.764864401838516],[-0.6246684943495026,44.76547683927828],[-0.6252508207786971,44.765523487948236],[-0.6281234477618475,44.763988318127716],[-0.6312440215878692,44.76335527137356],[-0.6318242866981147,44.76286126518307],[-0.6341291109032566,44.76217456591114],[-0.6347016130682808,44.762968730841],[-0.6359179302112278,44.76280082497445],[-0.6356142074117294,44.76205644285977],[-0.6375196765887525,44.761317946074726],[-0.6381108986366649,44.760798330915065],[-0.6390981108000718,44.760356748569876],[-0.6396221910783062,44.759757297459835],[-0.6411122115250605,44.75950192341589],[-0.6417021827484354,44.75968435976791],[-0.6427894908362577,44.76067251801723],[-0.6433543684468442,44.76083773364686],[-0.6431188362487509,44.76163505904719],[-0.6421701945948735,44.76298385681336],[-0.6422524714414329,44.76363010179281],[-0.6420262984894191,44.76435577668286],[-0.6432532884524922,44.76626670136295],[-0.6450101888278396,44.772197807368514]]]}},{"type":"Feature","properties":{"zone_id":"177009000","commune":"GRADIGNAN","zone_status":"exterior","has_raw_hourly_series":false,"is_observed_clean":false,"is_lozo_target":false,"sensor_count":0,"n_active_temporal_sensors":0,"selected_for_modeling":false,"temporal_quality":null,"map_status":"excluded_exterior","label_lat":44.77389795297089,"label_lon":-0.6172712002954946},"geometry":{"type":"Polygon","coordinates":[[[-0.6097731169154634,44.778534785679774],[-0.6119335356589128,44.77515497627253],[-0.6139132797979073,44.77365288425017],[-0.6145453277019596,44.77197128981106],[-0.6165180747759056,44.76961411537999],[-0.6172730108332714,44.76783922824172],[-0.6183441699984664,44.76659477011547],[-0.6185865480932647,44.76591899315657],[-0.6194740332628689,44.76643979558639],[-0.6196235679363818,44.76762179705414],[-0.6204780147047367,44.768770087407745],[-0.620809224892352,44.77118180020176],[-0.6204745366176108,44.77227067307367],[-0.6204874563128898,44.77298219341257],[-0.621393191551348,44.77411794568568],[-0.6215176450396876,44.77477267350417],[-0.6215478140541839,44.776066846747675],[-0.6207875692991058,44.776501755110324],[-0.6214040234751479,44.77670147318288],[-0.6213430957810134,44.77738584303837],[-0.6224238680848132,44.77876270839429],[-0.6222426694385728,44.77940582450965],[-0.6225939931289807,44.78034150089849],[-0.6234987222226637,44.780929292746464],[-0.6233970695027148,44.781886159680596],[-0.6180720331428222,44.78156992395865],[-0.6170646240155171,44.78137298650085],[-0.6120303949827863,44.77963381205916],[-0.6097731169154634,44.778534785679774]]]}},{"type":"Feature","properties":{"zone_id":"177003000","commune":"GRADIGNAN","zone_status":"exterior","has_raw_hourly_series":false,"is_observed_clean":false,"is_lozo_target":false,"sensor_count":3,"n_active_temporal_sensors":0,"selected_for_modeling":false,"temporal_quality":null,"map_status":"excluded_exterior","label_lat":44.77239071903625,"label_lon":-0.606861744968429},"geometry":{"type":"Polygon","coordinates":[[[-0.6185865480932647,44.76591899315657],[-0.6183441699984664,44.76659477011547],[-0.6172730108332714,44.76783922824172],[-0.6165180747759056,44.76961411537999],[-0.6145453277019596,44.77197128981106],[-0.6139132797979073,44.77365288425017],[-0.6119335356589128,44.77515497627253],[-0.6097731169154634,44.778534785679774],[-0.6067943700067013,44.77738897485072],[-0.603700307112125,44.775490679577096],[-0.6026065376864477,44.775107182554095],[-0.601892191778166,44.77523404430922],[-0.5993845982948567,44.776560212410345],[-0.5984727672832602,44.7784662201458],[-0.5951031888311453,44.7778536977661],[-0.5928681055435358,44.77711244421775],[-0.5888122424077039,44.778830051968335],[-0.5880190205294348,44.77821676742321],[-0.5893548819618571,44.777280353388534],[-0.5926354339532149,44.77559236134961],[-0.5934198310249027,44.77384915799867],[-0.5940804312342569,44.77363306548865],[-0.5956043803487315,44.77352406755778],[-0.5960802995212023,44.77380241200893],[-0.5967660640070253,44.77386224113386],[-0.5979256372271222,44.77331892158909],[-0.5988447633169883,44.77315028893795],[-0.599325019908459,44.77280484043923],[-0.599079585162155,44.77231085087278],[-0.600157734021211,44.771505241533625],[-0.6010638741833667,44.77109269654001],[-0.6035390430582313,44.77052916097684],[-0.60655380070113,44.768829528977214],[-0.6110255567928176,44.76911644272514],[-0.6134351800320819,44.76877295026856],[-0.6171075953585881,44.767314710516395],[-0.6170758367317319,44.76680017256262],[-0.6185865480932647,44.76591899315657]]]}},{"type":"Feature","properties":{"zone_id":"181014000","commune":"SAINT-AUBIN-DE-M?DOC","zone_status":"exterior","has_raw_hourly_series":true,"is_observed_clean":false,"is_lozo_target":false,"sensor_count":8,"n_active_temporal_sensors":2,"selected_for_modeling":false,"temporal_quality":"partial","map_status":"excluded_exterior","label_lat":44.932815959591416,"label_lon":-0.7495472877849149},"geometry":{"type":"Polygon","coordinates":[[[-0.7984594836685148,44.918682662507344],[-0.7946693591501556,44.94510074353838],[-0.7854046540118825,44.9460549450315],[-0.7545422721418303,44.9666638770011],[-0.7296898920013002,44.957945277784006],[-0.7256984919841584,44.956379143553214],[-0.716989320340745,44.94850629376473],[-0.7169769324294125,44.94828130118459],[-0.7161715924367633,44.94744839733892],[-0.7153843781813001,44.946966325008866],[-0.7050285544058882,44.937656002955016],[-0.6998318162273778,44.931136719342334],[-0.6988575494501891,44.93021910415232],[-0.6971812176743756,44.92763758021276],[-0.710381644940211,44.923150320678694],[-0.714516893236172,44.90724744982965],[-0.7142127788792443,44.90493402172384],[-0.7139556337532281,44.9048425880049],[-0.7128667044663864,44.902054215178886],[-0.7158361519180615,44.90190974683452],[-0.7194410329895734,44.902357771077384],[-0.7224048118964295,44.90254682027249],[-0.7236238265370512,44.90237806936244],[-0.7254715640420881,44.902587384886694],[-0.7284337834136649,44.9030197463675],[-0.7357118642455502,44.9052384826981],[-0.7371690346805793,44.90500826617154],[-0.7398540218173488,44.90548393481965],[-0.7407813516105306,44.90527781926339],[-0.7431487174957752,44.90572438098102],[-0.7466434217122753,44.90776082858186],[-0.7469498038318512,44.90824714145195],[-0.7509284408308845,44.91080060664894],[-0.7562582702239043,44.9125764459995],[-0.7649231770601148,44.915746937769526],[-0.7706223058072695,44.916397324384654],[-0.7828095726381096,44.91727809299694],[-0.7984594836685148,44.918682662507344]]]}},{"type":"Feature","properties":{"zone_id":"174003000","commune":"CARBON-BLANC","zone_status":"exterior","has_raw_hourly_series":false,"is_observed_clean":false,"is_lozo_target":false,"sensor_count":0,"n_active_temporal_sensors":0,"selected_for_modeling":false,"temporal_quality":null,"map_status":"excluded_exterior","label_lat":44.90787749719684,"label_lon":-0.49706153360314864},"geometry":{"type":"Polygon","coordinates":[[[-0.5082044260769458,44.8991417702444],[-0.5069186329441285,44.90175728030814],[-0.506680237412366,44.902042324325905],[-0.5053756174027755,44.90255312033728],[-0.5033073390087228,44.90494809437538],[-0.5029069514344829,44.90578532455483],[-0.5031910804945671,44.907146292347925],[-0.5028936225550238,44.908231670481335],[-0.502845724794239,44.90955627559871],[-0.5025218456852525,44.90993509400815],[-0.5033453789645312,44.91016586556741],[-0.5037730932587756,44.9101101089874],[-0.5037709191483074,44.91356550795116],[-0.5025717128349386,44.91662065003775],[-0.5017398682349195,44.91818984953772],[-0.49811368075552787,44.91788775882096],[-0.4969191199849265,44.9173233407909],[-0.49436600007054277,44.916452881378284],[-0.4918958679036763,44.91668739645558],[-0.48704359543931447,44.91767619036752],[-0.4867583606782461,44.9175571000423],[-0.48580112579752316,44.91664545314078],[-0.48510409154756384,44.916410415880584],[-0.4850220594281855,44.91600839544256],[-0.48422866808908194,44.91587556283233],[-0.484116947621382,44.91515900536559],[-0.48440148247346904,44.91504284610012],[-0.4846457553045748,44.914586350967994],[-0.4846046453053031,44.91404778561461],[-0.4858026351260415,44.913180111130686],[-0.4869793806970294,44.91187251300336],[-0.4879505919916602,44.91131557760702],[-0.48829763773873913,44.910677397251376],[-0.4892055645077642,44.9101037416086],[-0.4900650818205161,44.909281870658795],[-0.49172442278483325,44.907294765073004],[-0.49294963026964983,44.90499594628273],[-0.49268688782496317,44.90460648420516],[-0.49531795687771885,44.89816406946293],[-0.4979633322082089,44.89671257229544],[-0.5003033571456684,44.89767883165104],[-0.5022730113423112,44.897807730103516],[-0.5025393299390923,44.897585791167536],[-0.5032840969379279,44.89775592606232],[-0.5038061174513147,44.89831816460935],[-0.5073121041860077,44.8988031715817],[-0.507490563665841,44.89904259636866],[-0.5082044260769458,44.8991417702444]]]}},{"type":"Feature","properties":{"zone_id":"182002000","commune":"HAILLAN (LE )","zone_status":"exterior","has_raw_hourly_series":false,"is_observed_clean":false,"is_lozo_target":false,"sensor_count":0,"n_active_temporal_sensors":0,"selected_for_modeling":false,"temporal_quality":null,"map_status":"excluded_exterior","label_lat":44.8628544239986,"label_lon":-0.6907856745826726},"geometry":{"type":"Polygon","coordinates":[[[-0.7193180080656459,44.84707637879992],[-0.7179906764642219,44.85337706585254],[-0.7116934036172102,44.8548390259344],[-0.7107683235832718,44.85527917340372],[-0.7070905521035655,44.86024136791534],[-0.6967199202146589,44.865755596579206],[-0.6942988553441014,44.866866479296085],[-0.6940652771136143,44.86743935007481],[-0.6942532839129301,44.86879409549484],[-0.6931262632057521,44.868789216353406],[-0.6919622462443746,44.87018897976211],[-0.691468555868859,44.871372593815835],[-0.691552251000375,44.87173941418293],[-0.6912931151770687,44.872001317558926],[-0.6917715886347104,44.872646948662286],[-0.6906842120458888,44.87395934880748],[-0.690369022584043,44.87467917236005],[-0.6892320954146772,44.87566425756343],[-0.6887100069591214,44.877478026250415],[-0.6832535155455443,44.87698863414876],[-0.6831605822522515,44.8764608547249],[-0.6842831894450212,44.87543035361278],[-0.6855971724692926,44.87327937365237],[-0.686024238745813,44.87297051886312],[-0.6858797417694776,44.87266070620467],[-0.6863299562271217,44.8725294709414],[-0.6874966134667214,44.870725019524066],[-0.6845752732319588,44.869589104769744],[-0.6837643320521456,44.86959435345551],[-0.6846441252933932,44.86853494356245],[-0.6835967218887704,44.86814074532285],[-0.681930999513551,44.86898647593651],[-0.6820432311927054,44.86959651100552],[-0.6817541916136045,44.8695953173202],[-0.6809191028716529,44.870988466256335],[-0.6807491726506425,44.87249388595261],[-0.6766891950368785,44.87148835009769],[-0.6753975257383166,44.870732613334944],[-0.6743958467007786,44.86604194380033],[-0.6780204358683015,44.86642750114102],[-0.677725981416845,44.86535751695362],[-0.67933743681389,44.865655616018394],[-0.6777240226381497,44.86016414326245],[-0.6775228361335628,44.85808074484703],[-0.6790830051147604,44.85767836949372],[-0.679883379396875,44.8577482615051],[-0.6963658298584929,44.853145236604576],[-0.7034327539306808,44.85142144213428],[-0.703739057448172,44.85122373445329],[-0.7193180080656459,44.84707637879992]]]}},{"type":"Feature","properties":{"zone_id":"182004000","commune":"HAILLAN (LE )","zone_status":"exterior","has_raw_hourly_series":false,"is_observed_clean":false,"is_lozo_target":false,"sensor_count":2,"n_active_temporal_sensors":0,"selected_for_modeling":false,"temporal_quality":null,"map_status":"excluded_exterior","label_lat":44.88585664292329,"label_lon":-0.6769099874538815},"geometry":{"type":"Polygon","coordinates":[[[-0.6871131950141175,44.887496117628785],[-0.6868603549867799,44.88797049614326],[-0.6859914902627914,44.88829229670631],[-0.6855358254850119,44.88936554876311],[-0.6856132432814082,44.88973347616595],[-0.6851068168730985,44.8904397376139],[-0.6852078863555751,44.891129586860416],[-0.6850430239441477,44.89135941394593],[-0.6838012542502058,44.891798028450324],[-0.6837206308460945,44.89335010756661],[-0.6820383155001304,44.89339512969637],[-0.6808298752018758,44.894940502459896],[-0.6784191898362724,44.89344935597328],[-0.6774986288592073,44.89331314179129],[-0.6766865145625495,44.893479799838445],[-0.6753793492634356,44.893423880385164],[-0.6741034947416058,44.89372934837088],[-0.6715067174117983,44.894429075116854],[-0.6701917863816185,44.89495115022822],[-0.6696478681001831,44.895399008431724],[-0.6692698182349118,44.89543496853429],[-0.6691509492988786,44.894160854234],[-0.6684974117649066,44.8923878641318],[-0.668522573359653,44.89050599275309],[-0.6679375069273327,44.888577560893694],[-0.6680449704307672,44.887971072391075],[-0.6694619890236356,44.88536719863242],[-0.6691175324793983,44.884151879426646],[-0.6691467424029817,44.883512776671694],[-0.6692758513114019,44.88261803732035],[-0.6698782668998107,44.8815750815744],[-0.6698357488209722,44.87869589286905],[-0.6689106663581594,44.8779657424986],[-0.6720555511224883,44.87780771679197],[-0.6732580148218053,44.87733436621054],[-0.6746073410560143,44.87745911430708],[-0.6766571797024304,44.87792481720479],[-0.6767303129166508,44.8781117254944],[-0.6763602015288049,44.87824835232974],[-0.6761503039437469,44.87864195466689],[-0.6752220687855811,44.88136672612476],[-0.6748802087152304,44.88348259950207],[-0.6749418320484372,44.88484882563573],[-0.6768090866863629,44.88378104700189],[-0.6801136551870618,44.880738610293115],[-0.6805510772493867,44.88064393815533],[-0.6808727843465052,44.8807350672835],[-0.680808249082061,44.881394327296476],[-0.6794505228502652,44.8832491888318],[-0.6831567330795933,44.88426104912766],[-0.6856185703073961,44.88630374032549],[-0.6863646400985999,44.88721901018263],[-0.6871131950141175,44.887496117628785]]]}},{"type":"Feature","properties":{"zone_id":"174004000","commune":"CARBON-BLANC","zone_status":"exterior","has_raw_hourly_series":false,"is_observed_clean":false,"is_lozo_target":false,"sensor_count":2,"n_active_temporal_sensors":0,"selected_for_modeling":false,"temporal_quality":null,"map_status":"excluded_exterior","label_lat":44.893453540835104,"label_lon":-0.5038838763697184},"geometry":{"type":"Polygon","coordinates":[[[-0.5140327790959188,44.896479085038585],[-0.5131252418948614,44.89680883282794],[-0.511029800734444,44.89716077629779],[-0.5100972515201793,44.89727409442837],[-0.5092336149688483,44.89716382591757],[-0.5086344188033339,44.89798047287109],[-0.5082044260769458,44.8991417702444],[-0.507490563665841,44.89904259636866],[-0.5073121041860077,44.8988031715817],[-0.5038061174513147,44.89831816460935],[-0.5032840969379279,44.89775592606232],[-0.5025393299390923,44.897585791167536],[-0.5022730113423112,44.897807730103516],[-0.5003033571456684,44.89767883165104],[-0.4979633322082089,44.89671257229544],[-0.4969576412702229,44.897359748502915],[-0.4954833571973771,44.89802637008857],[-0.49715419169926445,44.89550958274715],[-0.5015019286935006,44.89159101793792],[-0.5020598545012095,44.890900810152544],[-0.5017045838099153,44.89063378392119],[-0.5037379882579037,44.88778939500185],[-0.5051438191506648,44.888517381442306],[-0.5040177830666351,44.889771394434774],[-0.5028698783705089,44.89161012411325],[-0.5066168937475973,44.89307974444665],[-0.5084599216475866,44.892969221744195],[-0.5087097909150026,44.89441149403376],[-0.509137607266505,44.89458180337392],[-0.5091683731129532,44.89493053429146],[-0.5086938725289596,44.895087921358005],[-0.5087031745617834,44.8955003671828],[-0.5125139233993935,44.89551147638054],[-0.5135379823096806,44.8957268890552],[-0.5138649625411709,44.89592650366848],[-0.5140327790959188,44.896479085038585]]]}},{"type":"Feature","properties":{"zone_id":"184001000","commune":"AMBARES-ET-LAGRAVE","zone_status":"exterior","has_raw_hourly_series":false,"is_observed_clean":false,"is_lozo_target":false,"sensor_count":3,"n_active_temporal_sensors":0,"selected_for_modeling":false,"temporal_quality":null,"map_status":"excluded_exterior","label_lat":44.959167717293234,"label_lon":-0.5030240251599523},"geometry":{"type":"Polygon","coordinates":[[[-0.5294475024326711,44.941958527315826],[-0.5277707259506307,44.944089131966884],[-0.5261567480428037,44.95165598421895],[-0.5238248027420372,44.95142802236826],[-0.5235240916905846,44.9517332167984],[-0.5237394980022922,44.952230180438214],[-0.5225617455451645,44.95374724918331],[-0.5207815605138448,44.95409938657774],[-0.5207584064214837,44.95439663379612],[-0.5189056379434385,44.95436338227524],[-0.5180692921392245,44.95586076620668],[-0.5182779371204803,44.95920409434925],[-0.5194785019562336,44.95936170766285],[-0.5206840080880489,44.96311149916439],[-0.5185039012450531,44.96385200406375],[-0.5181070158936977,44.96477032489551],[-0.5185630163487163,44.973930713928404],[-0.5179468416000175,44.975521907423534],[-0.5184941330715064,44.97703857713491],[-0.5190980274576641,44.985618442885546],[-0.5160135808015127,44.98507705317351],[-0.5172672791266091,44.98827565561631],[-0.5083592786502188,44.98766840741056],[-0.5082307524326402,44.98715784741391],[-0.5079768185172948,44.98713791113148],[-0.507416040516683,44.985343190212696],[-0.5019467657507143,44.98478192982899],[-0.49706236846554475,44.96761450764799],[-0.49520875235172984,44.96625065356408],[-0.4872408173259407,44.95914585729081],[-0.4847953813436402,44.957155996738514],[-0.48501994574943985,44.95656400818928],[-0.4802302565545514,44.955634328612234],[-0.47988710675179463,44.95507471714595],[-0.4789371680650905,44.954596128754865],[-0.47872639904209635,44.953980772947446],[-0.478340248472046,44.953567579373704],[-0.47537058151792955,44.95175169144213],[-0.47519555887688053,44.950280884003604],[-0.47532940606288787,44.94967474666181],[-0.47701035257667473,44.94757908044407],[-0.477713727488104,44.94641791540876],[-0.4777417748177607,44.945499558915664],[-0.4773821957345112,44.94522688027179],[-0.4780520203545613,44.94536543254844],[-0.4780937025624811,44.94620140578693],[-0.4783772978380069,44.94629345855556],[-0.47880438984837576,44.94620170387973],[-0.4787044639906193,44.94444919517213],[-0.4830044669144648,44.94102676386181],[-0.4849655021379124,44.94199450706072],[-0.48556047535082547,44.94219574298766],[-0.485936486803726,44.94214074121246],[-0.48695136274642226,44.94364458948452],[-0.48825954713514663,44.944682325487555],[-0.48982167505132523,44.94527225800288],[-0.49595574620683186,44.93128952854188],[-0.4964020286402159,44.92959646748578],[-0.5002882821143256,44.93153066299874],[-0.5060053187168486,44.93327549046799],[-0.5065309218505418,44.934092529925394],[-0.5073851541871747,44.934928912111545],[-0.5092277020260899,44.93610634567049],[-0.5115376712140708,44.9372320637133],[-0.5121168007079535,44.936348499102415],[-0.5124788657675772,44.934998717140274],[-0.5149106467692447,44.93571842234461],[-0.517531486100284,44.93789229846683],[-0.5243658392587912,44.940496677278226],[-0.5294475024326711,44.941958527315826]]]}},{"type":"Feature","properties":{"zone_id":"184006000","commune":"AMBARES-ET-LAGRAVE","zone_status":"exterior","has_raw_hourly_series":false,"is_observed_clean":false,"is_lozo_target":false,"sensor_count":1,"n_active_temporal_sensors":0,"selected_for_modeling":false,"temporal_quality":null,"map_status":"excluded_exterior","label_lat":44.93100147406534,"label_lon":-0.4722363113597495},"geometry":{"type":"Polygon","coordinates":[[[-0.5036731840389639,44.91861810435305],[-0.502190357522687,44.920852352898244],[-0.5018530492820367,44.92241761277991],[-0.5004772798359423,44.923767689137996],[-0.49790928628075515,44.92683083379166],[-0.4973969083880177,44.928257415155],[-0.4967958506734239,44.928486362490645],[-0.4969261859058767,44.92866341670435],[-0.49526137208895876,44.92910693717991],[-0.4902122337551318,44.92699093032872],[-0.4888905037701281,44.926116856558366],[-0.488174261616571,44.926512320352096],[-0.4867599109951145,44.92657577017988],[-0.4851614277468739,44.92706575449748],[-0.4836461734838032,44.92715918278125],[-0.4823265891128244,44.92685091285891],[-0.4812532307471583,44.92641864117636],[-0.47890271235852505,44.927567341441474],[-0.4786848505058389,44.92802400512778],[-0.4784035741388282,44.9281931924063],[-0.4779905126853563,44.92813941101581],[-0.4770648975779521,44.93011137589956],[-0.4768602243656392,44.93118941984994],[-0.4770094962439152,44.93598738810806],[-0.4773229973370285,44.9391381912949],[-0.47909216512245945,44.93908376793015],[-0.4802409420575878,44.94000845515788],[-0.4821047385118117,44.94100542514885],[-0.48281609666848185,44.941059720822814],[-0.4825458299103926,44.941489077022425],[-0.4787044639906193,44.94444919517213],[-0.47880438984837576,44.94620170387973],[-0.4783772978380069,44.94629345855556],[-0.4780937025624811,44.94620140578693],[-0.4779625419363474,44.945314117018064],[-0.47531410683638925,44.944598609374985],[-0.4729752695384367,44.94345143325624],[-0.47345926507282443,44.94276491404657],[-0.470895411798004,44.941649053378384],[-0.47211203379400307,44.93965712307694],[-0.4721716232565349,44.93906234761002],[-0.46550158557421517,44.93671104967333],[-0.4634400975746477,44.93628603300627],[-0.4645853832993253,44.933835893301186],[-0.4648905955783264,44.93362088761386],[-0.46540103299374413,44.93368878127332],[-0.4666003640651046,44.93258790890035],[-0.4680341757137925,44.93162481894271],[-0.46722086043228145,44.93082555805929],[-0.4657095638870046,44.92999950493954],[-0.46485186988882005,44.928807772864516],[-0.46389045124082007,44.92809333840366],[-0.4647425219931728,44.92716282599013],[-0.4642000174812934,44.92517813266776],[-0.46420821302647997,44.92459203990219],[-0.46527925823729693,44.922936522116295],[-0.4642295259047903,44.922720457091934],[-0.4663198289102935,44.91894133205155],[-0.4666975682180625,44.91889624507939],[-0.46649538614425545,44.91964785172407],[-0.46751089925699846,44.91994690351388],[-0.4672082035905298,44.92046737555863],[-0.4682352853328572,44.92052268787068],[-0.4680198664930997,44.92126479205185],[-0.46889936605513854,44.921620394418014],[-0.46984971040861245,44.922362145502284],[-0.4726614682334727,44.921615453061634],[-0.4727592593938344,44.92202780847911],[-0.47354598675143367,44.92258274613599],[-0.4736746155935518,44.92285895881888],[-0.47320363380756136,44.92359021716829],[-0.47593988208500965,44.92332251218709],[-0.4761197170140309,44.92061865175871],[-0.4772522334443908,44.91844734474264],[-0.47788870745283246,44.917972234014584],[-0.4797250062401632,44.91725052678837],[-0.48194280571579257,44.91676907405136],[-0.4827415784666087,44.91549955503184],[-0.48376787062252036,44.91503204164851],[-0.484116947621382,44.91515900536559],[-0.48422866808908194,44.91587556283233],[-0.4850220594281855,44.91600839544256],[-0.48510409154756384,44.916410415880584],[-0.48580112579752316,44.91664545314078],[-0.4863644876789,44.91726028061099],[-0.48704359543931447,44.91767619036752],[-0.4918958679036763,44.91668739645558],[-0.49436600007054277,44.916452881378284],[-0.4969191199849265,44.9173233407909],[-0.49811368075552787,44.91788775882096],[-0.5017398682349195,44.91818984953772],[-0.5036731840389639,44.91861810435305]]]}},{"type":"Feature","properties":{"zone_id":"174007000","commune":"BASSENS","zone_status":"exterior","has_raw_hourly_series":false,"is_observed_clean":false,"is_lozo_target":false,"sensor_count":0,"n_active_temporal_sensors":0,"selected_for_modeling":false,"temporal_quality":null,"map_status":"excluded_exterior","label_lat":44.90575259456791,"label_lon":-0.5316930305103466},"geometry":{"type":"Polygon","coordinates":[[[-0.536947615496624,44.89441031904368],[-0.5390811675369948,44.90093499847175],[-0.5441568558597442,44.9099378400704],[-0.5466984967278176,44.915271577255254],[-0.5487133509497638,44.92069229342292],[-0.5493376351404724,44.92342123875588],[-0.5445871735552918,44.92394875243305],[-0.5435231236169241,44.92419361193791],[-0.542079020398383,44.92418652383942],[-0.5398876529149714,44.92444196525985],[-0.5391718949369959,44.92431610426667],[-0.5385522461673131,44.92386450584011],[-0.5368279450051422,44.9238202905902],[-0.5363439461142753,44.92574000420448],[-0.5322621434746526,44.925449060611456],[-0.5324208475755634,44.92436429152094],[-0.5289124704062007,44.923646687070864],[-0.5231486214525719,44.92218397000924],[-0.522769882146235,44.92269704649042],[-0.5208402719434945,44.922613897884005],[-0.5195993101393103,44.92236587056503],[-0.5195187284069457,44.922538784693536],[-0.519062587018245,44.9225062992913],[-0.5168271046806623,44.92167317814053],[-0.5165953874596564,44.921111852327094],[-0.5156298139945439,44.92076565950952],[-0.5157333329340824,44.9205758269806],[-0.514522588427611,44.91995794958417],[-0.5139829776761927,44.920557385179535],[-0.5133818292151737,44.92066004977018],[-0.5162539862045723,44.91841980738074],[-0.5166191347882471,44.91835593596287],[-0.5178472993044874,44.918603667191036],[-0.5181993480930622,44.9182716753773],[-0.5193060193799953,44.91866375182022],[-0.5197652159751055,44.917693942913665],[-0.520466582746701,44.91468405917584],[-0.5225524398652003,44.900863974708656],[-0.5265511051647703,44.88836926497019],[-0.5286117867521793,44.88865981496711],[-0.5290365906415205,44.88880131863144],[-0.5293585699282184,44.889144358427416],[-0.5356126848394898,44.88914362733992],[-0.536947615496624,44.89441031904368]]]}},{"type":"Feature","properties":{"zone_id":"184002000","commune":"AMBARES-ET-LAGRAVE","zone_status":"exterior","has_raw_hourly_series":false,"is_observed_clean":false,"is_lozo_target":false,"sensor_count":0,"n_active_temporal_sensors":0,"selected_for_modeling":false,"temporal_quality":null,"map_status":"excluded_exterior","label_lat":44.92813295062168,"label_lon":-0.5162282668976922},"geometry":{"type":"Polygon","coordinates":[[[-0.5363439461142753,44.92574000420448],[-0.5358440377960775,44.92758913634895],[-0.533947104780422,44.930121586053076],[-0.5335875703852968,44.930535829124736],[-0.5323678935676778,44.93045031463357],[-0.5315494044406157,44.93229956439987],[-0.5328507151839441,44.93247272653732],[-0.5310373803872606,44.9371627628699],[-0.5278093446015883,44.9364380403398],[-0.5277157996411823,44.93708804998111],[-0.5279320969426657,44.93711810831295],[-0.5277364480767341,44.93922971784894],[-0.5258324704731892,44.9384340539231],[-0.5237488903306456,44.93708237077084],[-0.5232344774169506,44.93745659580258],[-0.523188295024851,44.93803388538112],[-0.5221678259154144,44.93962545926744],[-0.517531486100284,44.93789229846683],[-0.5149106467692447,44.93571842234461],[-0.5124788657675772,44.934998717140274],[-0.5121168007079535,44.936348499102415],[-0.5115376712140708,44.9372320637133],[-0.5092277020260899,44.93610634567049],[-0.5073851541871747,44.934928912111545],[-0.5065309218505418,44.934092529925394],[-0.5060053187168486,44.93327549046799],[-0.5002882821143256,44.93153066299874],[-0.49526137208895876,44.92910693717991],[-0.4969261859058767,44.92866341670435],[-0.4967958506734239,44.928486362490645],[-0.4973969083880177,44.928257415155],[-0.49790928628075515,44.92683083379166],[-0.5004772798359423,44.923767689137996],[-0.5018530492820367,44.92241761277991],[-0.502190357522687,44.920852352898244],[-0.5025381917162411,44.9201870799303],[-0.5041590425266936,44.91794858196586],[-0.5054997334478302,44.91691488974063],[-0.5094960621658828,44.9195213074554],[-0.5134838395100386,44.92066960593816],[-0.5141795423481911,44.920435756012154],[-0.514522588427611,44.91995794958417],[-0.5157333329340824,44.9205758269806],[-0.5156298139945439,44.92076565950952],[-0.5165953874596564,44.921111852327094],[-0.5168271046806623,44.92167317814053],[-0.519062587018245,44.9225062992913],[-0.5195187284069457,44.922538784693536],[-0.5195993101393103,44.92236587056503],[-0.5208402719434945,44.922613897884005],[-0.522769882146235,44.92269704649042],[-0.5231486214525719,44.92218397000924],[-0.5289124704062007,44.923646687070864],[-0.5324208475755634,44.92436429152094],[-0.5322621434746526,44.925449060611456],[-0.5363439461142753,44.92574000420448]]]}},{"type":"Feature","properties":{"zone_id":"184007000","commune":"AMBARES-ET-LAGRAVE","zone_status":"exterior","has_raw_hourly_series":false,"is_observed_clean":false,"is_lozo_target":false,"sensor_count":2,"n_active_temporal_sensors":0,"selected_for_modeling":false,"temporal_quality":null,"map_status":"excluded_exterior","label_lat":44.93730801621809,"label_lon":-0.48529711503383893},"geometry":{"type":"Polygon","coordinates":[[[-0.4964020286402159,44.92959646748578],[-0.49595574620683186,44.93128952854188],[-0.48982167505132523,44.94527225800288],[-0.48825954713514663,44.944682325487555],[-0.48695136274642226,44.94364458948452],[-0.485936486803726,44.94214074121246],[-0.48556047535082547,44.94219574298766],[-0.4849655021379124,44.94199450706072],[-0.4830044669144648,44.94102676386181],[-0.4821047385118117,44.94100542514885],[-0.4802409420575878,44.94000845515788],[-0.47909216512245945,44.93908376793015],[-0.4773229973370285,44.9391381912949],[-0.4770094962439152,44.93598738810806],[-0.47688365229561774,44.93091199524605],[-0.4770648975779521,44.93011137589956],[-0.4779905126853563,44.92813941101581],[-0.47831656132587813,44.928222059402636],[-0.47853969985602574,44.92811679827775],[-0.47890271235852505,44.927567341441474],[-0.4812532307471583,44.92641864117636],[-0.4823265891128244,44.92685091285891],[-0.4836461734838032,44.92715918278125],[-0.4851614277468739,44.92706575449748],[-0.4867599109951145,44.92657577017988],[-0.488174261616571,44.926512320352096],[-0.4888905037701281,44.926116856558366],[-0.4902122337551318,44.92699093032872],[-0.4964020286402159,44.92959646748578]]]}},{"type":"Feature","properties":{"zone_id":"184004000","commune":"AMB?S","zone_status":"exterior","has_raw_hourly_series":false,"is_observed_clean":false,"is_lozo_target":false,"sensor_count":4,"n_active_temporal_sensors":0,"selected_for_modeling":false,"temporal_quality":null,"map_status":"excluded_exterior","label_lat":45.00844543992027,"label_lon":-0.5395771219762637},"geometry":{"type":"Polygon","coordinates":[[[-0.5968163757179751,45.039853162059195],[-0.5884287934638616,45.03738454269194],[-0.575354903733363,45.03312448398706],[-0.5735774335432302,45.03650298840491],[-0.55576138778765,45.03375226069607],[-0.5457676677325282,45.029099984342665],[-0.5360942363981989,45.02533357532978],[-0.5260083272905637,45.01904505201726],[-0.5202306980084691,45.01369773896907],[-0.4960071540425313,45.005184974017126],[-0.49643372114631834,45.00202793942137],[-0.4997378426929989,44.996174756282734],[-0.5041486934002416,44.99659111879588],[-0.5083053423173725,44.98745649657163],[-0.5083592786502188,44.98766840741056],[-0.5172672791266091,44.98827565561631],[-0.5172067179900849,44.98811988936575],[-0.5217314692407035,44.98962953556178],[-0.5441884254017494,44.983699399431806],[-0.5464839473484485,44.98675916326835],[-0.5570977769979858,44.99441855509747],[-0.5555239645641035,44.99489839287792],[-0.5579599694717066,45.000150331746696],[-0.5893099150135622,45.017622803750335],[-0.5925327336617423,45.02126422658305],[-0.6010696443364693,45.034698090894096],[-0.5968163757179751,45.039853162059195]]]}},{"type":"Feature","properties":{"zone_id":"174006000","commune":"BASSENS","zone_status":"exterior","has_raw_hourly_series":false,"is_observed_clean":false,"is_lozo_target":false,"sensor_count":0,"n_active_temporal_sensors":0,"selected_for_modeling":false,"temporal_quality":null,"map_status":"excluded_exterior","label_lat":44.89551012046357,"label_lon":-0.5204503504345735},"geometry":{"type":"Polygon","coordinates":[[[-0.5265511051647703,44.88836926497019],[-0.5225524398652003,44.900863974708656],[-0.5219360905851047,44.904457031509864],[-0.5216615052867732,44.904445881832736],[-0.5217253166024673,44.90362456545074],[-0.5213243735911384,44.90382476882959],[-0.5201269630367443,44.90373926369735],[-0.5199355475955084,44.90319381396556],[-0.5183025880580552,44.9032004724405],[-0.5183803360776018,44.90274110969201],[-0.517980521625465,44.90138202912168],[-0.5172584581371636,44.901373425674365],[-0.5168897113248649,44.901598561835755],[-0.5162320635105989,44.90136439189032],[-0.5143514854536524,44.90172768575784],[-0.5103223492629091,44.90095022402178],[-0.5104456281541072,44.900388579430654],[-0.510304078086484,44.89997120065089],[-0.5096393376400397,44.899559671015325],[-0.5082044260769458,44.8991417702444],[-0.5086597491159731,44.89796324894001],[-0.5092481111847075,44.89718448353425],[-0.5100972515201793,44.89727409442837],[-0.511029800734444,44.89716077629779],[-0.5131252418948614,44.89680883282794],[-0.5140327790959188,44.896479085038585],[-0.51467117796018,44.896832851613425],[-0.5161151823887518,44.8970926649452],[-0.5168499511006059,44.89485858814235],[-0.5161333784253586,44.892914068428055],[-0.5163917247665586,44.88985353440983],[-0.5171420442603643,44.887929648488374],[-0.519014849468316,44.888421008551205],[-0.5227495968171307,44.88805470198569],[-0.5252425573638011,44.888144040123734],[-0.5265511051647703,44.88836926497019]]]}},{"type":"Feature","properties":{"zone_id":"179007000","commune":"MARTIGNAS-SUR-JALLE","zone_status":"exterior","has_raw_hourly_series":false,"is_observed_clean":false,"is_lozo_target":false,"sensor_count":0,"n_active_temporal_sensors":0,"selected_for_modeling":false,"temporal_quality":null,"map_status":"excluded_exterior","label_lat":44.850570180557874,"label_lon":-0.8127970116539724},"geometry":{"type":"Polygon","coordinates":[[[-0.8549289386205983,44.848000155817736],[-0.8370324708723289,44.855529079439194],[-0.826181582420462,44.85790142851134],[-0.8205756562137786,44.859493544696456],[-0.816626908942471,44.860821083019225],[-0.7727501660155223,44.86439415722162],[-0.7737146652143987,44.86190605313488],[-0.7742944050125946,44.85959592060254],[-0.7744810398703652,44.85758494574524],[-0.7738771857360516,44.8530148478188],[-0.7722926002788909,44.84770833219717],[-0.7740311311014795,44.84382922767093],[-0.7781514128390418,44.84475253034001],[-0.779825061279665,44.842701710800156],[-0.7805795139772383,44.84124285020998],[-0.78499495769196,44.84263718527299],[-0.7877344791150273,44.83997744083321],[-0.8054824268190621,44.83878035920669],[-0.8213107605081367,44.83725350967276],[-0.8356236463535068,44.836380776382676],[-0.8377577052900731,44.84068956187466],[-0.8549289386205983,44.848000155817736]]]}},{"type":"Feature","properties":{"zone_id":"254004000","commune":"CANEJAN","zone_status":"exterior","has_raw_hourly_series":false,"is_observed_clean":false,"is_lozo_target":false,"sensor_count":0,"n_active_temporal_sensors":0,"selected_for_modeling":false,"temporal_quality":null,"map_status":"excluded_exterior","label_lat":44.762310712855964,"label_lon":-0.6646205237035703},"geometry":{"type":"Polygon","coordinates":[[[-0.6420545519012482,44.764356995937575],[-0.645650720960085,44.76317269836281],[-0.6467456107359303,44.76263107832544],[-0.6515830419732983,44.762416170583876],[-0.6520289427037281,44.762193286087374],[-0.6526119702163397,44.76083382502688],[-0.6519245079753229,44.75856178865662],[-0.6514671080548083,44.75529915905656],[-0.6519613004989897,44.753197705568795],[-0.6519321608354536,44.75075554188805],[-0.653977928342936,44.74806790734776],[-0.6549149764573657,44.74768024183676],[-0.6561841897271639,44.74659661837248],[-0.6564297136750691,44.746556955742],[-0.6570090095829341,44.746995734814355],[-0.6714350180434699,44.75332297220264],[-0.6716795071532069,44.752999418389734],[-0.6756942587515979,44.753659353861714],[-0.675915053864598,44.75432798557011],[-0.6767733987157103,44.75507459191269],[-0.6779459738436032,44.75675710374342],[-0.6791565600570523,44.7570864176301],[-0.6794771443044137,44.757346151729394],[-0.6799199678283109,44.75831383794108],[-0.6807690057043835,44.75891652177514],[-0.6829600240299788,44.76146642370087],[-0.6833371268014117,44.76220195137303],[-0.6831629416799686,44.76301890312857],[-0.6844425055697199,44.76266089233028],[-0.6854257549926944,44.768396432900104],[-0.6873424407719915,44.77254167832178],[-0.6789184255907259,44.77703079379699],[-0.6774289919293209,44.77631415052327],[-0.6698546535018655,44.77794429377473],[-0.6690982316574505,44.77759982191697],[-0.6678426107984891,44.77774955482179],[-0.6661944608224823,44.7767315829952],[-0.6628209645558051,44.778168058056885],[-0.6544314737175077,44.77686193615701],[-0.6458122791798905,44.77853082154276],[-0.6449604034852596,44.77788289819441],[-0.6471592743295551,44.77627836590603],[-0.6456628794392384,44.77269845137476],[-0.6450539590445612,44.77212751576222],[-0.6432830584204875,44.76625761918254],[-0.6420545519012482,44.764356995937575]]]}},{"type":"Feature","properties":{"zone_id":"259025000","commune":"PRIGNAC-ET-MARCAMPS","zone_status":"exterior","has_raw_hourly_series":false,"is_observed_clean":false,"is_lozo_target":false,"sensor_count":0,"n_active_temporal_sensors":0,"selected_for_modeling":false,"temporal_quality":null,"map_status":"excluded_exterior","label_lat":45.02753279701851,"label_lon":-0.49103537197650016},"geometry":{"type":"Polygon","coordinates":[[[-0.4947423183628937,45.002974241618375],[-0.4997854980680327,45.00581687032215],[-0.5042065611722599,45.00683129739994],[-0.509878038252778,45.00853613280412],[-0.5147157909696979,45.01031209943055],[-0.5175167202819222,45.01181881805784],[-0.519823246500399,45.013341115459006],[-0.5247562342199787,45.01722264482889],[-0.5188231364219691,45.02006921642025],[-0.5182046059673989,45.02053941396975],[-0.516129257725839,45.02108269414898],[-0.5118080195607558,45.0233011070574],[-0.5066859570724817,45.025319266020105],[-0.5063223543547498,45.02560110508849],[-0.5062315858189834,45.026180777699665],[-0.5067149562160901,45.02963543550626],[-0.5064442735163512,45.03586273616486],[-0.5057642583850437,45.03758756284709],[-0.5052891568413068,45.03954026216909],[-0.5054131705662587,45.04070801052494],[-0.5047472043931114,45.04144098814334],[-0.5043989720134111,45.04217297074081],[-0.5041564899550383,45.042360859456195],[-0.49822987890558007,45.04313311139339],[-0.4967433275297905,45.043756634096475],[-0.49541414310833987,45.044050737759726],[-0.4930611673583778,45.04545847894264],[-0.49135048582059887,45.04554819943657],[-0.49085137050501176,45.04569904333892],[-0.49038817150933717,45.04642556912448],[-0.48823855299583235,45.04783583828938],[-0.4878204502240414,45.04847081249441],[-0.4867777633397829,45.04908028699183],[-0.48359846680325974,45.05172138925489],[-0.48149792765173827,45.05290466694718],[-0.48125046982347036,45.05321883493613],[-0.47987902407357524,45.05222526040029],[-0.47897338275020773,45.05197417473333],[-0.47818066488573024,45.05149423852102],[-0.47798063563352633,45.05113998353117],[-0.4787454334098233,45.049944446974465],[-0.47883596571128456,45.04935579798188],[-0.478497860415465,45.04882560699178],[-0.47854732239080916,45.04859874615267],[-0.4797470148928967,45.04826383445662],[-0.48047683404968883,45.04752902134827],[-0.48031916525296436,45.04703825721519],[-0.47876953975588354,45.04522108726687],[-0.47887684534321007,45.044902292558106],[-0.4801636088271618,45.043924757745565],[-0.4812223180447931,45.04336891979597],[-0.4813115078477938,45.042554995444895],[-0.48176452805309405,45.04145931230266],[-0.4844537496137357,45.04197900209554],[-0.48635184403114307,45.04183845126391],[-0.4869546187978936,45.04110757098714],[-0.4874537036772684,45.04095674473106],[-0.48878980157309565,45.04097796107878],[-0.48918897933338484,45.040244436616746],[-0.488800857726469,45.03993214815963],[-0.486670483223888,45.039404072506116],[-0.48592419114389773,45.03946349952458],[-0.48445061602720296,45.03927531433556],[-0.4835080052348016,45.03822330743142],[-0.4824715971915645,45.03770597245533],[-0.4835553205176158,45.03632917903954],[-0.4840740548764674,45.03424905465654],[-0.4840335314907076,45.03339412619792],[-0.4834598763232069,45.03336702086866],[-0.4814598287599085,45.03268156239713],[-0.4797342349881448,45.032320953501944],[-0.47811241878116917,45.031380270959964],[-0.4797166061487835,45.029176117181635],[-0.4768195002980734,45.028572705246226],[-0.4746147549594569,45.02745191373155],[-0.4733840546892079,45.02707575910474],[-0.4740446763588695,45.026253020929154],[-0.4759046639988585,45.025302693991094],[-0.4761449940719431,45.02242018705717],[-0.47453891382375585,45.02070389731365],[-0.4745404279412596,45.02052359961244],[-0.47648726524566565,45.020156360356935],[-0.4776348576721873,45.02021963476936],[-0.47801660466444673,45.01777431787489],[-0.4798627880275359,45.01783375208008],[-0.4804890848119198,45.016462279950495],[-0.481591288917121,45.017022621285875],[-0.4855412633620816,45.0133209548641],[-0.48579208466719015,45.013268033268346],[-0.4863217385523872,45.01361193863667],[-0.4866393280553848,45.01361099812849],[-0.4877176484521484,45.012360500675754],[-0.48882360584836665,45.011758030003115],[-0.4891244945088535,45.01108166296643],[-0.4893491189993509,45.00918197787644],[-0.48964088896650126,45.00876725977893],[-0.49089716700129377,45.004464897625816],[-0.49224170819405955,45.00443170466586],[-0.4938819462461878,45.002622742763755],[-0.4947423183628937,45.002974241618375]]]}},{"type":"Feature","properties":{"zone_id":"260001000","commune":"CUBZAC-LES-PONTS","zone_status":"exterior","has_raw_hourly_series":false,"is_observed_clean":false,"is_lozo_target":false,"sensor_count":0,"n_active_temporal_sensors":0,"selected_for_modeling":false,"temporal_quality":null,"map_status":"excluded_exterior","label_lat":44.96795501712744,"label_lon":-0.4410426401522247},"geometry":{"type":"Polygon","coordinates":[[[-0.4549460731546655,44.95342406407696],[-0.45572166632590816,44.95488697179394],[-0.45748703681001013,44.957373524619925],[-0.460236749412322,44.96058644816123],[-0.46615263936522555,44.96634124335239],[-0.4683756904274664,44.96902968199534],[-0.47035164869161566,44.97182493491377],[-0.47216225156053915,44.97502187093606],[-0.47252621552595514,44.97618211476267],[-0.47272593265923163,44.98022244637935],[-0.46949301609751165,44.980305351167644],[-0.4682390085153688,44.980560772424674],[-0.4668971203060225,44.980422374655156],[-0.46601496406538745,44.98053098935318],[-0.46487722658222924,44.9808187970033],[-0.46191442326351084,44.9811634330697],[-0.4616253717195453,44.981623050496495],[-0.4553361429890128,44.9803316422673],[-0.4533794577785788,44.98051860583839],[-0.4531537096627441,44.980976232919744],[-0.4525828240978222,44.98098494928638],[-0.45241212083633914,44.98130568073295],[-0.44871994202966875,44.980942611415244],[-0.4478817310535334,44.98073428786562],[-0.4474547516363878,44.98101789620613],[-0.4470083910095938,44.980986673715314],[-0.44129818262811704,44.97981171602176],[-0.4408794663708886,44.98023022624765],[-0.4363872428034328,44.979035347065945],[-0.4337543880084661,44.97854892097552],[-0.4327035553353187,44.97777027134216],[-0.4320886239064506,44.97809567039987],[-0.43176627449269495,44.97801549857815],[-0.4307237440164116,44.97737175815768],[-0.43089180442157365,44.9770060844101],[-0.4298487519432678,44.97635334078767],[-0.4292894752564151,44.9765508366851],[-0.4286641182826478,44.975668905939024],[-0.4274595676724935,44.97673343510052],[-0.42524187558661997,44.97555810185818],[-0.4250517807271961,44.97556395829918],[-0.4248781863384853,44.97583967090519],[-0.4244263800784384,44.975718405699325],[-0.4233936759166576,44.97668747364207],[-0.42160131926821204,44.97623796851144],[-0.42016003273910624,44.97550727195378],[-0.4188373666531668,44.97422317058939],[-0.4179217811510058,44.97357541373268],[-0.41724869048174545,44.97273995420685],[-0.4158514333199246,44.972728822181885],[-0.41260358918142653,44.972350926394824],[-0.41224397692216935,44.970199064112236],[-0.41374925083902386,44.969900511464665],[-0.41430303329116847,44.9696131415445],[-0.4178408125288183,44.9664222874441],[-0.43495702993446916,44.95944197306317],[-0.4393872460392879,44.95820548138215],[-0.44631596850894467,44.95570174762083],[-0.4481518342932929,44.955834059917706],[-0.44978757513094547,44.955395771540665],[-0.4516357257254158,44.954491237446106],[-0.4549460731546655,44.95342406407696]]]}},{"type":"Feature","properties":{"zone_id":"257008000","commune":"LUDON-MEDOC","zone_status":"exterior","has_raw_hourly_series":false,"is_observed_clean":false,"is_lozo_target":false,"sensor_count":0,"n_active_temporal_sensors":0,"selected_for_modeling":false,"temporal_quality":null,"map_status":"excluded_exterior","label_lat":44.98130980082687,"label_lon":-0.5884832332899846},"geometry":{"type":"Polygon","coordinates":[[[-0.6401856944435074,44.982761108709916],[-0.6396748667193402,44.982913031532334],[-0.6395217828555336,44.983684171248825],[-0.6385102568125531,44.98375333121847],[-0.638185569233702,44.98462021693512],[-0.637110072810964,44.98468244351292],[-0.6310416938258145,44.98628685060945],[-0.6310054650443967,44.98709922529794],[-0.6278491654664627,44.987391528736],[-0.6280813904740894,44.99058364850317],[-0.6244688935969449,44.99050316456622],[-0.6241119311370157,44.99087532764214],[-0.6222365275339339,44.991729595710375],[-0.6201817475624327,44.99236434029605],[-0.6104733333513293,44.99230142076087],[-0.6066747453424702,44.99248777880997],[-0.6063138297198403,44.99181448645394],[-0.6051963976353184,44.99103052603585],[-0.6048545538031663,44.99045575600892],[-0.6043214970707924,44.99006744549606],[-0.6032330668048523,44.98973318280431],[-0.6025645996534411,44.98921405584953],[-0.6015971587096679,44.9887857272754],[-0.6006349869455053,44.98863662585456],[-0.6007982218670329,44.98939745246833],[-0.6002822138856616,44.99026139093625],[-0.6001774862756296,44.99080556696734],[-0.600363855106861,44.991926169417994],[-0.5983864429828463,44.99179188630572],[-0.5979661997740312,44.99355402219449],[-0.5965281220967542,44.99390698552904],[-0.5945743242379306,44.99414140471069],[-0.5936276903875296,44.99443337798784],[-0.5936037116551829,44.9962367661452],[-0.593369255733691,44.996740060741075],[-0.5930696579979855,44.9970201327015],[-0.591393520292413,44.997822357125386],[-0.5900607914923299,44.99902807075279],[-0.5898066722859205,44.999027260380494],[-0.5836901162924257,44.99595279370455],[-0.5780561496318608,44.99505264337487],[-0.5720192308106183,44.9934080697019],[-0.5662691229480237,44.991474582667124],[-0.5642780674643316,44.991123824460914],[-0.56220715227713,44.99031593222513],[-0.5619565060024178,44.990369025630436],[-0.5617858282347364,44.990680930871456],[-0.5621535531693425,44.991669583116995],[-0.5619388602854498,44.99248762063566],[-0.559795495853063,44.99253822718693],[-0.5591656065603996,44.99281976246079],[-0.5573993895524773,44.994408465512684],[-0.5500866056657343,44.988855911136014],[-0.5469633814867155,44.98727018365519],[-0.5443326599570262,44.985236063269625],[-0.5426931715103801,44.98441407215101],[-0.543361314327851,44.982328856103734],[-0.5411768515212019,44.97670238943582],[-0.5405402372286916,44.974063906487686],[-0.5449463354528398,44.97346384217178],[-0.5469138591795688,44.973455160635034],[-0.5478400480337012,44.97424576843359],[-0.5494096845551248,44.97497076380959],[-0.5514541832624279,44.975374134650096],[-0.5529782516575055,44.97537951357835],[-0.5551102305474273,44.974959856445096],[-0.5581743799178427,44.97402363291061],[-0.5623183071890641,44.97189908159362],[-0.6027353213022908,44.96363845751443],[-0.6049790227389393,44.96398030685952],[-0.6061936549359653,44.964310439570944],[-0.6070206242775781,44.964337683752575],[-0.6082765313237276,44.96412567111926],[-0.6095700987672172,44.964498270492555],[-0.6110276319404166,44.964459940045316],[-0.6117349614252937,44.96479748097295],[-0.6128710377104263,44.96449917912833],[-0.6134464650876283,44.96475987912057],[-0.6144605809278614,44.96473591851703],[-0.6156444153254348,44.96439096924854],[-0.617551167537764,44.9644280701063],[-0.6179875045312073,44.96410742177893],[-0.6206408990196193,44.9637145718929],[-0.6213889459441518,44.96369921444488],[-0.6216057268900399,44.964106755068826],[-0.6218620142815657,44.964143469563446],[-0.6273080634347328,44.964137119037154],[-0.62871970868921,44.96437044870997],[-0.6275883656354471,44.96709330304939],[-0.6269672167896783,44.96985357749624],[-0.6262703525874512,44.96987631332085],[-0.6259845931154239,44.97056162305382],[-0.6259833480548617,44.97289607601541],[-0.6254525377961726,44.97489628809509],[-0.6258748799926189,44.975928042995804],[-0.6259000566691558,44.97651307894472],[-0.6254759981518497,44.97800507169136],[-0.6303875491266573,44.97854782324666],[-0.6332394460505838,44.97924782257108],[-0.6336913135750256,44.97955753101693],[-0.6337914414680413,44.98012209231836],[-0.6342810896460288,44.980818133318785],[-0.6373392887739423,44.980781215524836],[-0.6378216562048701,44.98038687631362],[-0.6401856944435074,44.982761108709916]]]}},{"type":"Feature","properties":{"zone_id":"251006000","commune":"YVRAC","zone_status":"exterior","has_raw_hourly_series":false,"is_observed_clean":false,"is_lozo_target":false,"sensor_count":0,"n_active_temporal_sensors":0,"selected_for_modeling":false,"temporal_quality":null,"map_status":"excluded_exterior","label_lat":44.881623444090984,"label_lon":-0.47258708329411026},"geometry":{"type":"Polygon","coordinates":[[[-0.49706489065066145,44.87685346318726],[-0.4963921961528129,44.87826254461513],[-0.4968396923544047,44.8785278260354],[-0.49558007006283006,44.87946873122245],[-0.49422970164322316,44.88241319789776],[-0.490009540140494,44.88406003013521],[-0.489753145430031,44.884014018123096],[-0.48882143252114857,44.88309702330474],[-0.489588529055401,44.88177514771761],[-0.4892604971324853,44.881596203784454],[-0.48861954081051356,44.881481168411916],[-0.48544338576194535,44.88259032134465],[-0.481636552614819,44.882322274439865],[-0.48135226450640517,44.88305216683912],[-0.4801888510931649,44.88371049205569],[-0.47860971219972076,44.88522897894218],[-0.47871888577832794,44.88617183697026],[-0.47856664375408514,44.88698770491341],[-0.4767467427030899,44.88891925535945],[-0.4757952018807691,44.88849844479117],[-0.4743039029264606,44.88939227435128],[-0.47485588129949297,44.89032127585077],[-0.47509432400118495,44.891305151745755],[-0.47100122151137347,44.891541352610865],[-0.4702857912862537,44.8912482940708],[-0.46945384670672025,44.891121091480066],[-0.46801923723496663,44.893139579233036],[-0.4664952871367843,44.89412443897719],[-0.46624900122234963,44.8944475541098],[-0.4662851319888059,44.895032215660976],[-0.4671907880796824,44.896761305535584],[-0.4672790844011769,44.897164095212524],[-0.46697938938911365,44.897443819156955],[-0.46734176523023874,44.89879333912178],[-0.4670192649521909,44.89870427654212],[-0.46551827989222627,44.898832247254894],[-0.4649260044777273,44.89848123442755],[-0.462285460775771,44.89760832345373],[-0.46157777057506366,44.89744113576421],[-0.46121199447251754,44.897677842881535],[-0.45890345217964984,44.89704684311562],[-0.45769290628485687,44.89694936920962],[-0.4555748109629137,44.89632138317973],[-0.45490643039116857,44.89535085425794],[-0.45192104249304693,44.89401981038358],[-0.4523328647230522,44.893295050632304],[-0.45004195433895683,44.89191532696577],[-0.4488930788529915,44.89158153127136],[-0.444012443732806,44.89138158394747],[-0.4443340667223642,44.89042534262137],[-0.44493852450927796,44.88973969629563],[-0.44719196034300857,44.88783128733989],[-0.4468208029256212,44.88653606838624],[-0.44737544160492215,44.885040871855765],[-0.4480369842979839,44.88425430161549],[-0.44908194042070976,44.88351889786751],[-0.4496202410546366,44.88279021902634],[-0.4507723755211785,44.88194332271893],[-0.45105760885933627,44.88122250373232],[-0.4511043010299177,44.879508765845216],[-0.4513324244031864,44.87909613096841],[-0.4511620557536928,44.87797492528533],[-0.4492495064407737,44.87779105585914],[-0.4487889717641915,44.87730970683222],[-0.44935014524455347,44.86932565644105],[-0.4492820855013836,44.86636282816584],[-0.45046209292035205,44.86597467406083],[-0.4543342679979243,44.86506114204292],[-0.4581762342055738,44.86448185762721],[-0.4594976924959705,44.864539797401925],[-0.46600478634628434,44.86546323594124],[-0.4679136356068813,44.865592847885154],[-0.47284977512519344,44.865512325854326],[-0.47283417730679284,44.86589982101741],[-0.47133627423397206,44.867044918214795],[-0.4699094343141178,44.868973072451936],[-0.47559688044619336,44.871454565069065],[-0.4767107093119153,44.8717078055886],[-0.4797963632190552,44.87198691424315],[-0.4822158693627983,44.872508161468566],[-0.485994313762875,44.87363393195773],[-0.48916063127042675,44.874263109874406],[-0.4923014055054631,44.87570729393661],[-0.4953996342415771,44.876135913826936],[-0.49706489065066145,44.87685346318726]]]}},{"type":"Feature","properties":{"zone_id":"253009000","commune":"CADAUJAC","zone_status":"exterior","has_raw_hourly_series":false,"is_observed_clean":false,"is_lozo_target":false,"sensor_count":0,"n_active_temporal_sensors":0,"selected_for_modeling":false,"temporal_quality":null,"map_status":"excluded_exterior","label_lat":44.74554748549615,"label_lon":-0.5375016926500168},"geometry":{"type":"Polygon","coordinates":[[[-0.5616048921813371,44.7402371698321],[-0.5629685190428203,44.743798167439415],[-0.5646407960103722,44.74978812314511],[-0.5661223591745789,44.75165049624226],[-0.5661833138438401,44.752562720585914],[-0.5658549354816483,44.75295531055346],[-0.5626102534789239,44.7532960180271],[-0.5609720127422743,44.75331337869501],[-0.5582999414489784,44.75428033078308],[-0.5565905998243217,44.754447857759246],[-0.5577989295306598,44.756745292800005],[-0.5542282202162808,44.75859998458011],[-0.5540392455235256,44.75840510540406],[-0.5514288865204147,44.75902984359925],[-0.5486799082921173,44.758735947103695],[-0.5483937066123397,44.75930819921473],[-0.5455404187387606,44.760161394597034],[-0.5444840957301512,44.760703375604834],[-0.5412875345962765,44.76136438050322],[-0.5392090129598152,44.7615960488241],[-0.5382645174702737,44.76288929027271],[-0.5377725042140695,44.762803431629706],[-0.5373813951843897,44.76308973445551],[-0.5370760408534345,44.764391845704125],[-0.5366398368845736,44.7644958956787],[-0.5364746191000659,44.76508695860059],[-0.5354938682098752,44.76578516416928],[-0.5355249793601056,44.766279837574466],[-0.5349135206215055,44.76661477691177],[-0.5351006746263605,44.767780379511265],[-0.5344411540018287,44.768558443465906],[-0.5339519479665454,44.768637887015615],[-0.533080983626431,44.768052096152296],[-0.5313739121198203,44.76786320438611],[-0.5296057825294733,44.767910546708386],[-0.5294569394430358,44.76755480573741],[-0.5270447778241204,44.767217082939645],[-0.5269363712293499,44.76770718691703],[-0.526180185868362,44.767551020018],[-0.525677989520056,44.76761206593353],[-0.5252497665710345,44.768247527876056],[-0.5249425868492308,44.76839248442489],[-0.5241822302500272,44.76837161747252],[-0.5238367267418964,44.76891432101242],[-0.5236967326004701,44.76991010176516],[-0.5214507919066239,44.76919747295378],[-0.51918972780851,44.76965684671284],[-0.5177498065950817,44.76969357043846],[-0.5174496719308785,44.77015370301153],[-0.5160743059777518,44.77041365546773],[-0.5152319231266663,44.76989065639376],[-0.5139378342887694,44.769427041486814],[-0.5108938302669885,44.7690999969061],[-0.5110535414017636,44.76598579582721],[-0.5118727709639688,44.7592549077094],[-0.5116369562419967,44.757099511920075],[-0.5111725905792447,44.75553714157562],[-0.5121029986188391,44.74876669804964],[-0.5120369421266565,44.74710158420256],[-0.5115151611062431,44.74563116344377],[-0.5108198249211596,44.74441857884184],[-0.5098185593614114,44.74336889199483],[-0.506427977444031,44.74131346346039],[-0.5044938408552802,44.74050955918616],[-0.5015916897328352,44.73999758637095],[-0.502292057634456,44.73845242917393],[-0.5021785218020678,44.738050487008174],[-0.50002841046657,44.73682077442574],[-0.5010632316003947,44.735976988384316],[-0.5009132762346648,44.73539596056584],[-0.5000940979619826,44.73401601568796],[-0.4969726634829151,44.73098755989048],[-0.4972802702803182,44.730851676920956],[-0.4973840757175345,44.73048792498157],[-0.49812713078276133,44.7302391513319],[-0.4992688369668983,44.73030219693852],[-0.49968388784865164,44.72965824868246],[-0.500305533076578,44.72928713264547],[-0.5022421298852281,44.72891947682532],[-0.5035498333423503,44.72840046810314],[-0.5047069618822878,44.72769696217726],[-0.5053952717536395,44.72758504874903],[-0.5066659016243492,44.72768899305413],[-0.5074753262307985,44.72749212302465],[-0.5089870687515007,44.727408163285986],[-0.5100342197846557,44.72696942947163],[-0.5113558411000687,44.72667518060186],[-0.5135073598873287,44.72671505141148],[-0.5164676992201974,44.72654895071836],[-0.5215848524412969,44.725295826022695],[-0.5269385132645987,44.72358432536023],[-0.5271320477397229,44.72384851642073],[-0.5273212818630308,44.723842486045605],[-0.5286860721217999,44.72323123167728],[-0.5302438141255997,44.72287515220568],[-0.5317056452750002,44.72441462257924],[-0.5323618433574542,44.724799221588356],[-0.5342113067229178,44.726470484200576],[-0.5359206380686624,44.72912850482725],[-0.5402185235620148,44.73293840268257],[-0.5405540176948129,44.73364863624337],[-0.5405745554390516,44.735180026590626],[-0.5418255990965688,44.73496878001063],[-0.542711171849343,44.73638237336168],[-0.544088416715213,44.73616706316019],[-0.5445945230841629,44.737376501628596],[-0.5435213818442901,44.737401842947655],[-0.5439842289016688,44.73892809185477],[-0.5454444692099699,44.739025532528224],[-0.5451720463105417,44.741323325601584],[-0.5455380087677617,44.74131160692256],[-0.5456096110719577,44.74144449532261],[-0.5454438278077038,44.743026920374575],[-0.5465773382949667,44.74295456957714],[-0.5496121875617389,44.74315471637786],[-0.551934468576601,44.74268370828992],[-0.5527568987196327,44.742891636863],[-0.5537664737278425,44.7428592374085],[-0.5558873635003676,44.742403621037624],[-0.5577469307306671,44.74141563125972],[-0.5584858514174615,44.74230211261302],[-0.5616048921813371,44.7402371698321]]]}},{"type":"Feature","properties":{"zone_id":"261008000","commune":"SAINT-ROMAIN-LA-VIRVEE","zone_status":"exterior","has_raw_hourly_series":false,"is_observed_clean":false,"is_lozo_target":false,"sensor_count":0,"n_active_temporal_sensors":0,"selected_for_modeling":false,"temporal_quality":null,"map_status":"excluded_exterior","label_lat":44.95974635230953,"label_lon":-0.39734524796437215},"geometry":{"type":"Polygon","coordinates":[[[-0.41374925083902386,44.969900511464665],[-0.40947970394191485,44.970671397133096],[-0.40911870444205534,44.97099789065876],[-0.4089509859308677,44.97157980626843],[-0.40851840576764054,44.971773311555125],[-0.4081022412990885,44.97223667386336],[-0.40751977307540793,44.97247081821316],[-0.40681960765086445,44.97348360370774],[-0.4067267106051877,44.974252475975184],[-0.40592977795828245,44.97471848445854],[-0.40588108834320713,44.97517057927637],[-0.40552003890135485,44.975497061544964],[-0.4023988345298137,44.97511498551224],[-0.39954630246115413,44.97518422182606],[-0.3977415122354454,44.97473472000865],[-0.3949090098225067,44.973667712640655],[-0.3939552811973332,44.973642760241745],[-0.38968047813670825,44.97181758006818],[-0.3890441372701114,44.971791920786536],[-0.38697048440769377,44.970881824553075],[-0.38601463178872886,44.97082082253562],[-0.3855596881615606,44.97064542730483],[-0.385357814806443,44.97024603717023],[-0.38360216242284145,44.96934422148546],[-0.3857618984289509,44.967899636018096],[-0.38776854070392486,44.96623437283611],[-0.3882645052065086,44.96603901743998],[-0.38869889974752214,44.96566529759638],[-0.38885631645031393,44.96511978129233],[-0.38870419082057844,44.964493582270165],[-0.38816923043343565,44.963833993451686],[-0.387779895849894,44.96222371022067],[-0.3874386653924676,44.96182857262995],[-0.3869816150846951,44.96161720221517],[-0.38605154773465655,44.960510035829685],[-0.384773148832024,44.96035972316739],[-0.3832884138386243,44.959945319494516],[-0.382637183026494,44.959460473658126],[-0.38286666000818864,44.95779529839583],[-0.3831109889368706,44.95742738527221],[-0.3836168448090729,44.95718668859375],[-0.3835100432266046,44.956468987428266],[-0.381512009210327,44.9517534942315],[-0.38067811271506613,44.95118408066181],[-0.38065911877790426,44.9508692427449],[-0.3803921984362423,44.950652065387274],[-0.3798719276629411,44.950442593069795],[-0.38132836030668216,44.94892034015477],[-0.38212187336757736,44.94840053929567],[-0.38705595513979635,44.946889463650315],[-0.39096987402489436,44.94383221349902],[-0.3970118604704379,44.94679283222104],[-0.39932666440141285,44.94750608480644],[-0.3978678408126668,44.95023626438677],[-0.39807009201049687,44.951897293376966],[-0.3995935047155868,44.95190477359487],[-0.39977846365977554,44.95307067223698],[-0.4004985683027061,44.95364343149917],[-0.400820732863074,44.953723693346255],[-0.4014946597942751,44.95311728959609],[-0.40301144720480164,44.953224058725],[-0.40423508849751283,44.954772695495606],[-0.4053936452083306,44.95545816266566],[-0.40582172467619476,44.956445378673365],[-0.4062651327081458,44.956431789887425],[-0.4077630426594417,44.95580910191987],[-0.4080228960763215,44.956116554851505],[-0.40778866970747113,44.95643915784493],[-0.40819609093472575,44.95687726615305],[-0.40883328387084794,44.95712808550527],[-0.40855486558857984,44.9577674667366],[-0.40931711955475614,44.95798741218618],[-0.40916758458067404,44.95865888978974],[-0.4112433362769526,44.95960454994891],[-0.4104483079551947,44.9615575261434],[-0.4121668249218069,44.96205451899633],[-0.41280032608123574,44.96203506973077],[-0.41838696916887824,44.96060170349412],[-0.4300380887323878,44.95622334415211],[-0.43509328556021165,44.95462526754607],[-0.43504454875674375,44.95093179226459],[-0.4358177193803261,44.949880505618594],[-0.44248561150671056,44.95264816733641],[-0.44517431894135795,44.95199707912837],[-0.44512062248450646,44.95091728012131],[-0.44409521331848684,44.94662321563471],[-0.45126948597606825,44.94545433883169],[-0.4534281033953961,44.95062337713168],[-0.4549460731546655,44.95342406407696],[-0.4516357257254158,44.954491237446106],[-0.44978757513094547,44.955395771540665],[-0.4481518342932929,44.955834059917706],[-0.44631596850894467,44.95570174762083],[-0.4393872460392879,44.95820548138215],[-0.43495702993446916,44.95944197306317],[-0.4178408125288183,44.9664222874441],[-0.41430303329116847,44.9696131415445],[-0.41374925083902386,44.969900511464665]]]}},{"type":"Feature","properties":{"zone_id":"261009000","commune":"ASQUES","zone_status":"exterior","has_raw_hourly_series":false,"is_observed_clean":false,"is_lozo_target":false,"sensor_count":0,"n_active_temporal_sensors":0,"selected_for_modeling":false,"temporal_quality":null,"map_status":"excluded_exterior","label_lat":44.94857745897182,"label_lon":-0.4213848482329915},"geometry":{"type":"Polygon","coordinates":[[[-0.45126948597606825,44.94545433883169],[-0.44409521331848684,44.94662321563471],[-0.44512062248450646,44.95091728012131],[-0.44517431894135795,44.95199707912837],[-0.44248561150671056,44.95264816733641],[-0.4358177193803261,44.949880505618594],[-0.43504454875674375,44.95093179226459],[-0.43509328556021165,44.95462526754607],[-0.4300380887323878,44.95622334415211],[-0.41838696916887824,44.96060170349412],[-0.41280032608123574,44.96203506973077],[-0.4121668249218069,44.96205451899633],[-0.4104483079551947,44.9615575261434],[-0.4112433362769526,44.95960454994891],[-0.40916758458067404,44.95865888978974],[-0.40931711955475614,44.95798741218618],[-0.40855486558857984,44.9577674667366],[-0.40883328387084794,44.95712808550527],[-0.40819609093472575,44.95687726615305],[-0.40778866970747113,44.95643915784493],[-0.4080228960763215,44.956116554851505],[-0.4077630426594417,44.95580910191987],[-0.4062651327081458,44.956431789887425],[-0.40582172467619476,44.956445378673365],[-0.4053936452083306,44.95545816266566],[-0.40423508849751283,44.954772695495606],[-0.40301144720480164,44.953224058725],[-0.4014946597942751,44.95311728959609],[-0.400820732863074,44.953723693346255],[-0.4004985683027061,44.95364343149917],[-0.39977846365977554,44.95307067223698],[-0.3995935047155868,44.95190477359487],[-0.39807009201049687,44.951897293376966],[-0.3978678408126668,44.95023626438677],[-0.39932666440141285,44.94750608480644],[-0.40174853957381906,44.94789158250649],[-0.4058865939069752,44.948116298303816],[-0.4089085929675137,44.947726238680914],[-0.41115083607031716,44.94703560207327],[-0.41482012825854153,44.945607147100915],[-0.4173057643418811,44.944332131239925],[-0.42210823564152056,44.941516761128106],[-0.42949162457440987,44.93796365349504],[-0.4334197413669742,44.93642743298188],[-0.4359123035749888,44.93569249148412],[-0.43910958351031937,44.93507086123323],[-0.44107356620286586,44.93502807158256],[-0.44377112370355887,44.93577360363922],[-0.44618754767699714,44.937104571840884],[-0.44717559043290633,44.93790303956906],[-0.4480580444881082,44.93904723928199],[-0.45005865334571943,44.942689145403484],[-0.45126948597606825,44.94545433883169]]]}},{"type":"Feature","properties":{"zone_id":"251011000","commune":"CARIGNAN-DE-BORDEAUX","zone_status":"exterior","has_raw_hourly_series":false,"is_observed_clean":false,"is_lozo_target":false,"sensor_count":0,"n_active_temporal_sensors":0,"selected_for_modeling":false,"temporal_quality":null,"map_status":"excluded_exterior","label_lat":44.80963441950579,"label_lon":-0.47549005273331435},"geometry":{"type":"Polygon","coordinates":[[[-0.4529012344251103,44.825705542450606],[-0.4530126107649176,44.82525148008693],[-0.45095552679262985,44.82309860069454],[-0.44964023272796666,44.822094153928674],[-0.4491923711001829,44.82201796839631],[-0.44932829096021043,44.8209323179149],[-0.4500898831032989,44.8209626933711],[-0.45096348597086233,44.82075526908347],[-0.45182934300197813,44.820421912823505],[-0.4523226134440406,44.820001021034784],[-0.4524862695903528,44.818337742755354],[-0.4529506815470502,44.81724185704197],[-0.4539976902139897,44.81532576481677],[-0.45500200521399925,44.813951703669844],[-0.45587041157696767,44.81222139508216],[-0.4559734363592726,44.81163241272285],[-0.4566412847071604,44.81117000952878],[-0.457434795444004,44.809252773809234],[-0.45840619890973855,44.808375357270315],[-0.4589929877641453,44.80741981532501],[-0.4590217208636812,44.80665291091003],[-0.45850907993411744,44.805317129156364],[-0.4577792122479592,44.80456488097624],[-0.4568083053945933,44.80400939484051],[-0.4553222053892036,44.80228040153132],[-0.45449254408357226,44.8017565414685],[-0.45308902548605423,44.80157498068226],[-0.4524473182899868,44.80122548673083],[-0.4533539182752374,44.80053036964075],[-0.45593102386889445,44.80024277197441],[-0.45742044502101914,44.799763752936656],[-0.45779943909928206,44.79975192976151],[-0.4583241419640699,44.800050972978035],[-0.4586892950568858,44.799814282855365],[-0.45876685746537943,44.80004617009788],[-0.45914031535052524,44.79994439679764],[-0.4593408890879989,44.800118373461885],[-0.46060753278321626,44.800132903233234],[-0.4611649444458825,44.79993526080048],[-0.46170350977913543,44.79943180128001],[-0.4629982590029198,44.798670406154756],[-0.4633023180586415,44.79826438378313],[-0.46373614707869876,44.79811564865271],[-0.46410280640363616,44.7976986556057],[-0.46485577169263115,44.797594011657125],[-0.4652125604322301,44.79722238252148],[-0.4651959187583493,44.79695254712687],[-0.46616976291743556,44.796120038795266],[-0.46688261231077866,44.79516050819791],[-0.46846897175091323,44.79543529880242],[-0.4684703636407295,44.79422766509946],[-0.4688523705891403,44.79385523399184],[-0.46889331801275047,44.79349347767735],[-0.46867885732403963,44.79309465658418],[-0.4687844891402496,44.7925506385467],[-0.4692508737833985,44.79190520883093],[-0.47016696957455845,44.79116458871273],[-0.4709802135809069,44.791012953374086],[-0.47214479843796686,44.791427064081844],[-0.47274911852828594,44.79096654585936],[-0.4751223157595625,44.79045957905141],[-0.4751516611429482,44.79216190590196],[-0.47603418291067434,44.79210719183783],[-0.4789393914360783,44.79590016251755],[-0.48120722515434633,44.79593709286557],[-0.48372918249018837,44.795785750106454],[-0.48271120784003196,44.79671893905233],[-0.4837188320842786,44.797047748217835],[-0.4860303448117055,44.79901176898933],[-0.4866737046980629,44.799180782680274],[-0.4870847153571849,44.79988880987376],[-0.4876207420263326,44.8003676027404],[-0.4881837936209564,44.8014853938134],[-0.48882014040603755,44.80174473690138],[-0.4923962804693056,44.80246121746773],[-0.49584928920243593,44.80445216589109],[-0.49776453553701916,44.80471617776776],[-0.4980284158341095,44.80488809130442],[-0.4981658926251557,44.80546953576588],[-0.4739902726482287,44.825977669513655],[-0.4731753002005467,44.82611774783175],[-0.47332799241897494,44.82674380409779],[-0.47195381796839725,44.827048186877136],[-0.4654661882208543,44.826575233636966],[-0.46193820620986265,44.826658399942296],[-0.46180096633684575,44.82792435495791],[-0.45890646634110727,44.82678004696172],[-0.45572064589593925,44.82645581771505],[-0.4543884681922845,44.82620894595195],[-0.4529012344251103,44.825705542450606]]]}},{"type":"Feature","properties":{"zone_id":"259013000","commune":"BOURG","zone_status":"exterior","has_raw_hourly_series":false,"is_observed_clean":false,"is_lozo_target":false,"sensor_count":0,"n_active_temporal_sensors":0,"selected_for_modeling":false,"temporal_quality":null,"map_status":"excluded_exterior","label_lat":45.039210159057475,"label_lon":-0.5573082968879147},"geometry":{"type":"Polygon","coordinates":[[[-0.5603102102113464,45.061759406213035],[-0.5570081725994828,45.06063015964989],[-0.5554846413600935,45.060669809628585],[-0.5534042845052409,45.06095253684138],[-0.550157689450426,45.06089387104756],[-0.5501503961926233,45.060578648541444],[-0.54937692641255,45.0604140358773],[-0.5490929800176124,45.05974711291784],[-0.5475295281273903,45.05915701827016],[-0.5447339731607777,45.05778595794895],[-0.5446005503523242,45.05648332603434],[-0.544070132782026,45.05613969408004],[-0.5439480915899617,45.05581911255558],[-0.5438530656801893,45.054118688841115],[-0.542919913893597,45.05323808231967],[-0.5419324570498409,45.05250340398718],[-0.5386828330445026,45.051182707241814],[-0.5363155832081145,45.05074419702606],[-0.5352505995769123,45.04978660442428],[-0.5341094924654965,45.04701982915844],[-0.5320483035879336,45.04639126021178],[-0.5311838200137176,45.04578778711797],[-0.5304990885882205,45.04480907935884],[-0.5289126236121616,45.04364265259472],[-0.5255509850441786,45.042144896689095],[-0.5252560793023859,45.0412980187327],[-0.5245828398869381,45.04049917325408],[-0.522030621303879,45.03893062216875],[-0.5197547608535261,45.038317646807535],[-0.5201682282577011,45.037817879168465],[-0.5203566784733179,45.0359642960418],[-0.5181553787478881,45.03390689021709],[-0.5169755134169575,45.03171803025742],[-0.5149953158513456,45.032366423393505],[-0.5130739382711788,45.0325352476623],[-0.513403618885758,45.031308119152186],[-0.5132248995645216,45.03129573603573],[-0.5128483442442643,45.03177628591387],[-0.5098977502358247,45.03113935626829],[-0.509627125430193,45.03087750986412],[-0.5066295383998223,45.03050334700121],[-0.5067149562160901,45.02963543550626],[-0.5062315858189834,45.026180777699665],[-0.5063223543547498,45.02560110508849],[-0.5066859570724817,45.025319266020105],[-0.5118080195607558,45.0233011070574],[-0.516129257725839,45.02108269414898],[-0.5182046059673989,45.02053941396975],[-0.5188231364219691,45.02006921642025],[-0.5247562342199787,45.01722264482889],[-0.5257373120650208,45.01827309081812],[-0.5303406561021503,45.02175026091105],[-0.5330096886384155,45.023567246780296],[-0.5368102125238761,45.02578984499436],[-0.5471233673874937,45.02989590557043],[-0.5558512302748492,45.03403370291877],[-0.56611040575735,45.03604880946746],[-0.5740323290092646,45.03688526129248],[-0.575409400227022,45.03356928430441],[-0.5905716920062923,45.037894126933374],[-0.5878546811300867,45.04230806211195],[-0.5875403916388451,45.04236325873914],[-0.586448154578739,45.043371879011744],[-0.5859245059086775,45.04432611817879],[-0.5852359107857797,45.044889089255776],[-0.5851493869427172,45.04552279638551],[-0.5847871941319813,45.04602117165427],[-0.5837675698698435,45.04578361070838],[-0.581978984999381,45.04803137449321],[-0.5803013203663215,45.047445416273554],[-0.5789483453471764,45.04716445387674],[-0.5778215623359083,45.04624528754801],[-0.5776312437447506,45.04625140481979],[-0.5770830551885174,45.048017566022246],[-0.5761567329955888,45.04844390663403],[-0.5757258237532857,45.048863339297746],[-0.5754143601414843,45.0489634749809],[-0.5743929540642498,45.04889713369196],[-0.574401575547856,45.04903205333011],[-0.573457977551533,45.04918853231068],[-0.5730916833149868,45.04942561788043],[-0.5717530551901442,45.04936943418779],[-0.5708403945867291,45.050209892175666],[-0.569676856081571,45.05090516486886],[-0.5684839580547342,45.05133998661511],[-0.5681606629346114,45.05225165709933],[-0.5679801191732752,45.05400598053547],[-0.5674853156868872,45.05541886487944],[-0.5675156550711461,45.05609387359948],[-0.5677952792774498,45.056490501419745],[-0.5675999279971821,45.057614383970204],[-0.5682625096907834,45.058233078988664],[-0.5676016807495718,45.05923668329697],[-0.5651709829646717,45.05880981340999],[-0.5645633063787492,45.05945117288445],[-0.563767707654587,45.06113504726317],[-0.5634704827347915,45.06146001803563],[-0.5627798167070528,45.061797578370815],[-0.5603102102113464,45.061759406213035]]]}},{"type":"Feature","properties":{"zone_id":"251007000","commune":"SAINTE-EULALIE","zone_status":"exterior","has_raw_hourly_series":false,"is_observed_clean":false,"is_lozo_target":false,"sensor_count":0,"n_active_temporal_sensors":0,"selected_for_modeling":false,"temporal_quality":null,"map_status":"excluded_exterior","label_lat":44.9024012542791,"label_lon":-0.477906025416356},"geometry":{"type":"Polygon","coordinates":[[[-0.4842912105567476,44.915881704041844],[-0.4830063025666463,44.915615590734646],[-0.48291079263855485,44.91530315595013],[-0.48204013031571546,44.91660119005854],[-0.4811353636452169,44.91673770072577],[-0.47895029661679905,44.91750011422618],[-0.4772248237117731,44.91831118072489],[-0.47679138578357233,44.91868524081869],[-0.475995149422731,44.92036842049935],[-0.4758760542246096,44.92356249188207],[-0.47401991821084255,44.92370167152991],[-0.47350990868963216,44.92263615012916],[-0.472675203758682,44.92165287765738],[-0.4699322040698268,44.92242353559192],[-0.46904595065185717,44.92163110536072],[-0.46810490392668946,44.92118284470629],[-0.46822886947507547,44.92052108104088],[-0.4671834965134553,44.92043656013898],[-0.46752102393032313,44.919741094038415],[-0.4664497902884804,44.91964836189665],[-0.4665389977161905,44.918834478073165],[-0.46547124621165964,44.91900298255447],[-0.46388541893964313,44.9189983791089],[-0.463187336048435,44.91878583138451],[-0.46259264255545396,44.918398824477734],[-0.4600822348452545,44.917593867855366],[-0.4577202263416495,44.917342991266814],[-0.45637811881867024,44.916970207726244],[-0.4554636790643593,44.91653904251738],[-0.4558367250448041,44.91374268005336],[-0.45527809015197984,44.91249836209144],[-0.4552547212374578,44.91191329997189],[-0.4556506475837597,44.9111349484158],[-0.4582136622657767,44.90765758319665],[-0.45902356699832486,44.906190414134414],[-0.46156794825004577,44.90365080718687],[-0.46264126538439126,44.90213934793665],[-0.4635055915047354,44.898065934753475],[-0.4649260044777273,44.89848123442755],[-0.46551827989222627,44.898832247254894],[-0.4670192649521909,44.89870427654212],[-0.46734176523023874,44.89879333912178],[-0.46697938938911365,44.897443819156955],[-0.4672790844011769,44.897164095212524],[-0.4671907880796824,44.896761305535584],[-0.4662851319888059,44.895032215660976],[-0.46624900122234963,44.8944475541098],[-0.4664952871367843,44.89412443897719],[-0.46801923723496663,44.893139579233036],[-0.46945384670672025,44.891121091480066],[-0.4702857912862537,44.8912482940708],[-0.47100122151137347,44.891541352610865],[-0.47509432400118495,44.891305151745755],[-0.47485588129949297,44.89032127585077],[-0.4743039029264606,44.88939227435128],[-0.4757952018807691,44.88849844479117],[-0.4767467427030899,44.88891925535945],[-0.47856664375408514,44.88698770491341],[-0.47871888577832794,44.88617183697026],[-0.47860971219972076,44.88522897894218],[-0.4801888510931649,44.88371049205569],[-0.48135226450640517,44.88305216683912],[-0.481636552614819,44.882322274439865],[-0.48544338576194535,44.88259032134465],[-0.48861954081051356,44.881481168411916],[-0.489588529055401,44.88177514771761],[-0.48882143252114857,44.88309702330474],[-0.489753145430031,44.884014018123096],[-0.490009540140494,44.88406003013521],[-0.49422970164322316,44.88241319789776],[-0.49789690048517055,44.88592963605361],[-0.4990023255789304,44.88657972962723],[-0.5005492350305962,44.886990583926156],[-0.5028348040279665,44.88725193810013],[-0.5038208204456393,44.8878156314425],[-0.5016645413460976,44.890641440817504],[-0.5020351180296793,44.890891107911536],[-0.5018115501347562,44.89116853015436],[-0.4974727238394643,44.895189615653706],[-0.49587551389749324,44.897240048435954],[-0.4950277285678309,44.89868227661577],[-0.4917915001231259,44.90657974358844],[-0.4912135301708416,44.9074811232476],[-0.4895538141139024,44.90913748312485],[-0.4877367894506844,44.91152875318626],[-0.48782658543124047,44.91215679423083],[-0.4861656641765231,44.91338955810065],[-0.48474403252025444,44.913983926402814],[-0.48452702922696295,44.91498208788862],[-0.48420963564177516,44.915181304200296],[-0.4842912105567476,44.915881704041844]]]}},{"type":"Feature","properties":{"zone_id":"254010000","commune":"SAINT-JEAN-D'ILLAC","zone_status":"exterior","has_raw_hourly_series":false,"is_observed_clean":false,"is_lozo_target":false,"sensor_count":0,"n_active_temporal_sensors":0,"selected_for_modeling":false,"temporal_quality":null,"map_status":"excluded_exterior","label_lat":44.816621697911174,"label_lon":-0.7637212199412157},"geometry":{"type":"Polygon","coordinates":[[[-0.7280465168483624,44.80531382809915],[-0.7306599685175768,44.80308061153067],[-0.732463711842198,44.80766946219071],[-0.7352908140257348,44.80996026202336],[-0.7358922244362046,44.81148985666215],[-0.7424641207230036,44.8069833038698],[-0.7521269252215005,44.80368540027638],[-0.7586494925683731,44.80358920545123],[-0.7633851193285262,44.801764044215325],[-0.7680622397930076,44.801609173647684],[-0.773958856608123,44.79962589915259],[-0.7777115132330594,44.80069313591866],[-0.7795078305968516,44.80766528053859],[-0.7811329301509792,44.8120210591723],[-0.7864274106032917,44.80850778545354],[-0.7905334568992015,44.80729835942794],[-0.8011777832350495,44.806227999738894],[-0.7996146110216936,44.81045170408252],[-0.7986959919259472,44.81429629988185],[-0.7990120098497495,44.81655025599192],[-0.7978948114700727,44.81992473085417],[-0.7964197778054394,44.82295357721565],[-0.7963623677592816,44.82462407512715],[-0.7965625819239242,44.8247985510095],[-0.7887243624923231,44.826843163153534],[-0.7595372540547424,44.83244258172562],[-0.7537176148078243,44.83254960822085],[-0.7529834317301797,44.831988584313045],[-0.7512742858913516,44.83181206902148],[-0.7381001632937285,44.82932762433009],[-0.7358634038926961,44.82750119063109],[-0.7347558075934905,44.82684447637293],[-0.7335926263744059,44.825351383139555],[-0.7298602493732709,44.81987974041905],[-0.725956420195108,44.813530469626976],[-0.726429831225869,44.81035991460724],[-0.7280465168483624,44.80531382809915]]]}},{"type":"Feature","properties":{"zone_id":"254005000","commune":"CANEJAN","zone_status":"exterior","has_raw_hourly_series":false,"is_observed_clean":false,"is_lozo_target":false,"sensor_count":0,"n_active_temporal_sensors":0,"selected_for_modeling":false,"temporal_quality":null,"map_status":"excluded_exterior","label_lat":44.75007675143206,"label_lon":-0.6428311659685041},"geometry":{"type":"Polygon","coordinates":[[[-0.6564297136750691,44.746556955742],[-0.6561841897271639,44.74659661837248],[-0.6549149764573657,44.74768024183676],[-0.653977928342936,44.74806790734776],[-0.6519321608354536,44.75075554188805],[-0.6519613004989897,44.753197705568795],[-0.6514671080548083,44.75529915905656],[-0.6519245079753229,44.75856178865662],[-0.6526119702163397,44.76083382502688],[-0.6520289427037281,44.762193286087374],[-0.6515830419732983,44.762416170583876],[-0.6467456107359303,44.76263107832544],[-0.645650720960085,44.76317269836281],[-0.6420545519012482,44.764356995937575],[-0.6421122865729164,44.76322280389915],[-0.6431984420066876,44.76085280145833],[-0.6425521378750976,44.7606397308727],[-0.6412364426035351,44.759466288341635],[-0.640728037262252,44.759428926844265],[-0.6405503434518911,44.75961502099999],[-0.6395418688965846,44.7598644703171],[-0.6372170119691881,44.76127471600428],[-0.6368840804965303,44.759843629194094],[-0.6359473235768455,44.757486044261505],[-0.6351952150434055,44.757591848132094],[-0.6351983990895894,44.755293529663355],[-0.6316722409766307,44.75533712282434],[-0.6315314993700613,44.755116423731046],[-0.6304892287804799,44.754645893921634],[-0.6304184167270114,44.75433277536051],[-0.6307686099613673,44.75387967817951],[-0.6304981034848983,44.75204097047003],[-0.6317066201010244,44.750973909099],[-0.6342253160082783,44.749827790249896],[-0.6336318200025586,44.74808080340229],[-0.633532939071586,44.74713772871627],[-0.6340648010284683,44.745191585063516],[-0.6330525086355375,44.7440081106337],[-0.6326064060046732,44.74140910931611],[-0.6332928990787544,44.73989951324927],[-0.633387883389818,44.73823808889615],[-0.6341179008426737,44.73740299918725],[-0.6335895347448773,44.735879199388094],[-0.6369542880299435,44.73629143561176],[-0.6437474527076933,44.73809588345925],[-0.645686990361511,44.73895131519694],[-0.6494618723260681,44.74119726318276],[-0.6502211380044005,44.742569191390906],[-0.6591013989750941,44.74319535206607],[-0.6591160285250715,44.74342018577241],[-0.6576116800377738,44.744984023879056],[-0.6573943875638297,44.74553196298349],[-0.6564297136750691,44.746556955742]]]}},{"type":"Feature","properties":{"zone_id":"253012000","commune":"LEOGNAN","zone_status":"exterior","has_raw_hourly_series":false,"is_observed_clean":false,"is_lozo_target":false,"sensor_count":0,"n_active_temporal_sensors":0,"selected_for_modeling":false,"temporal_quality":null,"map_status":"excluded_exterior","label_lat":44.729545862184104,"label_lon":-0.6263689676059995},"geometry":{"type":"Polygon","coordinates":[[[-0.5865688451038005,44.753614026807824],[-0.5878603697580961,44.752468895929525],[-0.5884635418977746,44.750066421080255],[-0.5877721335915705,44.74836026790244],[-0.5874055828136401,44.745154212307014],[-0.5893499917049008,44.73877670814733],[-0.5919903702463377,44.738216569782836],[-0.595915575335826,44.7381519821142],[-0.5960323601970602,44.73868455998359],[-0.5967832914153997,44.73866078826968],[-0.5998407716363682,44.73808725891573],[-0.604190564288808,44.738128102902294],[-0.6106060605488752,44.73911611868431],[-0.6123858333230893,44.738165742629675],[-0.6160576413451028,44.734056618987765],[-0.6192232690800823,44.731214811577175],[-0.6209555099418342,44.72818026073528],[-0.6209805932111964,44.72591515778153],[-0.6213430608984875,44.723698884438114],[-0.6222893762752831,44.721463988879144],[-0.623686249845465,44.7197509908815],[-0.6253681169826316,44.71725424267478],[-0.6293004979679311,44.7159964811811],[-0.6334519029064912,44.71556579395637],[-0.637407449007389,44.71335360054399],[-0.6380671413900664,44.71321329235524],[-0.6410816130314213,44.71198450975275],[-0.6538059305465959,44.7057361546657],[-0.6575168869121502,44.70496120199239],[-0.6587450586764054,44.704564101434485],[-0.6607396443393105,44.70175874348255],[-0.6721712839288888,44.69571127351891],[-0.670639606888318,44.70084137026534],[-0.667454144059919,44.70024402946114],[-0.6664337393252304,44.70378374922954],[-0.6552916618994078,44.711822098480894],[-0.6546178632149711,44.71215078103618],[-0.6519756719328329,44.716230574230636],[-0.6511042363135979,44.718773833313485],[-0.6502469603570785,44.71919866508192],[-0.6501426218908332,44.72226637946873],[-0.6493940849165621,44.72358887408202],[-0.6405305731912344,44.724538686466],[-0.6393683092168794,44.72767721929931],[-0.6347951340276987,44.728512439753985],[-0.6333690462697584,44.72796443486555],[-0.6322938251403928,44.730108649174845],[-0.6372416593888739,44.73056804330522],[-0.6460985214940065,44.73106075657537],[-0.645986931818519,44.73128974662071],[-0.6383029883607667,44.736616633473446],[-0.6369542880299435,44.73629143561176],[-0.6335895347448773,44.735879199388094],[-0.6341179008426737,44.73740299918725],[-0.633387883389818,44.73823808889615],[-0.6332928990787544,44.73989951324927],[-0.6326064060046732,44.74140910931611],[-0.6327188802326675,44.74217148515204],[-0.6293715192607461,44.74242546580337],[-0.6292540349476407,44.742564504891455],[-0.6297781376661888,44.74547262413117],[-0.6267724799700197,44.747224183116685],[-0.6191785994408272,44.74813383800762],[-0.6189745053006583,44.74862190638759],[-0.6160648705155731,44.74857563674632],[-0.6152199364738907,44.749362861683316],[-0.6151433139616188,44.749695192801916],[-0.61318714864664,44.75231858210939],[-0.6091862874183533,44.756766201463115],[-0.608244831053304,44.75845517338205],[-0.6042321979716595,44.75762150265599],[-0.6014639722608092,44.75767903711195],[-0.5997995718167101,44.75872098953946],[-0.5984266963618471,44.75985791757453],[-0.5977481405800259,44.76066223338008],[-0.5970587764149098,44.76221436901681],[-0.5955450199773722,44.76221181416072],[-0.5954772689170508,44.761943641172444],[-0.5926671664084275,44.762317161430445],[-0.5922889846526918,44.76251050236976],[-0.5916164469849428,44.76333610645477],[-0.5900933137223722,44.76268548137976],[-0.5882825841247324,44.75781983737292],[-0.5874215206377095,44.7544452204474],[-0.5865688451038005,44.753614026807824]]]}},{"type":"Feature","properties":{"zone_id":"253008000","commune":"LEOGNAN","zone_status":"exterior","has_raw_hourly_series":false,"is_observed_clean":false,"is_lozo_target":false,"sensor_count":0,"n_active_temporal_sensors":0,"selected_for_modeling":false,"temporal_quality":null,"map_status":"excluded_exterior","label_lat":44.73592244615879,"label_lon":-0.5792838577510775},"geometry":{"type":"Polygon","coordinates":[[[-0.5937118816889585,44.728270850254944],[-0.5949763473418861,44.73280406766128],[-0.5946527707344802,44.7336485118628],[-0.5946383465807581,44.734423586654025],[-0.59514480215399,44.73685058716096],[-0.5959299500504949,44.73804725153924],[-0.5958787347454882,44.738152588958464],[-0.5919903702463377,44.738216569782836],[-0.5893499917049008,44.73877670814733],[-0.5874055828136401,44.745154212307014],[-0.5877721335915705,44.74836026790244],[-0.5884635418977746,44.750066421080255],[-0.5878603697580961,44.752468895929525],[-0.5865688451038005,44.753614026807824],[-0.585464685950623,44.75314357935137],[-0.5825076426970256,44.752955039505395],[-0.5814245202350612,44.75243131098244],[-0.5804763506900612,44.75053147803185],[-0.5791587091974144,44.75037533703747],[-0.5787434379655677,44.75066699149285],[-0.5785866551039944,44.75005376337185],[-0.5779734967418664,44.750157488634436],[-0.5777253224936127,44.74976361578826],[-0.5780241878023474,44.7495905527494],[-0.5768838446961043,44.7485188810789],[-0.5772963863925693,44.74738268212375],[-0.5763768035967488,44.74743942406537],[-0.5759081656975542,44.747229252805674],[-0.5715088340089175,44.74322049758659],[-0.5706067608000247,44.743360001112706],[-0.5683770473108651,44.7426943527707],[-0.5661126908595006,44.74236100334412],[-0.5656636408764566,44.74163131131219],[-0.562416776787035,44.74202509907154],[-0.5621898028261052,44.74188560454696],[-0.5610704904811747,44.7385871094801],[-0.5618089018774369,44.73806768684487],[-0.5627184296117042,44.737056095507334],[-0.5647246345181167,44.735792896689375],[-0.564889469633043,44.73520179780756],[-0.5652480525671574,44.73487482427894],[-0.5652895532356849,44.73433275754305],[-0.5673366492379908,44.73212191242872],[-0.5674631603953353,44.73112649660211],[-0.5681677542714099,44.73007639967376],[-0.5689462461370747,44.72919514648283],[-0.5700675782713563,44.72853714698333],[-0.5702396986421373,44.72826123032282],[-0.570120736545111,44.727183606536535],[-0.5704683918819541,44.72668573562226],[-0.5720048865329322,44.72579802989162],[-0.572724701732267,44.72518900656263],[-0.5731349236016432,44.72428355893253],[-0.5731206424325104,44.724058715546164],[-0.5726154580778093,44.724066010754115],[-0.5726109385154803,44.72379579143964],[-0.5722233427294426,44.723664106802744],[-0.5690410588121201,44.72311789234948],[-0.5667872175544956,44.722460563320354],[-0.5678832113363292,44.718960781366036],[-0.5694896150271783,44.71976910160271],[-0.5767133129002301,44.72103147259148],[-0.5830725552142816,44.72249942630325],[-0.5838491244770264,44.72289202486879],[-0.5852008267627592,44.72514341715869],[-0.5861735454344055,44.72734717646281],[-0.589362838814837,44.72822960529886],[-0.5903844422190427,44.72718435734371],[-0.5937118816889585,44.728270850254944]]]}},{"type":"Feature","properties":{"zone_id":"257009000","commune":"LE PIAN-MEDOC","zone_status":"exterior","has_raw_hourly_series":false,"is_observed_clean":false,"is_lozo_target":false,"sensor_count":0,"n_active_temporal_sensors":0,"selected_for_modeling":false,"temporal_quality":null,"map_status":"excluded_exterior","label_lat":44.960105521990194,"label_lon":-0.6403472662438098},"geometry":{"type":"Polygon","coordinates":[[[-0.6541296549660417,44.94098710066285],[-0.6557041785427188,44.94161143347036],[-0.6583900398833464,44.94426626096201],[-0.6614380309468743,44.94601560443936],[-0.6639072499984805,44.949213551911626],[-0.6646563898582126,44.95175170519136],[-0.6644847503804665,44.953008541215596],[-0.6616332174653444,44.954351459327086],[-0.6586599611221685,44.95510234249967],[-0.6560594380806087,44.95643705985106],[-0.6537289461281365,44.958060993962334],[-0.6493792383468407,44.96225212274758],[-0.6494087307256112,44.96403876091623],[-0.648783934675646,44.964773783250344],[-0.6475003347677296,44.96570862966386],[-0.6463502740367589,44.96610291778393],[-0.6435872925943472,44.97018346431811],[-0.6403447731388449,44.97332586212577],[-0.6379199076842204,44.97745503762045],[-0.6380696562934407,44.980661487430666],[-0.6378216562048701,44.98038687631362],[-0.6373392887739423,44.980781215524836],[-0.6342810896460288,44.980818133318785],[-0.6337914414680413,44.98012209231836],[-0.6336913135750256,44.97955753101693],[-0.6332394460505838,44.97924782257108],[-0.6303875491266573,44.97854782324666],[-0.6254759981518497,44.97800507169136],[-0.6259000566691558,44.97651307894472],[-0.6258748799926189,44.975928042995804],[-0.6254525377961726,44.97489628809509],[-0.6259833480548617,44.97289607601541],[-0.6259845931154239,44.97056162305382],[-0.6262703525874512,44.96987631332085],[-0.6269672167896783,44.96985357749624],[-0.6275883656354471,44.96709330304939],[-0.6286221485931868,44.964824292326185],[-0.62871970868921,44.96437044870997],[-0.6283303177520585,44.96423895016311],[-0.6281379432002666,44.96185674156997],[-0.6292426529756131,44.95911672486896],[-0.6283002750270583,44.95789466663683],[-0.6254905057694016,44.955669988757194],[-0.6245644720885586,44.9537173085926],[-0.6232492114300074,44.951633105982424],[-0.6226137989490133,44.94926535045876],[-0.6216367291135276,44.94730530711768],[-0.6239234416485491,44.94733890778175],[-0.6269354090387862,44.9479887216715],[-0.6306269898647583,44.948156582592475],[-0.6313100336618338,44.945574531282865],[-0.6328937072044126,44.94553177533488],[-0.6339680159838788,44.94473968283236],[-0.6387536200756044,44.944809706272615],[-0.6473868397235121,44.94259634615482],[-0.6485762267249666,44.9421516989812],[-0.6541296549660417,44.94098710066285]]]}},{"type":"Feature","properties":{"zone_id":"251003000","commune":"SAINT-LOUBES","zone_status":"exterior","has_raw_hourly_series":false,"is_observed_clean":false,"is_lozo_target":false,"sensor_count":0,"n_active_temporal_sensors":0,"selected_for_modeling":false,"temporal_quality":null,"map_status":"excluded_exterior","label_lat":44.9323610426807,"label_lon":-0.42706136011351553},"geometry":{"type":"Polygon","coordinates":[[[-0.42383645342040654,44.91001118535592],[-0.42574534605279246,44.9119324783926],[-0.425760149996759,44.912885302973244],[-0.4232811452031022,44.91561107371488],[-0.42235101913094975,44.91689017206117],[-0.4223569242229216,44.91769431395247],[-0.4211337558283521,44.92109725875899],[-0.4234923750882646,44.92197970552685],[-0.4253481620476312,44.92216226679393],[-0.42634961859848414,44.920672473751196],[-0.42885799653673773,44.92125241259391],[-0.43344111653402506,44.92287203875864],[-0.43503313856579423,44.92425398005823],[-0.43752358701740235,44.927336618596534],[-0.43945781970556724,44.92882734297592],[-0.43975083787258273,44.92881850144578],[-0.44401618115222585,44.925114926075835],[-0.4452790257574037,44.92379579576805],[-0.44573320882941203,44.92297773817964],[-0.4459291260736157,44.922048326969175],[-0.4450555385800092,44.92076397772789],[-0.4443467493030079,44.91872989416196],[-0.4451918746352507,44.91587141866272],[-0.4468293563853244,44.916778071423764],[-0.45138490931382,44.91723600378329],[-0.455155068158433,44.91718134740858],[-0.4556932582859725,44.91664729216895],[-0.4577202263416495,44.917342991266814],[-0.4600822348452545,44.917593867855366],[-0.46259264255545396,44.918398824477734],[-0.463187336048435,44.91878583138451],[-0.46388541893964313,44.9189983791089],[-0.46547124621165964,44.91900298255447],[-0.4665389977161905,44.918834478073165],[-0.4664497902884804,44.91964836189665],[-0.46582110607607763,44.91953279847757],[-0.4642024588756024,44.92269250924355],[-0.46525398509021143,44.922876001873306],[-0.464333819785322,44.92420246480371],[-0.4642666823578474,44.92516886637242],[-0.46467061689915407,44.92677846853766],[-0.464619662745263,44.92718560811998],[-0.46387032411328694,44.92799304115182],[-0.46479737116384673,44.92882930382624],[-0.46568059801822725,44.929982355427086],[-0.4669202426496491,44.930538482533805],[-0.46790428580556476,44.93167936065579],[-0.465887911662747,44.93313017414484],[-0.46516217027246765,44.93390984248384],[-0.4647480485542869,44.93377856267569],[-0.4634446139831503,44.936297573203476],[-0.4638202037382271,44.93642104754445],[-0.4635468585877233,44.93980015231514],[-0.4638501838862899,44.94060179968524],[-0.4640667083218296,44.942667870264685],[-0.4642705878930129,44.942886820567736],[-0.46366540643095333,44.944798263989895],[-0.4622688364979309,44.94478771507779],[-0.46164888218290817,44.945023324878804],[-0.46153333577737227,44.945207169728626],[-0.4616751097361968,44.94565336624287],[-0.4625761776482877,44.94585961032179],[-0.46284617241365933,44.94612156473179],[-0.46263576331773854,44.94702934880081],[-0.46220145036669436,44.94739436024502],[-0.4610160330399295,44.94792696272949],[-0.46040992495273486,44.94838743996478],[-0.45969224006529547,44.94930200067935],[-0.4588068787008409,44.949762149995074],[-0.4598417407403952,44.951928928459424],[-0.4549460731546655,44.95342406407696],[-0.4534281033953961,44.95062337713168],[-0.45005865334571943,44.942689145403484],[-0.4480580444881082,44.93904723928199],[-0.44717559043290633,44.93790303956906],[-0.44618754767699714,44.937104571840884],[-0.44377112370355887,44.93577360363922],[-0.44107356620286586,44.93502807158256],[-0.43910958351031937,44.93507086123323],[-0.4359123035749888,44.93569249148412],[-0.4334197413669742,44.93642743298188],[-0.42731657996164385,44.9389139535264],[-0.42210823564152056,44.941516761128106],[-0.4173057643418811,44.944332131239925],[-0.41482012825854153,44.945607147100915],[-0.41115083607031716,44.94703560207327],[-0.4089085929675137,44.947726238680914],[-0.4058865939069752,44.948116298303816],[-0.40174853957381906,44.94789158250649],[-0.39932666440141285,44.94750608480644],[-0.3970118604704379,44.94679283222104],[-0.39084321344508655,44.94383607875122],[-0.3836487187483257,44.93900874706847],[-0.3855018322302229,44.93670834252925],[-0.3876535198525858,44.93116354132204],[-0.3882048787342482,44.93084032349167],[-0.388909508454132,44.930954008558],[-0.38938845029156344,44.93027251908413],[-0.3905828792376347,44.929884607449885],[-0.39129817714491266,44.928916526862814],[-0.3913748851996499,44.927877820076105],[-0.3958129062780338,44.929310310311294],[-0.39732990979502325,44.92796621371521],[-0.40149747382334033,44.92368418715894],[-0.40199748815054753,44.92335345736107],[-0.404875725283481,44.922706527494064],[-0.4052970125183501,44.922333135738725],[-0.4057664856625484,44.92129138255219],[-0.4060666131970143,44.9210118217821],[-0.4073883428141062,44.920845115423404],[-0.408478129722327,44.91978431792064],[-0.40958031175866316,44.916425086224145],[-0.40965838404084726,44.915206079495626],[-0.4093452162851798,44.91370133888081],[-0.4107822668878197,44.91410908827404],[-0.4178942384478933,44.915266333534895],[-0.41906604770770567,44.915231184412384],[-0.42166547569258594,44.912412526172915],[-0.4229644879502923,44.91028824125276],[-0.42383645342040654,44.91001118535592]]]}}]}
